CODE,DESCRIPTION
01185,Pulmon TB NEC-histo dx
38010,Infec otitis externa NOS
27402,Chr gouty atrph wo tophi
80512,Fx c2 vertebra-open
11501,Histoplasm capsul mening
7242,Lumbago
17341,Bsl cell ca scalp/skn nk
43882,Late ef CV dis dysphagia
51630,Idiopath inters pneu NOS
E8117,Reentrant coll-pedest
84210,Sprain of hand NOS
1906,Malign neopl choroid
85100,Cerebral cortx contusion
38322,Chronic petrositis
9047,Injury leg vessels NEC
7825,Cyanosis
0846,Malaria NOS
80476,Opn skul/oth fx-coma NOS
7099,Skin disorder NOS
E0059,"Dancing,rhythm movements"
V8712,Contact/exposure benzene
E9308,Adv eff antibiotics NEC
81411,"Fx navicular, wrist-open"
7224,Cervical disc degen
8782,Opn wound scrotum/testes
60822,Intravag tors sperm cord
9876,Toxic eff chlorine gas
36321,Pars planitis
1400,Mal neo upper vermilion
80082,Opn skul vlt fx-brf coma
E9888,Undetermin circumst NEC
5738,Liver disorders NEC
34440,Monplga upr lmb unsp sde
V177,Family hx-arthritis
63551,Legal abort w shock-inc
23330,Ca in situ fem gen NOS
76502,Extreme immatur 500-749g
83949,Dislocat vertebra NEC-cl
33393,Bnign shuddering attacks
40290,Hyp hrt dis NOS w/o hf
36410,Chr iridocyclitis NOS
E8106,Mv-train coll-ped cycl
3561,Peroneal muscle atrophy
5720,Abscess of liver
20126,Hodgkins sarcoma pelvic
7632,Forceps delivery aff NB
V4574,Acq absence urinary trct
9511,Injury trochlear nerve
E8268,Ped cycle acc-pers NEC
37311,Hordeolum externum
7081,Idiopathic urticaria
E9385,Adv eff topic/infil anes
63650,Illeg abort w shock-unsp
5881,Nephrogen diabetes insip
63760,Ab NOS w embolism-unsp
65474,Abnorm vagina-postpartum
65970,Abn ftl hrt rate/rhy-uns
80076,Opn skul vlt fx-coma NOS
9738,Poisoning-gi agents NEC
33520,Amyotrophic sclerosis
65440,Abn grav uterus NEC-unsp
1461,Mal neo tonsillar fossa
99833,Disrpt trauma wound repr
65690,Fet/plac prob NOS-unspec
78836,Nocturnal enuresis
74902,Unilat cleft palate-inc
30502,Alcohol abuse-episodic
71689,Arthropathy NEC-mult
66460,Anal sphincter tear NOS
V167,Fam hx-lymph neoplas NEC
83950,Disloc vertebra NOS-open
1574,Mal neo islet langerhans
71898,Jt derangment NOS-oth jt
1550,"Mal neo liver, primary"
80395,Opn skl fx NEC-deep coma
36451,Progressive iris atrophy
9848,Tox eff lead compnd NEC
3312,Senile degenerat brain
80180,Opn skul base fx/hem NEC
2651,Thiamine defic NEC/NOS
53251,Chr duoden ulc perf-obst
80040,Cl skl vlt fx/br inj NEC
81318,Fx up radius w ulna-open
67652,Suppr lactat-del w p/p
83905,Disloc 5th cerv vert-cl
6920,Detergent dermatitis
73002,Ac osteomyelitis-up/arm
80494,Opn skl/oth fx-prol coma
75670,Congn anoml abd wall NOS
4579,Noninfect lymph dis NOS
1518,Malig neopl stomach NEC
36311,"Dissem choroiditis, post"
1623,Mal neo upper lobe lung
29382,Psy dis w halluc oth dis
80044,Cl skl vlt fx-proln coma
65880,Amniotic prob NEC-unspec
01085,Prim prg TB NEC-histo dx
8408,Sprain shoulder/arm NEC
80426,Cl skl w oth fx-coma NOS
1875,Malig neo epididymis
05609,Rubella nerve compl NEC
32724,Idiopath sleep hypovent
V6544,Hiv counseling
5845,"Ac kidny fail, tubr necr"
90239,Inj port/splen vess NEC
E9886,Undet circ-aircrft crash
E914,FB entering eye
78947,Abdmnal rgdt generalized
74732,Pulmonary AV malformatn
45183,Phlbts deep vn up extrm
E9621,Assault-pois w solid/liq
90089,Inj head/neck vessel NEC
0783,Cat-scratch disease
71504,Gen osteoarthros-hand
V016,Venereal dis contact
01656,TB male gen NEC-oth test
94344,Deep 3 deg burn axilla
3220,Nonpyogenic meningitis
73622,Swan-neck deformity
71947,Joint pain-ankle
6267,Postcoital bleeding
64230,Trans hyperten preg-unsp
37110,Corneal deposit NOS
86813,Peritoneum injury-open
9222,Contusion abdominal wall
9061,Late eff open wnd extrem
4838,Pneumon oth spec orgnsm
70712,Ulcer of calf
8962,"Amputation foot, bilat"
29552,Latent schizophren-chr
7616,Maternal death aff NB
3013,Explosive personality
E9856,Undetrmine accid-air gun
56200,Dvrtclo sml int w/o hmrg
V663,Mental dis convalescence
72283,Postlaminect synd-lumbar
73811,Zygomatic hyperplasia
67451,Peripartum cardiomy-del
20481,Oth lym leuk w rmsion
V118,Hx-mental disorder NEC
2239,Benign neo urinary NOS
24971,Sec DM circ uncontrld
41031,"AMI inferopost, initial"
7785,Edema of newborn NEC/NOS
8710,Ocular lac w/o prolapse
V1200,Prsnl hst unsp nfct prst
70589,Sweat gland disorder NEC
37220,Blepharoconjunctivit NOS
57149,Chronic hepatitis NEC
99693,Compl reattached finger
01184,Pulmon TB NEC-cult dx
37007,Mooren's ulcer
65351,Fetal disprop NOS-deliv
75247,Longitud vaginal septum
38631,Serous labyrinthitis
79676,Pap smr anus-cytol malig
9780,Poisoning-bcg vaccine
0987,Gc infect anus & rectum
28803,Drug induced neutropenia
92709,Crush inj shoulder & arm
2242,Ben neo lacrimal gland
27503,Hemochromatosis NEC
70581,Dyshidrosis
E9361,Adv eff hydantoin deriv
37100,Corneal opacity NOS
V5867,Long-term use of insulin
7722,NB subarachnoid hemorr
09959,Oth VD chlm trch spcf st
74720,Cong anom of aorta NOS
6101,Diffus cystic mastopathy
04089,Bacterial diseases NEC
V2641,Natrl family plan counsl
2114,Benign neopl rectum/anus
E0001,Military activity
7091,Vascular disord of skin
1769,Kaposi's sarcoma NOS
30723,Tourette's disorder
4270,Parox atrial tachycardia
V2649,Procr mgmt cnsl/adv NEC
5528,"Hernia, site NEC w obstr"
1513,Mal neo stomach fundus
94111,1st deg burn ear
7672,Clavicle fx at birth
30029,Isolated/spec phobia NEC
E8155,Mv coll w obj-anim rider
94536,3rd deg burn thigh
V5832,Attn removal of sutures
80172,Opn skl base fx-brf coma
83805,Disl metatarsophalang-cl
30501,Alcohol abuse-continuous
7880,Renal colic
09811,Gc cystitis (acute)
99584,Adult neglect-nutrition
80489,Opn skull/oth fx-concuss
71919,Hemarthrosis-mult jts
V4987,Physical restrain status
4870,Influenza with pneumonia
65452,Cerv incompet-del w p/p
1361,Behcet's syndrome
73396,Stress fx femoral neck
9559,Inj nerve shldr/arm NOS
71740,Derang lat meniscus NOS
60881,Male gen dis in oth dis
72669,Enthesopathy of knee NEC
80100,Clos skull base fracture
9914,Immersion foot
V488,Prob-head/neck/trunk NEC
87271,Open wnd ear drum-compl
7956,False pos sero test-syph
2708,Dis amino-acid metab NEC
E8738,Failure in dosage NEC
85224,Subdural hem-prolng coma
E972,Legal intervent-gas
V6120,Cnsl prnt-chld prob NOS
25020,DMII hprsm nt st uncntrl
7633,Vacuum extrac del aff NB
3490,Lumbar puncture reaction
83101,Ant disloc humerus-close
32727,Cntrl sleep apnea ot dis
20580,Oth my leuk wo achv rmsn
45111,Femoral vein phlebitis
71186,Inf arthritis NEC-l/leg
E8769,Medical misadventure NOS
71998,Joint dis NOS-oth jt
9106,Foreign body head
71681,Arthropathy NEC-shlder
E8338,W/crf stair fall-per NEC
V184,Fm hx-intellect disablty
75244,Cervical duplication
78949,Abdmnal rgdt oth spcf st
80480,Opn skl w oth fx/hem NEC
17330,Mal neo skn face NEC/NOS
80389,Opn skull fx NEC-concuss
83651,Ant disloc prox tibia-cl
8221,Fracture patella-open
72813,Postop heterotopic calc
76381,Ab ftl hrt rt/rh b/f lab
4730,Chr maxillary sinusitis
64244,Mild/NOS preeclamp-p/p
77081,Primary apnea of newborn
01520,TB of knee-unspec
8742,Open wound thyroid gland
20972,Sec neuroend tumor-liver
74102,Spin bif w hydrceph-dors
90302,Injury axillary vein
70720,"Pressure ulcer,stage NOS"
94346,Deep 3 deg burn scapula
7366,Acq knee deformity NEC
V3600,Mult lb/sb-in hos w/o cs
01614,TB of bladder-cult dx
94339,3rd deg burn arm-mult
3950,Rheumat aortic stenosis
E8559,Acc poison-cns drug NOS
9786,Pois-pertussis vaccine
2100,Benign neoplasm lip
73096,Bone infect NOS-l/leg
9153,Blister finger-infected
83302,Disloc radiocarpal-clos
30411,"Sed,hyp,anxiolyt dep-con"
01500,TB of vertebra-unspec
37801,Monocular esotropia
36254,Macular cyst or hole
E8252,Mv n-traf acc NEC-mocycl
E8300,Boat acc w submers-unpow
8460,Sprain lumbosacral
78059,Sleep disturbances NEC
61889,Genital prolapse NEC
5679,Peritonitis NOS
52457,Lack post occlsl support
E9325,Adv eff post pituitary
71132,Dysenter arthrit-up/arm
4296,Papillary muscle rupture
81200,Fx up end humerus NOS-cl
5999,Urinary tract dis NOS
20960,Ben crcnd prim site unkn
22804,Hemangioma intra-abdom
1149,Coccidioidomycosis NOS
7429,Nervous system anom NOS
37963,"Inflam postproc bleb, 3"
73309,Osteoporosis NEC
V0752,Use aromatase inhibitors
53089,Other dsrders esophagus
28261,Hb-SS disease w/o crisis
2645,Vit A night blindness
E8143,Mv coll w ped-mcycl psgr
V2386,Preg-hx in utro prev prg
84212,Sprain metacarpophalang
29666,Bipol I cur mixed remiss
46401,Ac laryngitis w obstruct
30420,Cocaine depend-unspec
64933,Coagulation def-antepart
66951,Forcep deliv NOS-deliver
20088,Mixed lymphosarc mult
37882,Spasm of conjugate gaze
72783,Plica syndrome
01794,TB of organ NEC-cult dx
72632,Lateral epicondylitis
66410,Del w 2 deg lacerat-unsp
30431,Cannabis depend-contin
1530,Mal neo hepatic flexure
E8387,W/crft-military NEC/NOS
80041,Cl skull vlt fx w/o coma
V065,Vaccination for Td-DT
76064,Prev matern surg aff NB
01394,Cns TB NOS-cult dx
0228,Other anthrax manifest
85233,Opn subdur hem-mod coma
01783,TB esophagus-micro dx
40401,Mal hyp ht/kd I-IV w hf
72630,Elbow enthesopathy NOS
2513,Postsurg hypoinsulinemia
81352,Fx distal radius NEC-opn
66213,Prolong labor NOS-antepa
30089,Somatoform disorders NEC
65412,Uterine tumor-del w p/p
E9463,Adv eff emollient/demulc
V469,Machine dependence NOS
85303,Brain hem NEC-mod coma
E8443,Aircrft acc NEC-pasngr
51889,Other lung disease NEC
80149,Cl skull base fx-concuss
33903,Episdc paroxyml hemicran
V618,Family circumstances NEC
2229,Ben neo male genital NOS
0740,Herpangina
20018,Lymphosarcoma mult
80143,Cl skul base fx-mod coma
5824,Chr rapid progr nephrit
7137,Arthrop w system dis NEC
0559,Measles uncomplicated
0041,Shigella flexneri
7520,Anomalies of ovaries
71937,Palindrom rheum-ankle
38030,Disorder of pinna NOS
27919,Defic cell immunity NOS
11593,Histoplasmosis pericard
20810,Ch leu un cl wo ach rmsn
1370,"Late effect tb, resp/NOS"
E0095,Grass drills
71292,Cryst arthrop NOS-up/arm
80459,Opn skull/oth fx-concuss
V1541,Hx of physical abuse
81113,"Fx scap, glen cav/nck-op"
V7381,Special screen exam HPV
71935,Palindrom rheum-pelvis
6073,Priapism
37234,Pingueculitis
99640,Cmp int orth dev/gft NOS
6081,Spermatocele
09833,"Gc orchitis, chronic"
E9383,Adv eff intraven anesth
7560,Anomal skull/face bones
V658,Reason for consult NEC
34672,Ch mgr wo ara wo nt w st
36974,One eye-mod/other-unknwn
E8107,Mv-train coll-pedest
86380,GI injury NOS-closed
E9555,Injury-explosives
V8532,"BMI 32.0-32.9,adult"
V4965,Status amput below elbow
5848,Acute kidney failure NEC
9170,Abrasion foot & toe
2382,Unc behav neo skin
36634,Cataract in degen dis
81259,Fx lower humer NEC-open
27941,Autoimmun lymphprof synd
74366,Spec anomaly of orbit
79402,Abn electroencephalogram
37640,Deformity of orbit NOS
36227,"Retinoph prematr,stage 5"
E9431,Adv eff irrit cathartic
E8289,Ridden anim acc-pers NOS
94506,Burn NOS thigh
V031,Vacc-typhoid-paratyphoid
73005,Ac osteomyelitis-pelvis
V1659,Fam hx-urinry malig NEC
0310,Pulmonary mycobacteria
80130,Cl skull base fx/hem NEC
80516,Fx c6 vertebra-open
1974,Sec malig neo sm bowel
9090,Late eff drug poisoning
5765,Spasm sphincter of oddi
3063,Psychogenic skin disease
33510,Spinal muscl atrophy NOS
E8725,Fail sterile catheter
2690,Deficiency of vitamin k
E8119,Reentrant coll-pers NOS
E9059,Venomous bite/sting NOS
7533,Kidney anomaly NEC
2355,Unc behav neo GI NEC
7961,Abnormal reflex
E8660,Acc poisoning-lead
65681,Fet/plac prob NEC-deliv
01305,TB meningitis-histo dx
28249,Thalassemia NEC
73001,Ac osteomyelitis-shlder
34683,Oth mgr w ntrc w st mgr
6021,Prostatic congest/hemorr
V392,Liveborn NOS-nonhosp
67690,Lactation dis NOS-unspec
01572,TB of bone NEC-exam unkn
9695,Poison-tranquilizer NEC
01881,Miliary TB NEC-no exam
83813,Disl tarsometatarsal-opn
6185,Postop vaginal prolapse
38802,Trans ischemic deafness
66200,Prolonged 1st stage-unsp
0830,Q fever
20051,Primary CNS lymph head
37856,Total ophthalmoplegia
E0192,Groom/shearing animal
71906,Joint effusion-l/leg
80192,Opn skl base fx-brf coma
2332,Ca in situ uterus NEC
74348,Mult anom anter seg-eye
32733,Circadian rhym-irreg slp
37734,Toxic optic neuropathy
81302,Fx coronoid proc ulna-cl
52455,Centric occl intrcsp dis
V682,Request expert evidence
9742,Pois-h2co3 anhydra inhib
0078,Protozoal intest dis NEC
42789,Cardiac dysrhythmias NEC
71824,Pathol dislocat-hand
7392,Somat dysfunc thorac reg
7211,Cerv spondyl w myelopath
2647,Vit A ocular defic NEC
72981,Swelling of limb
20118,Hodgkins granulom mult
20008,Reticulosarcoma mult
37701,Papilledema w incr press
27542,Hypercalcemia
30593,Drug abuse NEC-in remiss
52406,Microgenia
72789,Synov/tend/bursa dis NEC
7424,Brain anomaly NEC
01605,TB of kidney-histo dx
V652,Person feigning illness
77439,Delay conjugat jaund NEC
29565,Schizoph dis resid-remis
01213,TB thorax node-micro dx
66894,Anesth compl-postpartum
65250,High head at term-unspec
V0179,Viral dis contact NEC
5770,Acute pancreatitis
E8319,Boat inj NEC-person NOS
3348,Spinocerebellar dis NEC
56987,Vomiting of fecal matter
37312,Hordeolum internum
E9989,War inj:after cease NOS
30553,Opioid abuse-in remiss
4220,Ac myocardit in oth dis
1304,Toxoplasma pneumonitis
70709,"Pressure ulcer, site NEC"
37520,Epiphora NOS
67133,Deep vein thromb-antepar
36869,Night blindness NEC
09949,Nongc urth oth spf orgsm
2564,Polycystic ovaries
V6081,Foster care (status)
67430,Ob surg compl NEC-unspec
71174,Helminth arthrit-hand
67684,Lactat dis NEC-postpart
80031,Cl skull vlt fx w/o coma
01636,TB urinary NEC-oth test
7682,Fet distress befor labor
20022,Burkitt's tumor thorax
36476,Iridodialysis
4219,Ac/subac endocardit NOS
67521,Mastitis-delivered
9581,Fat embolism
70582,Fox-fordyce disease
37453,Hypopigmentation lid
2452,Chr lymphocyt thyroidit
30252,"Trans-sexual, homosexual"
84219,Sprain of hand NEC
9982,Accidental op laceration
01483,Intestin TB NEC-micro dx
3885,Acoustic nerve disorders
V452,Ventricular shunt status
V212,Adolescence growth NEC
42511,Hyprtrophc obst cardiomy
5809,Acute nephritis NOS
1276,Trichostrongyliasis
V753,Screen-trypanosomiasis
43842,Lt ef-mplga lowlmb nondm
76493,Fet growth ret 750-999g
65701,Polyhydramnios-delivered
E8166,Loss control mv-ped cycl
07272,Mumps polyneuropathy
71883,Jt derangmnt NEC-forearm
9962,Malfun neuro device/graf
36362,Expulsive choroid hemorr
3301,Cerebral lipidoses
67383,Pulmon embol NEC-antepar
66440,Ob perineal lac NOS-unsp
5194,Disorders of diaphragm
9849,Tox eff lead compnd NOS
V064,Vac-measle-mumps-rubella
E9818,Undet pois-util gas NEC
35929,Myotonic disorder NEC
52519,Loss of teeth NEC
2662,B-complex defic NEC
72887,Muscle weakness-general
0053,Food pois: clostrid NEC
20061,Anaplastic lymph head
7140,Rheumatoid arthritis
09381,Syphilitic pericarditis
71173,Helminth arthrit-forearm
E9909,War injury:fire NEC
V1583,Hx underimmunizn status
37835,Accommodative esotropia
99989,Transfusion reaction NEC
42654,Trifascicular block
75251,Undescended testis
96901,Pois monoamine oxidase
72471,Hypermobility of coccyx
8053,Fx dorsal vertebra-open
30533,Hallucinog abuse-remiss
2808,Iron defic anemia NEC
3201,Pneumococcal meningitis
7458,Septal closure anom NEC
41411,Aneurysm coronary vessel
9916,Hypothermia
3212,Mening in oth viral dis
01654,TB male gen NEC-cult dx
38129,Chr mucoid OM NEC
6803,Carbuncle of arm
79414,Abn oculomotor studies
01550,TB of limb bones-unspec
75452,Metatarsus primus varus
E0073,Baseball
9252,Crush inj neck
E8912,Fire in bldg-fumes NOS
66223,Prolong 2nd stage-antepa
2248,Benign neoplasm eye NEC
94895,90% + bdy brn/50-59% 3rd
V2540,Contracept surveill NOS
82003,Fx base femoral nck-clos
2454,Iatrogenic thyroiditis
20782,Oth spf leuk in relapse
9840,Tx eff inorg lead compnd
587,Renal sclerosis NOS
37020,Superfic keratitis NOS
316,Psychic factor w oth dis
29283,Drug persist amnestc dis
V079,Prophyl or tx meas NOS
V4571,Acq absnce breast/nipple
85120,Cerebral cortex lacerat
01610,TB of bladder-unspec
9944,Exhaustion-exposure
75557,Macrodactylia (fingers)
86402,"Liver laceration, minor"
4551,Int thrombos hemorrhoid
E9200,Acc-powered lawn mower
36104,Part detach-dialysis
81231,Fx humerus shaft-open
67613,Cracked nipple-antepart
20254,Letterer-siwe dis axilla
00324,Salmonella osteomyelitis
E8350,W/craft fall NOS-unpow
2397,Endocrine/nerv neo NOS
0272,Pasteurellosis
1943,Malig neo pituitary
67100,Varic vein leg preg-unsp
E0139,Househld maintenance NEC
V4283,Trnspl status-pancreas
80462,Opn skul/oth fx-brf coma
8601,Traum pneumothorax-open
36855,Acq color deficiency
E9274,Cumltv trma-repetv impct
0363,Meningococc adrenal synd
1968,Mal neo lymph node-mult
94356,3rd burn w loss-scapula
71871,Dev dislocat joint-shldr
7382,Acq neck deformity
5361,Ac dilation of stomach
83652,Post disl prox tibia-cl
76521,<24 comp wks gestation
99832,Disrup-external op wound
9623,Poison-insulin/antidiab
45373,Ch emblsm up ext NOS
2706,Dis urea cycle metabol
01620,TB of ureter-unspec
75323,Congenital ureterocele
2761,Hyposmolality
0093,Diarrhea of infect orig
9531,Dorsal root injury
83111,Ant disloc humerus-open
01701,TB skin/subcut-no exam
V702,Gen psychiatric exam NEC
76510,Preterm infant NEC wtNOS
V5339,Ftng oth cardiac device
1303,Toxoplasma myocarditis
6171,Ovarian endometriosis
37881,Palsy of conjugate gaze
E8160,Loss control mv acc-driv
3669,Cataract NOS
37501,Acute dacryoadenitis
05882,Human herpesvirus 7 infc
85189,Brain lacer NEC-concuss
7393,Somat dysfunc lumbar reg
01090,Primary TB NOS-unspec
37210,Chr conjunctivitis NOS
V8744,Hx inhaled steroid thrpy
5169,Alveol pneumonopathy NOS
71133,Dysenter arthrit-forearm
46431,Ac epiglottitis w obstr
1029,Yaws NOS
7201,Spinal enthesopathy
01404,TB peritonitis-cult dx
92401,Contusion of hip
E8918,Fire in bldg-accid NEC
17379,Mal neo skin low lmb NEC
80154,Op skl base fx-prol coma
1725,Malig melanoma trunk
2166,Benign neo skin arm
05671,Arthritis due to rubella
7802,Syncope and collapse
0839,Rickettsiosis NOS
78659,Chest pain NEC
25002,DMII wo cmp uncntrld
29503,Simp schiz-subchr/exacer
V024,Diphtheria carrier
94544,Deep 3rd deg brn low leg
8170,Multiple fx hand-closed
V414,Voice production problem
71102,Pyogen arthritis-up/arm
V415,Smell and taste problem
01764,TB of adrenal-cult dx
75501,"Polydactyly, fingers"
7387,Cauliflower ear
0971,Latent syphilis NOS
9472,Burn of esophagus
28802,Cyclic neutropenia
7929,Abn find-body subst NEC
7885,Oliguria & anuria
7470,Patent ductus arteriosus
E9310,Adv eff sulfonamides
E9937,War inj:acc disch launch
38533,Cholestma mid ear/mstoid
79419,Abn periph nerv stud NEC
67693,Lactat dis NOS-antepart
2244,Benign neoplasm cornea
E0131,Laundry
01192,Pulmon TB NOS-exam unkn
37160,Keratoconus NOS
5693,Rectal & anal hemorrhage
78869,Oth abnormalt urination
0059,Food poisoning NOS
E9009,Excessive heat NOS
37411,Senile ectropion
85305,Brain hem NEC-deep coma
01674,TB fem gen NEC-cult dx
44629,Hypersensit angiitis NEC
5733,Hepatitis NOS
37515,Tear film insuffic NOS
85134,Opn cortx lac-proln coma
7554,Reduct deform limb NOS
63732,Ab NOS w renal fail-comp
71917,Hemarthrosis-ankle
E9479,Adv eff medicinal NOS
83112,Post disloc humerus-open
V1046,Hx-prostatic malignancy
9192,Blister NEC
76504,Extreme immat 1000-1249g
5187,Transfsn rel ac lung inj
94245,Deep 3rd burn genitalia
86356,Colon inj mult site-open
87349,Open wound of face NEC
7210,Cervical spondylosis
71608,Kaschin-beck dis NEC
51634,Resp brncio interst lung
8281,Fx legs w arm/rib-open
75481,Pectus excavatum
E915,FB entering oth orifice
0829,Tick-borne ricketts NOS
94152,3rd deg burn w loss-eye
36023,Siderosis
V5411,Aftrcare traum fx up arm
E9133,Cave-in NOS
67484,Puerp compl NEC-postpart
V273,"Del-twins, 1 nb, 1 sb"
37630,Exophthalmos NOS
6261,Scanty menstruation
80491,Opn skul/oth fx w/o coma
80371,Opn skul fx NEC w/o coma
81230,Fx humerus NOS-open
1478,Mal neo nasopharynx NEC
E8767,Rt proc-wrong side/part
37818,Alt exotrop w x/y pattrn
7222,Disc displacement NOS
7612,Oligohydramnios aff NB
E8845,Fall from furniture NEC
73015,Chr osteomyelit-pelvis
V1869,Fam hx-kidney dis NEC
85199,Open brain lacer-concuss
6380,Attem abort w pelvic inf
V5974,Egg donor age 35+ desig
6925,Topical food dermatitis
7522,Doubling of uterus
5269,Jaw disease NOS
2335,Ca in situ penis
9828,Toxic eff nonpetrol solv
44032,Ath ext nonautlg bps gft
64741,Malaria-delivered
2223,Benign neo epididymis
80435,Cl skul/oth fx-deep coma
1910,Malign neopl cerebrum
67644,Lactation fail-postpart
V068,Vac-dis combinations NEC
29560,Schizophr dis resid NOS
75015,Cong macroglossia
E0033,Cross country skiing
81320,Fx shaft forearm NOS-cl
20881,Oth leuk uns cl w rmson
65403,Congen abn uter-antepart
7582,Edwards' syndrome
71155,Viral arthritis-pelvis
01590,TB bone/joint NOS-unspec
75528,Longitudinal defic hand
30982,Adjust react-phys sympt
9393,Foreign body penis
56989,Intestinal disorders NEC
8973,"Amput abv kn, unil-compl"
65673,Oth placent cond-antepar
64690,Preg compl NOS-unspec
86340,Colon injury NOS-closed
3841,Chronic myringitis
E9934,War inj:vehicle IED
80513,Fx c3 vertebra-open
74687,Malposition of heart
V660,Surgical convalescence
V486,Disfigurements of head
01091,Primary TB NOS-no exam
86403,"Liver laceration, mod"
71141,Bact arthritis-shlder
25012,DMII ketoacd uncontrold
29381,Psy dis w delus oth dis
E9929,War inj:marine weapn NOS
38812,Hearing loss d/t noise
E8623,Acc pois-petroleum solid
82531,Fx astragalus-open
20078,Large cell lymph multip
38160,Obstr eustach tube NOS
04143,Shga txn prod E.coli NOS
71916,Hemarthrosis-l/leg
69012,Sbrheic infantl drmtitis
75520,Reduc deform up limb NOS
36570,Glaucoma stage NOS
6251,Vaginismus
V6543,Counseling injry prevent
90183,Inj mult thoracic vessel
73381,Malunion of fracture
51282,Sec spont pneumothorax
36854,Achromatopsia
49391,Asthma w status asthmat
30121,Introverted personality
65611,Rh isoimmunizat-deliver
E9203,Knife/sword/dagger acc
30470,Opioid/other dep-unspec
29642,Bipol I currnt manic-mod
64902,Tobacco use dis-del-p/p
55202,Bil femoral hern w obstr
0030,Salmonella enteritis
2109,Benign neo pharynx NOS
75527,Longitudinal defic ulna
V2382,Suprv elderly multigrav
V603,Person living alone
64834,Drug dependence-postpart
V5409,Aftrcre int fixation dev
6271,Postmenopausal bleeding
44283,Splenic artery aneurysm
37405,Trichiasis w/o entropion
65150,Quads w fetal loss-unsp
E0009,Externl cause status NOS
2579,Testicular dysfunct NOS
E8445,Aircrft acc NEC-occp NEC
64200,Essen hyperten preg-unsp
V909,"Retain FB, mat NOS"
986,Tox eff carbon monoxide
7966,Abnorm neonate screening
E8491,Accident on farm
7171,Derang ant med meniscus
01203,TB pleurisy-micro dx
8671,Bladder/urethra inj-open
76499,Fet growth ret 2500+g
66934,Ac kidney fail-postpart
9126,Foreign body shouldr/arm
2767,Hyperpotassemia
20502,Act myel leuk in relapse
52330,Aggres periodontitis NOS
V1271,Prsnl hst peptic ulcr ds
88001,Open wound of scapula
1598,Mal neo gi/intra-abd NEC
36021,Progressive high myopia
87374,Open wound tongue-compl
E0043,Bungee jumping
36113,Primary retinal cysts
59984,Oth spcf dsdr urethra
37272,Conjunctival hemorrhage
7689,Birth asphyxia NOS
9633,Poisoning-alkalizing agt
44281,Aneurysm of neck
78092,Excess cry infant/baby
78902,Abdmnal pain lft up quad
6205,Torsion of ovary or tube
66070,Failed forcep NOS-unspec
71138,Dysenter arthrit NEC
4232,Constrictiv pericarditis
V3901,Liveborn NOS-hosp w cs
37034,Expsure keratoconjunctiv
7595,Tuberous sclerosis
62131,Simp endo hyper w/o atyp
V6409,No vaccination NEC
20157,Hodg nodul sclero spleen
71149,Bact arthritis-mult
2311,Ca in situ trachea
4549,Asympt varicose veins
1125,Disseminated candidiasis
1638,Malig neopl pleura NEC
05419,Genital herpes NEC
2386,Plasmacytoma NOS
0625,California encephalitis
80854,Pelv fx-opn w/o pelv dis
E8663,Acc poisoning-arsenic
01481,Intestin TB NEC-no exam
7212,Thoracic spondylosis
75555,Acrocephalosyndactyly
65971,Abn ftl hrt rate/rhy-del
V019,Communic dis contact NOS
61803,Urethrocele
3334,Huntington's chorea
V072,Prophylact immunotherapy
65640,Intrauterine death-unsp
94233,3rd deg burn abdomn wall
36511,Prim open angle glaucoma
E0020,Swimming
37044,Keratitis in exanthema
9501,Injury to optic chiasm
V758,Screen-parasitic dis NEC
79678,Anal cytolgy smr unsatis
1840,Malign neopl vagina
80312,Cl skull fx NEC-brf coma
86400,Liver injury NOS-closed
V6709,Follow-up surgery NEC
94127,2nd deg burn face NEC
57441,Choledochlith/gb NEC-obs
76520,Weeks of gestation NOS
71144,Bact arthritis-hand
71159,Viral arthritis-mult
33383,Spasmodic torticollis
94800,Bdy brn < 10%/3d deg NOS
6219,Disorder of uterus NOS
2669,Vitamin b deficiency NOS
37243,Central pterygium
75240,Cervix/fem gen anom NOS
4422,Iliac artery aneurysm
9553,Injury radial nerve
9986,Persist postop fistula
7176,Loose body in knee
36645,Toxic cataract
37929,Vitreous disorders NEC
36641,Diabetic cataract
95206,Complete les cord/c5-c7
5235,Periodontosis
87212,Open wnd aud canal-compl
66111,Sec uterine inert-deliv
E9350,Adv eff heroin
07983,Parvovirus B19
74101,Spin bif w hydrceph-cerv
34663,Prst ara w inf w ntr/st
71590,Osteoarthros NOS-unspec
7401,Craniorachischisis
7910,Proteinuria
29981,Pervasv dev dis-res NEC
E8315,Boat acc inj NEC-swim
61804,Rectocele
29650,Bipol I cur depres NOS
E8186,Mv traff acc-ped cyc
E9570,Injury-jump fm residence
9961,Malfunc vasc device/graf
20963,Benign carcinoid stomach
3619,Retinal detachment NOS
3558,Mononeuritis leg NOS
94810,10-19% bdy brn/3 deg NOS
V1202,Prsnl hst poliomyelitis
38861,Cerebrosp fluid otorrhea
82139,Fx low end femur NEC-opn
36014,Ophthalmia nodosa
V594,Kidney donor
56202,Dvrtclo sml int w hmrhg
86232,Esophagus injury-open
2278,Benign neo endocrine NEC
65493,Abn pelv org NEC-antepar
1928,Mal neo nervous syst NEC
06642,West Nile neuro man NEC
65543,Fet damg d/t dis-antepar
9855,Toxic effect cadmium
V6519,Person consult for anoth
80434,Cl skl/oth fx-proln coma
09851,Gonococcal synovitis
E9920,War inj:torpedo
0862,Chagas disease NOS
72888,Rhabdomyolysis
6965,Pityriasis NEC & NOS
75026,Mouth anomaly NEC
6215,Intrauterine synechiae
31089,Nonpsych mntl disord NEC
E9932,War inj:mortar
V752,Screen for leishmaniasis
V9112,Triplet gest 2+ monoamn
4786,Edema of larynx
E8128,Mv collis NOS-pers NEC
20014,Lymphosarcoma axilla
5889,Impaired renal funct NOS
71169,Mycotic arthritis-mult
64864,CV dis NEC-postpartum
99631,Malfunc urethral cath
30009,Anxiety state NEC
34290,Unsp hemiplga unspf side
99600,Malfunc card dev/grf NOS
9673,Poisoning-bromine compnd
87333,Open wnd nas sinus-compl
28419,Other pancytopenia
5710,Alcoholic fatty liver
9912,Frostbite of foot
36252,Exudative macular degen
V2689,Procreative managemt NEC
52123,Abrasion-pulp
01756,TB of thyroid-oth test
5511,Umbilical hernia w gangr
94157,3rd burn w loss-face NEC
28246,Thalassemia minor
9643,Poisoning-vitamin k
79671,Pap smear anus w ASC-US
9711,Pois-parasympatholytics
79382,Inconclusive mammogram
37712,Postinflam optic atrophy
25082,DMII oth uncntrld
52310,"Chronc gingititis,plaque"
71651,Polyarthritis NOS-shlder
5223,Abn hard tiss-tooth pulp
28310,Nonauto hem anemia NOS
86113,Heart chamber lacer-opn
0870,Louse-borne relaps fever
7881,Dysuria
1049,Spirochetal infect NOS
66301,Cord prolapse-delivered
48801,Flu dt iden avian w pneu
E8380,Watercraft acc NEC-unpow
V230,Preg w hx of infertility
E8731,Incor dilut infusn fluid
75539,Longitud defic phalanges
80504,Fx c4 vertebra-closed
67902,Mat comp in utro-del-p/p
52425,Open posterior occlusion
2568,Ovarian dysfunction NEC
2189,Uterine leiomyoma NOS
71232,Chondrocalcin NOS-up/arm
6822,Cellulitis of trunk
7610,Incompetnt cervix aff NB
7295,Pain in limb
62401,Vulvar intraeph neopl I
30441,Amphetamin depend-contin
01196,Pulmon TB NOS-oth test
9549,Injury trunk nerve NOS
2301,Ca in situ esophagus
80023,Cl skull vlt fx-mod coma
9094,Late eff cert ext cause
5941,Bladder calculus NEC
9194,Insect bite NEC
1100,Dermatophyt scalp/beard
01766,TB of adrenal-oth test
20117,Hodgkins granulom spleen
71226,Pyrophosph cryst-l/leg
52453,Dev open/close mandible
30523,Cannabis abuse-in remiss
34404,"Quadrplg c5-c7, incomplt"
66101,Prim uterine inert-deliv
24240,Thyrotox-ect nod no cris
00846,Intes infec oth anerobes
2273,Benign neo pituitary
37808,Alt esotrop w x/y pattrn
30492,Drug depend NOS-episodic
1890,Malig neopl kidney
E9799,"Terrorism, secondary"
83511,Posterior disloc hip-opn
87332,Open wnd nasal cav-compl
67641,Lactation fail-delivered
52454,Insuff anterior guidance
340,Multiple sclerosis
86132,Lung laceration-open
71180,Inf arthritis NEC-unspec
99551,Child emotnl/psych abuse
4259,Second cardiomyopath NOS
53340,Chr peptic ulcer w hem
29550,Latent schizophren-unsp
20213,Mycosis fungoides abdom
1280,Toxocariasis
71653,Polyarthrit NOS-forearm
01645,TB epididymis-histo dx
24231,Tox nod goiter w crisis
E9804,Undet pois-med agnt NEC
64893,Oth curr cond-antepartum
71996,Joint dis NOS-l/leg
9095,Lte efct advrs efct drug
66950,Forcep deliv NOS-unspec
90242,Injury renal vein
37214,Chr allrg conjunctiv NEC
53390,Peptic ulcer NOS
V7610,Scrn mal neo breast NOS
71103,Pyogen arthritis-forearm
33912,Chronic tension headache
1841,Mal neo labia majora
30473,Opioid/other dep-remiss
06649,West Nile w complic NEC
20123,Hodgkins sarcoma abdom
69558,Exfl d/t eryth 80-89 bdy
76529,37+ comp wks gestation
94105,Burn NOS nose
V160,Family hx-gi malignancy
37253,Conjunctival xerosis
95210,T1-t6 spin cord inj NOS
65171,Mult gest-fet reduct del
0341,Scarlet fever
99646,Articular wear prosth jt
4421,Renal artery aneurysm
71607,Kaschin-beck dis-ankle
64290,Hyperten preg NOS-unspec
7289,Muscle/ligament dis NOS
81244,"Fx humer, condyl NOS-cl"
9105,Insect bite head-infect
78602,Orthopnea
78192,Abnormal posture
94300,Burn NOS arm-unspec
94108,Burn NOS neck
67683,Lactat dis NEC-antepart
42742,Ventricular flutter
92801,Crushing injury hip
99678,Comp-oth int ortho devic
63581,Leg ab w compl NOS-inc
V777,Screen-inborn err metab
9603,Pois-erythromyc/macrolid
53120,Ac stomac ulc w hem/perf
3083,Acute stress react NEC
44621,Goodpasture's syndrome
37124,Edema d/t contact lens
71964,Joint symptom NEC-hand
V4501,Status cardiac pacemaker
4808,Viral pneumonia NEC
5650,Anal fissure
73670,Acq ankle-foot def NOS
62130,Endometrial hyperpla NOS
53190,Stomach ulcer NOS
37610,"Chr inflam NOS, orbit"
E8793,Abn react-shock therapy
80110,Cl skl base fx/cereb lac
81414,Fx pisiform-open
81603,"Fx mult phalan, hand-cl"
0521,Varicella pneumonitis
36552,Pseudoexfoliat glaucoma
71836,Recur dislocat-l/leg
82011,Fx up femur epiphy-open
99554,Child physical abuse
7467,Hypoplas left heart synd
69270,Solar dermatitis NOS
05829,Human herpesvr encph NEC
94401,Burn NOS finger
71167,Mycotic arthritis-ankle
67403,Cerebrovasc dis-antepart
03849,Gram-neg septicemia NEC
7239,Neck disorder/sympt NOS
63552,Legal abort w shock-comp
77932,NB bilious vomiting
36263,Lattice degeneration
65402,Cong abn uter-del w p/p
V604,No family able to care
7720,NB fetal blood loss NEC
65330,Outlet contraction-unsp
20200,Ndlr lym unsp xtrndl org
3084,"Stress react, mixed dis"
01791,TB of organ NEC-no exam
63501,Leg abor w pelv inf-inc
E8009,RR coll NOS-person NOS
85175,Opn cerebe lac-deep coma
1471,Mal neo post nasopharynx
E0084,Martial arts
3871,Otoscler-oval wndw oblit
5718,Chronic liver dis NEC
80440,Cl skl/oth fx/br inj NEC
3898,Hearing loss NEC
03841,H. influenae septicemia
9758,Pois-respir drug NEC/NOS
E9410,Adv eff cholinergics
77931,NB feeding problems
24951,Sec DM ophth uncontrld
38016,Chr inf otit externa NEC
V788,Screen-blood dis NEC
37730,Optic neuritis NOS
78905,Abdmnal pain periumbilic
72690,"Enthesopathy, site NOS"
82020,Trochanteric fx NOS-clos
85403,Brain inj NEC-mod coma
7578,Oth integument anomalies
53500,Acute gastrtis w/o hmrhg
80514,Fx c4 vertebra-open
5239,Gingiv/periodont dis NOS
37911,Scleral ectasia
79589,Abnorml tumor marker NEC
52481,Anterior soft tiss impg
38612,Vestibular neuronitis
7794,NB drug reaction/intoxic
30650,Psychogenic gu dis NOS
0949,Neurosyphilis NOS
5609,Intestinal obstruct NOS
94551,3 deg burn w loss-toe
3418,Cns demyelination NEC
V9122,Quad gest 2+ monoamniotc
85241,Extradural hem w/o coma
71219,Dicalc phos cryst-mult
65311,Contract pelv NOS-deliv
07044,Chrnc hpt C w hepat Coma
82110,Fx femur NOS-open
38632,Circumscri labyrinthitis
20973,Sec neuroendo tumor-bone
20127,Hodgkins sarcoma spleen
7149,Inflamm polyarthrop NOS
2769,Electrolyt/fluid dis NEC
69552,Exfl d/t eryth 20-29 bdy
E8105,Mv-train coll-anim rid
71284,Cryst arthrop NEC-hand
3222,Chronic meningitis
V198,Family hx-condition NEC
1726,Malig melanoma arm
55220,Obstr ventral hernia NOS
8602,Traum hemothorax-closed
E9829,Undet pois-gas/vapor NOS
86103,Heart chamber lacerat-cl
9890,Toxic effect cyanides
2144,Lipoma spermatic cord
E0120,Knitting & crocheting
43311,Ocl crtd art w infrct
E8021,RR acc w derail-passeng
85402,Brain inj NEC-brief coma
80607,C5-c7 fx-cl/ant cord syn
71908,Joint effusion-jt NEC
6938,Dermat d/t int agent NEC
V2349,Preg w poor obs hx NEC
95211,Complete les cord/t1-t6
1960,Mal neo lymph-head/neck
9762,Pois-loc astring/deterg
43411,Crbl emblsm w infrct
71235,Chondrocalcin NOS-pelvis
74922,Unil cleft palat/lip-inc
36904,Near-tot impair-both eye
5283,Cellulitis/abscess mouth
1835,Mal neo round ligament
38321,Acute petrositis
7726,NB cutaneous hemorrhage
37441,Lid retraction or lag
9630,Pois-antiallrg/antiemet
1603,Mal neo ethmoidal sinus
E9230,Fireworks accident
E8439,Aircraft fall-person NEC
80025,Cl skul vlt fx-deep coma
71852,Ankylosis-upper/arm
95893,Trauma compart synd abd
63450,Spon abort w shock-unsp
6979,Lichen NOS
7629,Abn amnion NOS aff NB
85255,Extradur hem-deep coma
66500,Prelabor rupt uter-unsp
72782,Calcium deposit tendon
V508,Elective surgery NEC
37148,Peripheral cornea degen
30659,Psychogenic gu dis NEC
7069,Sebaceous gland dis NOS
1341,Arthropod infest NEC
37833,Cyclotropia
4353,Vertbrobaslr artery synd
33911,Episdic tension headache
69273,Actnc retic actnc grnlma
94220,2nd deg burn trunk NOS
E8540,Acc poison-antidepressnt
64750,Rubella in preg-unspec
60490,Orchitis/epididymit NOS
72232,Schmorls node-lumbar
30422,Cocaine depend-episodic
37231,Rosacea conjunctivitis
5250,Exfoliation of teeth
42760,Premature beats NOS
V7642,Screen mal neop-oral cav
37420,Lagophthalmos NOS
3951,Rheumatic aortic insuff
1540,Mal neo rectosigmoid jct
87375,Open wound palate-compl
E8342,Watercraft fall NEC-crew
1975,Sec malig neo lg bowel
0930,"Aortic aneurysm, syphil"
86801,Adrenal gland injury-cl
5130,Abscess of lung
36243,Hem detach pigmnt epith
38021,Cholesteatoma extern ear
36573,Severe stage glaucoma
01660,TB ovary & tube-unspec
67313,Amniotic embol-antepart
59581,Cystitis cystica
65441,Abn uterus NEC-delivered
01554,TB limb bones-cult dx
36003,Chronic endophthalmitis
66570,Ob pelvic hematoma-unsp
9803,Toxic effect fusel oil
E8139,Mv-oth veh coll-pers NOS
99641,Mech loosening pros jt
79515,Vag hi risk HPV-DNA pos
25513,Bartter's syndrome
04042,Wound botulism
49390,Asthma NOS
E9652,Assault-hunting rifle
2828,Hered hemolytic anem NEC
E9102,Swimming accident NOS
80094,Opn skl vlt fx-proln com
E8317,Boat acc inj NEC-militry
E9344,Adv eff fibrinolysis agt
V1203,Personal histry malaria
78091,Fussy infant/baby
37245,Recurrent pterygium
71932,Palindrom rheum-up/arm
E9688,Assault NEC
3969,Mitral/aortic v dis NOS
36781,Transient refract change
4563,Sublingual varices
V272,"Deliver-twins, both live"
66211,Prolong labor NOS-deliv
63592,Legal abort uncompl-comp
75442,Congen bowing of femur
11284,Candidal esophagitis
8363,Dislocat patella-closed
61809,Cystourethrocele
01350,TB sp crd abscess-unspec
36312,Periph disem choroiditis
80429,Cl skul w oth fx-concuss
2930,Delirium d/t other cond
41012,"AMI anterior wall,subseq"
05321,H zoster keratoconjunct
71592,Osteoarthros NOS-up/arm
78194,Facial weakness
1318,Trichomoniasis NEC
94550,3 deg brn w loss-leg NOS
9229,Contusion trunk NOS
09812,Gc prostatitis (acute)
00864,Int inf oth sml rnd vrus
59682,Mech comp of cystostomy
9781,Pois-typh/paratyph vacc
1226,Echinococc multiloc NEC
1483,Mal neo post hypopharynx
65941,Grand multiparity-deliv
30302,Ac alcohol intox-episod
5568,Other ulcerative colitis
80456,Opn skul/oth fx-coma NOS
1704,Mal neo long bones arm
99971,Rh incomp/HTR NEC
6146,Fem pelvic periton adhes
76071,Maternl alc aff NB/fetus
37557,Dacryolith
86231,Bronchus injury-open
E9798,"Terrorism, NEC/NOS"
0070,Balantidiasis
43821,Late ef-hemplga dom side
25040,DMII renl nt st uncntrld
4552,Int hemrrhoid w comp NEC
71117,Reiter arthritis-ankle
570,Acute necrosis of liver
56889,Peritoneal disorder NEC
V673,Psychiatric follow-up
94844,40-49% bdy brn/40-49% 3d
1952,Malig neo abdomen
82392,Fx tibia w fib NOS-open
V826,Multiphasic screening
7780,Hydrops fetalis no isoim
5513,Diaphragm hernia w gangr
72885,Spasm of muscle
23773,Schwannomatosis
E9656,Assault-gasoline bomb
E8412,Power aircraft acc-crew
2381,Unc behav neo soft tissu
24990,Sec DM unsp nt st uncon
30430,Cannabis depend-unspec
V689,Administrtve encount NOS
V270,Deliver-single liveborn
66311,Cord around neck-deliver
E9518,Poison-utility gas NEC
E9293,Late eff accidental fall
38654,Hypoact labyrinth bilat
74311,Simple microphthalmos
V166,Family hx-leukemia
71176,Helminth arthrit-l/leg
36532,Glauc resid-ster induced
V4551,Prsc ntrutr cntrcptv dvc
3082,"Stress react, psychomot"
6399,Postabortion compl NOS
6100,Solitary cyst of breast
20311,Plsm cell leuk w rmson
71956,Jt stiffness NEC-l/leg
29541,Schizophrenic dis-subchr
01304,TB meningitis-cult dx
E8704,Acc cut/hem w scope exam
8912,Opn wnd knee/leg w tendn
94884,80-89% bdy brn/40-49% 3d
37681,Orbital cysts
67621,Breast engorge-delivered
7566,Anomalies of diaphragm
74684,Obstruct heart anom NEC
83904,Disloc 4th cerv vert-cl
E9228,Firearm accident NEC
V402,Mental problems NEC
6959,Erythematous cond NOS
5206,Tooth eruption disturb
73035,Periostitis-pelvis
67112,Varicose vulva-del w p/p
08249,Ehrlichiosis NEC
01206,TB pleurisy-oth test
80194,Op skl base fx-prol coma
V5874,Aftrcre surg respsys NEC
80329,Cl skull fx NEC-concuss
63401,Spon abor w pelv inf-inc
5822,Chr membranoprolif nephr
63301,Abd preg w intraut preg
76515,Preterm NEC 1250-1499g
0389,Septicemia NOS
6800,Carbuncle of face
80844,Pelv fx-cl w/o plv disrp
E9225,Accident-paintball gun
4010,Malignant hypertension
1129,Candidiasis site NOS
30592,Drug abuse NEC-episodic
0302,Indeterminate leprosy
6084,Male gen inflam dis NEC
V1741,Fam hx sudden card death
30250,Trans-sexualism NOS
E8140,Mv coll w pedest-driver
65800,Oligohydramnios-unspec
3814,Nonsupp otitis media NOS
80339,Cl skull fx NEC-concuss
9734,Poisoning-digestants
71999,Joint dis NOS-mult jts
01666,TB ovary & tube-oth test
8400,Sprain acromioclavicular
E8434,Fall-occ comm aircrf NEC
30481,Comb drug dep NEC-contin
74912,Unilat cleft lip-imcompl
74442,Branchial cleft cyst
27652,Hypovolemia
41090,"AMI NOS, unspecified"
75430,"Cong hip disloc, unilat"
87201,Open wound of auricle
5271,Salivary glnd hyprtrophy
9687,Poison-spinal anesthetic
80170,Op skl base fx/menin hem
E0064,Bike riding
74681,Cong subaortic stenosis
4380,Late ef CV dis-cognf def
29631,Recurr depr psychos-mild
71143,Bact arthritis-forearm
3077,Encopresis
7716,Neonatal conjunctivitis
99702,Iatrogen CV infarc/hmrhg
96971,Poisoning by caffeine
43850,Lt ef oth paral side NOS
48283,Pneumo oth grm-neg bact
25639,Ovarian failure NEC
44031,Ath ext autologs bps gft
6209,Noninfl dis ova/adnx NOS
30749,Nonorganic sleep dis NEC
20045,Mantle cell lymph inguin
01780,TB esophagus-unspec
E9434,Adv eff digestants
3024,Exhibitionism
17389,Oth mal neo skn site NEC
01105,TB lung infiltr-histo dx
6272,Sympt fem climact state
81219,Fx upper humerus NEC-opn
30281,Fetishism
75241,Embryon cyst fem gen NEC
65533,Fet damg d/t virus-antep
30401,Opioid dependence-contin
0063,Amebic liver abscess
42981,Papillary muscle dis NEC
71784,Old disrupt post cruciat
V1279,Prsnl hst ot spf dgst ds
85249,Extadural hem-concuss
E963,Assault-hanging/strangul
78003,Persistent vegtv state
8744,Open wound of pharynx
1548,Mal neo rectum/anus NEC
3214,Meningit d/t sarcoidosis
80621,T1-t6 fx-cl/com cord les
94539,3rd deg burn leg-mult
72991,Post-traumatic seroma
07882,Epidemic vomiting synd
7378,Curvature of spine NEC
5261,Fissural cysts of jaw
99662,React-oth vasc dev/graft
34623,Var mgrn NEC w ntrc mgr
32362,Postinf encephalitis NEC
78940,Abdmnal rgdt unspcf site
9930,"Barotrauma, otitic"
8399,Dislocation NEC-open
71652,Polyarthritis NOS-up/arm
67310,Amniotic embolism-unspec
25061,DMI neuro nt st uncntrld
94549,Deep 3 deg burn leg-mult
94310,1st deg burn arm NOS
E0169,Land maintain/cnstrt NEC
37483,Elephantiasis of eyelid
52475,Vertical displace teeth
7068,Sebaceous gland dis NEC
36033,Hypotony w eye dis NEC
9634,Poisoning-enzymes NEC
9085,Late eff FB in orifice
24961,Sec DM neuro uncontrld
63781,Ab NOS w compl NOS-inc
99980,Transfusion reaction NOS
47819,Nasal & sinus dis NEC
37900,Scleritis NOS
2681,"Rickets, late effect"
25050,DMII ophth nt st uncntrl
73089,Bone infect NEC-mult
6029,Prostatic disorder NOS
1542,Malig neopl anal canal
E9963,War inj:nuclear rad eff
64222,Old hyperten-deliv w p/p
99684,Compl lung transplant
E8060,RR acc NEC-employee
V529,Fitting prosthesis NOS
20160,Mxd celr unsp xtrndl org
37204,Pseudomemb conjunctivit
3029,Psychosexual dis NOS
74721,Anomalies of aortic arch
1911,Malig neo frontal lobe
80012,Cl skull vlt fx-brf coma
E8589,Acc poisoning-drug NOS
33943,Prim thnderclap headache
E8801,Fall on sidewalk curb
51661,Neuroend cell hyprpl inf
86239,Intrathorac inj NEC-open
74560,Endocard cushion def NOS
7048,Hair diseases NEC
94899,90% + bdy brn/90% + 3rd
2713,Disaccharidase def/malab
E9331,Adv eff antineoplastic
V8746,Hx immunosuppres thrpy
78199,Nerve/musculskel sym NEC
E8520,Acc poisn-chlorl hydrate
76416,Lt-date w/mal 1500-1749g
66710,Retain prod concept-unsp
5790,Celiac disease
99934,"Ac inf fol trans,inf bld"
20622,Sbac mono leu in relapse
09837,Gc salpingitis (chronic)
95216,Complete les cord/t7-t12
29644,Bipol I manic-sev w psy
5265,Alveolitis of jaw
20204,Nodular lymphoma axilla
9772,Poisoning-antidotes NEC
37146,Nodular cornea degen
7489,Respiratory anomaly NOS
E8406,Tk off/land-unp aircrft
20922,Malig carcinoid thymus
33181,Reye's syndrome
0958,Late sympt syphilis NEC
85185,Brain lac NEC-deep coma
E8634,Acc poison-pesticide NEC
34633,Hmplg mgrn w ntrc w st
36907,One eye-prfnd/oth-nr tot
8850,Amputation thumb
17381,Bsl cell ca skn site NEC
37823,Intermit monoc exotropia
V601,Inadequate housing
76516,Preterm NEC 1500-1749g
9515,Injury to acoustic nerve
01183,Pulmon TB NEC-micro dx
34460,Cauda equina synd NOS
0772,Pharyngoconjunct fever
V731,Screening for smallpox
0279,Zoonotic bact dis NOS
90252,Injury hypogastric vein
17360,Mal neo skin up limb NOS
E8240,N-traf board/alight-driv
45189,Thrombophlebitis NEC
E8909,Priv dwel fire-accid NOS
36502,Anatomical narrow angle
E8707,Acc cut/hem w enema
82022,Subtrochanteric fx-close
71881,Jt derangment NEC-shlder
56982,Ulceration of intestine
56941,Rectal & anal ulcer
17361,Basal cell ca skn up lmb
59000,Chr pyelonephritis NOS
9042,Injury femoral vein
80712,Fracture two ribs-open
80126,Cl skul base fx-coma NOS
E8385,Watrcrft acc NEC-swimmer
9925,Heat exhaustion NOS
5570,Ac vasc insuff intestine
71884,Jt derangement NEC-hand
E9579,Injury-jump NEC
79319,Ot nonsp ab fnd lung fld
57481,Gal&bil cal w/ac&ch w ob
2164,Ben neo scalp/skin neck
73602,Cubitus varus
4280,CHF NOS
75023,"Cong atresia, saliv duct"
94323,2nd deg burn upper arm
1257,Dracontiasis
V6700,Follow-up surgery NOS
88021,Opn wnd scapula w tendon
01346,Tubrclma sp crd-oth test
4613,Ac sphenoidal sinusitis
V674,FU exam treatd healed fx
E9991,"Late effect, terrorism"
502,Silica pneumocon NEC
E8869,Fall on level NEC/NOS
3200,Hemophilus meningitis
0075,Cyclosporiasis
0213,Oculoglandular tularemia
37131,Fold of bowman membrane
73620,Acq finger deformity NOS
V2541,Contracept pill surveill
99800,"Postoperative shock, NOS"
64861,CV dis NEC preg-deliver
E8643,Acc poison-caustic NEC
5753,Hydrops of gallbladder
72239,Schmorls node-region NEC
E9306,Adv eff antmycob antbiot
20086,Mixed lymphosarc pelvic
44023,Ath ext ntv art ulcrtion
73810,Unspf acq deformity head
2326,Ca in situ skin arm
87401,Open wound of larynx
9062,Late eff superficial inj
99741,Ret cholelh fol cholecys
01136,TB of bronchus-oth test
01731,TB of eye-no exam
4821,Pseudomonal pneumonia
5207,Teething syndrome
37645,Atrophy of orbit
76719,Injuries to scalp NEC
09884,Gonococcal endocarditis
71611,Traum arthropathy-shlder
4289,Heart failure NOS
94304,Burn NOS axilla
25201,Primary hyperparathyroid
52300,"Acute gingititis, plaque"
28801,Congenital neutropenia
9145,Insect bite hand-infect
85242,Extradur hem-brief coma
9053,Late eff femoral neck fx
52540,Complete edentulism NOS
1519,Malig neopl stomach NOS
2510,Hypoglycemic coma
66083,Obstruc labor NEC-antepa
17372,Sqam cell ca skn low lmb
5368,Stomach function dis NEC
79672,Pap smear anus w ASC-H
36330,Chorioretinal scar NOS
75511,Syndactyl fing-no fusion
72691,"Exostosis, site NOS"
81600,"Fx phalanx, hand NOS-cl"
80510,Fx cervical vert NOS-opn
66401,Del w 1 deg lacerat-del
71933,Palindrom rheum-forearm
36372,Hemorr choroid detachmnt
E8523,Acc poison-methaqualone
36119,Retinoshisis or cyst NEC
4618,Other acute sinusitis
36500,Preglaucoma NOS
71187,Inf arthritis NEC-ankle
25063,DMI neuro uncntrld
99772,Vasc comp renal artery
20702,Ac erth/erylk in relapse
20208,Nodular lymphoma mult
V050,Arbovirus enceph vaccin
73079,Polio osteopathy-mult
94130,3rd deg burn head NOS
71875,Dev dis jt-pelvic/thigh
63410,Spon abort w hemorr-unsp
08882,Babesiosis
9560,Injury sciatic nerve
0737,Ornithosis complicat NEC
V1270,Prsnl hst unspc dgstv ds
63500,Leg abor w pelv inf-unsp
78842,Polyuria
0791,Echo virus infect NOS
74482,Microcheilia
79901,Asphyxia
38589,Dis mid ear/mastoid NEC
V4579,Acq absence of organ NEC
1223,Echinococc granul NEC
3129,Conduct disturbance NOS
3485,Cerebral edema
71804,Artic cartil dis-hand
E9581,"Injury-burn, fire"
E8232,Oth coll stnd obj-mocycl
2989,Psychosis NOS
1039,Pinta NOS
20107,Hodgkins paragran spleen
8058,Vertebral fx NOS-closed
36224,"Retinoph prematr,stage 2"
20971,Sec neuroend tu dist lym
E9510,Poison-piped gas
64683,Preg compl NEC-antepart
78909,Abdmnal pain oth spcf st
9569,Inj nerve pelv/leg NOS
01702,TB skin/subcut-exam unkn
1255,Mansonella ozzardi infec
29584,Schizo NEC-chr/exacerb
84511,Sprain tarsometatarsal
8029,Fx facial bone NEC-open
36963,One eye-total/oth-normal
V1059,Hx-urinary malignan NEC
71150,Viral arthritis-unspec
V1649,Fm hx genital malig NEC
05472,H simplex meningitis
E8498,Accident in place NEC
V734,Screening-yellow fever
34621,Vrnt mgrn w ntrc mgr NEC
83906,Disloc 6th cerv vert-cl
34581,Epilepsy NEC w intr epil
80394,Opn skl fx NEC-prol coma
E8499,Accident in place NOS
80309,Cl skull fx NEC-concuss
94887,80-89% bdy brn/70-79% 3d
36560,Glauc w ocular dis NOS
94881,80-89% bdy brn/10-19% 3d
E9083,Acc d/t snow blizzard
3302,Cereb degen in lipidosis
34711,Narcolepsy w cat oth dis
77431,Neonat jaund in oth dis
71664,Monoarthritis NOS-hand
65283,Malposition NEC-antepart
38181,Dysfunct eustachian tube
01512,TB of hip-exam unkn
79924,Emotional lability
9009,Inj head/neck vessel NOS
37035,Neurotroph keratoconjunc
3609,Disorder of globe NOS
80420,Cl skl/oth fx/mening hem
9891,Toxic effect strychnine
2279,Benign neo endocrine NOS
V781,Screen-defic anemia NEC
4561,Esoph varices w/o bleed
E9345,Adv eff coagulants
5967,Bladder wall hemorrhage
90441,Injury popliteal artery
20929,Malig carcinoid oth site
75732,Vascular hamartomas
75022,Accessory salivary gland
7509,Upper GI anomaly NOS
2870,Allergic purpura
71803,Artic cartil dis-forearm
4919,Chronic bronchitis NOS
6931,Dermat d/t food ingest
85209,Subarach hem-concussion
1239,Cestode infection NOS
72190,Spondylos NOS w/o myelop
V112,Hx of neurosis
75614,Hemivertebra
01114,TB lung nodular-cult dx
43889,Late effect CV dis NEC
37410,Ectropion NOS
65503,Fetal cns malfor-antepar
53170,Chr stomach ulcer NOS
69011,Seborrhea capitis
94509,Burn NOS leg-multiple
76500,Extreme immatur wtNOS
E9901,War inj:flamethrower
80507,Fx c7 vertebra-closed
9873,Toxic eff sulfur dioxide
20080,Oth varn unsp xtrndl org
E8290,Oth road veh acc-pedest
4239,Pericardial disease NOS
2721,Pure hyperglyceridemia
0462,Subac scleros panenceph
01121,TB lung w cavity-no exam
44021,Ath ext ntv at w claudct
71807,Artic cartil dis-ankle
92612,Crushing injury buttock
28243,Alpha thalassemia
74731,Pulmon art coarct/atres
9639,Poisoning-system agt NOS
V762,Screen mal neop-cervix
3823,Chr sup otitis media NOS
75316,Medullary cystic kidney
5539,Hernia NOS
94843,40-49% bdy brn/30-39% 3d
75310,Cystic kidney diseas NOS
9461,1st deg burn mult site
1481,Mal neo pyriform sinus
05410,Genital herpes NOS
8677,Pelvic organ inj NEC-opn
80600,C1-c4 fx-cl/cord inj NOS
73095,Bone infect NOS-pelvis
65461,Abn cervix NEC-delivered
74342,Cong cornea opac aff vis
99802,"Postop shock, septic"
71182,Inf arthritis NEC-up/arm
9724,Pois-coronary vasodilat
E9495,Adv eff polio vaccine
01160,TB pneumonia-unspec
38332,Postmastoid cholesteatma
90229,Inj mesenteric vess NEC
99883,Non-healing surgcl wound
64804,Diabetes-postpartum
E8154,Mv coll w obj-st car
1722,Malig melanoma ear
75319,Cystic kidney diseas NEC
29689,Bipolar disorder NEC
65450,Cerv incompet preg-unsp
86411,Liver hematom/contus-opn
V1001,Hx of tongue malignancy
73090,Bone infec NOS-unsp site
78939,Abdmnal mass oth spcf st
24220,Tox multnod goit no cris
83402,Disl interphaln hand-cl
34661,Prs ara w/inf/ntr wo st
2588,Polyglandul dysfunc NEC
90241,Injury renal artery
44389,Periph vascular dis NEC
V772,Screen for malnutrition
00329,Local salmonella inf NEC
99643,Broke prosthtc jt implnt
71839,Recur dislocat-mult jts
4572,Lymphangitis
E9511,Poison-gas in container
83812,Disloc midtarsal-open
94877,70-79% bdy brn/70-79% 3d
1986,Second malig neo ovary
66140,Uter dystocia NOS-unspec
2160,Benign neo skin lip
V5873,Aft surg circ syst NEC
1701,Malignant neo mandible
90301,Injury axillary artery
36503,Steroid responders
V8811,Acq total absnc pancreas
65484,Abnormal vulva-postpart
83301,Disloc dist radiouln-cl
71112,Reiter arthritis-up/arm
4359,Trans cereb ischemia NOS
5778,Pancreatic disease NEC
66634,Postpart coag def-postpa
V756,Screen for filariasis
5518,"Hernia, site NEC w gangr"
28951,Chr congest splenomegaly
36521,Intermit angl-clos glauc
20161,Hodgkins mix cell head
0061,Chr amebiasis w/o absces
9238,Multiple contusion arm
72742,Ganglion of tendon
86510,Spleen injury NOS-open
E8183,Mv traff acc-mcycl psgr
64971,Cervical shortening-del
30433,Cannabis depend-remiss
7082,Urticaria from cold/heat
V1084,Hx of eye malignancy
1441,Mal neo lat floor mouth
E9209,Acc-cutting instrum NOS
20046,Mantle cell lymph pelvic
3550,Sciatic nerve lesion
0860,Chagas disease of heart
64233,Trans hyperten-antepart
24920,Sec DM hpros nt st uncnr
78932,Abdmnal mass lft up quad
0840,Falciparum malaria
94852,50-59% bdy brn/20-29% 3d
931,Foreign body in ear
72662,Tibial coll lig bursitis
E8502,Acc poison-opiates NEC
5363,Gastroparesis
99779,Vascular comp vessel NEC
9824,Toxic effect nitroglycol
5781,Blood in stool
2199,Benign neo uterus NOS
V8530,"BMI 30.0-30.9,adult"
E9443,Adv eff saluretics
71234,Chondrocalcin NOS-hand
53782,Angio stm/dudn w/o hmrhg
6174,Vaginal endometriosis
8700,Lac eyelid skn/perioculr
0601,Urban yellow fever
01103,TB lung infiltr-micro dx
67654,Suppr lactation-postpart
1048,Spirochetal infect NEC
9289,Crushing injury leg NOS
20176,Hodg lymph deplet pelvic
99565,Anphylct reaction fish
E8284,Ridden animal acc-st car
80029,Cl skl vlt fx-concus NOS
64912,Obesity-delivered w p/p
E8629,Acc poisn-solvent NOS
09382,Syphilitic myocarditis
79510,Abn gland pap smr vagina
3442,Diplegia of upper limbs
E8650,Acc poison-meat
30928,Adjust dis w anxiety/dep
1917,Mal neo brain stem
V1050,Hx-urinary malignan NOS
00801,Int inf e coli entrpath
7907,Bacteremia
37254,Conjunctival concretions
71968,Joint symptom NEC-oth jt
E9831,Undet circ-suf plast bag
80083,Opn skul vlt fx-mod coma
37281,Conjunctivochalasis
5379,Gastroduodenal dis NOS
78729,Dysphagia NEC
2809,Iron defic anemia NOS
78039,Convulsions NEC
1619,Malignant neo larynx NOS
33942,New daily pers headache
82539,Fx foot bone NEC-open
80161,Opn skl base fx w/o coma
V491,Mechanical prob w limbs
76409,Lt-for-dates 2500+g
80419,Cl skul w oth fx-concuss
80059,Op skl vlt fx-concus NOS
83811,Disloc tarsal NOS-open
E9378,Adv eff sedat/hypnot NEC
78002,Trans alter awareness
99978,Non-abo incomp/delay HTR
86383,"Pancreas, tail inj-close"
E9465,Adv eff eye anti-inf/drg
V582,"Blood transfusion, no dx"
5642,Postgastric surgery synd
41080,"AMI NEC, unspecified"
80006,Cl skull vlt fx-coma NOS
9735,Poisoning-antidiarrh agt
80638,T7-t12 fx-op/cen crd syn
566,Anal & rectal abscess
65213,Cephal vers NOS-antepart
72781,Contracture of tendon
V200,Foundling health care
66600,Third-stage hem-unspec
7869,Resp sys/chest symp NEC
80225,Fx angle of jaw-closed
20822,Sbac leu uns cl-relapse
01671,TB fem gen NEC-no exam
80056,Opn skul vlt fx-coma NOS
2733,Macroglobulinemia
9174,Insect bite foot/toe
2712,Hered fructose intoleran
2642,Vit A corneal xerosis
71942,Joint pain-up/arm
29590,Schizophrenia NOS-unspec
4240,Mitral valve disorder
6237,Polyp of vagina
1944,Malign neo pineal gland
V311,"Twin, mate lb-before adm"
0865,African trypanosoma NOS
73393,Stress fx tibia/fibula
E9334,Adv eff enzymes NEC
07059,Oth vrl hpat wo hpt coma
75233,Unicornuate uterus
V6701,Follow-up vag pap smear
01734,TB of eye-cult dx
80045,Cl skul vlt fx-deep coma
8020,Nasal bone fx-closed
09852,Gonococcal bursitis
8630,Stomach injury-closed
78343,Short stature
4770,Rhinitis due to pollen
V6221,Hx military deployment
20122,Hodgkins sarcoma thorax
2129,Benign neo resp sys NOS
3508,Trigeminal nerve dis NEC
01231,TB laryngitis-no exam
3434,Infantile hemiplegia
V5909,Blood donor NEC
E8358,W/crft fall NOS-pers NEC
6948,Bullous dermatoses NEC
29575,Schizoaffectve dis-remis
71109,Pyogen arthritis-mult
01353,TB sp crd absc-micro dx
04102,Streptococcus group b
94455,3rd burn w loss-palm
1763,GI sites - kpsi's srcoma
V6759,Follow-up exam NEC
9789,Pois-mix bacter vaccines
74321,Simple buphthalmos
65580,Fetal abnorm NEC-unspec
53510,Atrph gastrtis w/o hmrhg
65811,Prem rupt membran-deliv
E9053,Hornet/wasp/bee sting
3017,Antisocial personality
73036,Periostitis-l/leg
9911,Frostbite of hand
01156,TB bronchiect-oth test
20065,Anaplastic lymph inguin
85125,Cortex lacerat-deep coma
81243,"Fx humer, med condyl-cl"
77016,Blood asp w resp sympt
V553,Atten to colostomy
81100,Fx scapula NOS-closed
55842,Eosinophilic colitis
83920,Dislocat lumbar vert-cl
72762,Biceps tendon rupture
7791,NB cereb irrit NEC/NOS
37542,Chronic dacryocystitis
V6222,Hx retrn military deploy
1609,Mal neo access sinus NOS
71148,Bact arthritis NEC
33818,Acute postop pain NEC
0600,Sylvatic yellow fever
64623,Renal dis NOS-antepartum
3231,Rickettsial encephalitis
30421,Cocaine depend-contin
71601,Kaschin-beck dis-shlder
V1052,Hx of kidney malignancy
V123,Hx-blood diseases
94532,3rd deg burn foot
49301,Ext asthma w status asth
5371,Gastric diverticulum
74402,Ex ear anm NEC-impr hear
E8789,Abn react-surg proc NOS
80702,Fracture two ribs-closed
20923,Malig carcinoid stomach
6284,Infertil-cervical orig
75210,Tubal/broad lig anom NOS
25041,DMI renl nt st uncntrld
64523,Prolonged preg-antepar
V9192,Mult gest 2+ monoamn NEC
43321,Ocl vrtb art w infrct
80234,Fx ramus NOS-open
7848,Hemorrhage from throat
01003,Prim TB complex-micro dx
E0026,Water ski/wake boarding
83809,Dislocat foot NEC-closed
71826,Pathol dislocat-l/leg
78451,Dysarthria
40591,Renovasc hypertension
1972,Second malig neo pleura
E9494,Adv eff measles vaccine
3545,Mononeuritis multiplex
33989,Headache syndrome NEC
7268,Periph enthesopathy NEC
34430,Monplga lwr lmb unsp sde
3590,Cong hered musc dystrphy
01726,TB periph lymph-oth test
3729,Conjunctiva disorder NOS
76527,33-34 comp wks gestation
20100,Hdgk prg unsp xtrndl org
E8132,Mv-oth veh coll-motcycl
52403,Maxillary hypoplasia
52102,Dental caries - dentine
29653,Bipol I curr dep w/o psy
77985,NB cardiac arrest
E8839,Fall into other hole
23691,Unc behav neo kidney
V5422,Aftrcare path fx low arm
73099,Bone infect NOS-mult
V9190,Mult gest-plac/sac NOS
6220,Erosion/ectropion cervix
71101,Pyogen arthritis-shlder
V119,Hx-mental disorder NOS
0821,Boutonneuse fever
01503,TB of vertebra-micro dx
86802,Biliary tract injury-cl
53401,Ac margin ulc w hem-obst
436,Cva
E9554,Injury-firearm NEC
75234,Bicornuate uterus
35789,Inflam/tox neuropthy NEC
V463,Wheelchair dependence
94213,1st deg burn abdomn wall
3511,Geniculate ganglionitis
042,Human immuno virus dis
99583,Adult sexual abuse
40390,Hy kid NOS w cr kid I-IV
34603,Mgrn w aura w ntrc mgrn
04593,Ac polio NOS-type 3
81202,Fx anatom nck humerus-cl
9180,Superfic inj periocular
7935,Nonsp abn find-gu organs
34681,Othr migrne w ntrc mgrne
V8743,Hx estrogen therapy
66520,Inversion of uterus-unsp
66801,Pulm compl in del-deliv
73322,Aneurysmal bone cyst
E0093,Circuit training
20951,Ben carcinoid appendix
79410,Abn stimul response NOS
9790,Poison-smallpox vaccine
80405,Cl skul/oth fx-deep coma
6952,Erythema nodosum
63622,Illeg ab w pel damg-comp
E8384,Watercraft acc NEC-skier
V7263,Pre-procedure lab exam
01800,Acute miliary tb-unspec
43830,Late ef-mplga up lmb NOS
V280,Screening-chromosom anom
36531,Glauc stage-ster induced
87365,Open wound of palate
65691,Fet/plac prob NOS-deliv
01092,Primary TB NOS-exam unkn
29410,Dementia w/o behav dist
34541,Psymotr epil w intr epil
1200,Schistosoma haematobium
9219,Contusion of eye NOS
37001,Marginal corneal ulcer
1572,Mal neo pancreas tail
9034,Injury palmar artery
80221,Fx condyl proc mandib-cl
36589,Glaucoma NEC
9872,Toxic eff nitrogen oxide
66093,Obstruc labor NOS-antepa
81391,Fracture radius NOS-open
81011,"Fx clavic, stern end-opn"
04521,Nonparalyt polio-type 1
84503,Sprain distal tibiofibul
77751,Stg I nec enterocol NB
71104,Pyogen arthritis-hand
37032,Limbar keratoconjunctiv
80455,Opn skl/oth fx-deep coma
77750,Nec enterocoltis NB NOS
1729,Malig melanoma skin NOS
E8340,W/craft fall NEC-unpow
20582,Oth myel leuk in relapse
79923,Impulsiveness
81381,Fx radius NOS-closed
46420,Ac laryngotrach no obstr
34640,Menst mgr wo ntrc wo st
E9939,War inj:explosion NOS
V715,Observ following rape
52437,Exces interocclusl-teeth
55103,Recur bil fem hern-gang
E9054,Centipede bite
37883,Convergenc insufficiency
V4966,Status amput above elbow
53211,Ac duoden ulc perf-obstr
E9286,Envir expose algae/toxin
75567,Anomalies of foot NEC
5430,Hyperplasia of appendix
65373,Oth abn fet dispro-antep
32302,Myelitis-oth viral dis
V793,Screen-development prob
0311,Cutaneous mycobacteria
37871,Duane's syndrome
96569,Poison-antirheumatic NEC
28864,Plasmacytosis
51633,Acute interstitial pneum
E986,Undet circ-cut instrumnt
E8125,Mv coll NOS-anim rid
0578,Viral exanthemata NEC
74913,Bilat cleft lip-complete
63740,Ab NOS w metab dis-unsp
66942,Oth ob compl-deliv w p/p
20294,Lymphoid mal NEC axilla
6279,Menopausal disorder NOS
37172,Descemetocele
01581,TB of joint NEC-no exam
66890,Anesth comp del NOS-unsp
94875,70-79% bdy brn/50-59% 3d
05443,H simplex keratitis
28809,Neutropenia NEC
64421,Early onset delivery-del
52323,Gingival recess-severe
34690,Migrne unsp wo ntrc mgrn
36250,Macular degeneration NOS
2899,Blood disease NOS
80618,C5-c7 fx-op/cen cord syn
56402,Outlet dysfnc constption
30482,Comb drug dep NEC-episod
8419,Sprain elbow/forearm NOS
7815,Clubbing of fingers
52871,Keratin ridge mucosa-min
07421,Coxsackie pericarditis
E8012,RR coll w oth obj-pedest
83907,Disloc 7th cerv vert-cl
40412,Ben hy ht/kd st V w/o hf
5216,Ankylosis of teeth
82521,Fx astragalus-closed
52404,Mandibular hypoplasia
9957,Adverse food react NEC
3596,Infl myopathy in oth dis
4470,Acq arterioven fistula
4722,Chronic nasopharyngitis
05811,Roseola infant d/t HHV-6
20882,Oth leuk uns cl-relapse
7859,Cardiovas sys symp NEC
86329,Small intest inj NEC-cl
11599,Histoplasmosis NEC
98981,Toxic effect of asbestos
23690,Unc behav neo urinar NOS
V220,Supervis normal 1st preg
36961,One eye-total/oth-unknwn
8860,Amputation finger
8500,Concussion w/o coma
71882,Jt derangment NEC-up/arm
0269,Rat-bite fever NOS
64651,Asym bacteriuria-deliver
79954,Psychomotor deficit
30472,Opioid/other dep-episod
V825,Screen-contamination NEC
4950,Farmers' lung
85123,Cortex lacerat-mod coma
V642,No proc/patient decision
80502,Fx c2 vertebra-closed
65451,Cervical incompet-deliv
42769,Premature beats NEC
38642,Oval window fistula
V014,Rubella contact
5970,Urethral abscess
V561,Ft/adj xtrcorp dial cath
5789,Gastrointest hemorr NOS
80362,Opn skul fx NEC-brf coma
67010,Puerp endometritis-unsp
5178,Lung involv in oth dis
E0049,"Climb,rappell,jump off"
5160,Pul alveolar proteinosis
5692,Rectal & anal stenosis
64211,Renal hyperten pg-deliv
E8033,RR acc w explos-ped cycl
83815,Disloc metatarsophal-opn
22381,Benign neoplasm urethra
E8316,Boat acc inj NEC-docker
V044,Vaccin for yellow fever
65540,Fet damg d/t dis-unspec
37887,"Skew deviation, eye"
1231,Cysticercosis
7285,Hypermobility syndrome
66464,Anal sphinctr tear w p/p
V7211,Hearing exam-fail screen
37201,Serous conjunctivitis
65401,Congen abn uterus-deliv
53271,Chr duoden ulc NOS-obstr
67631,Breast dis NEC-delivered
4772,Allerg rhinitis-cat/dog
80072,Opn skul vlt fx-brf coma
7484,Congenital cystic lung
92233,Interscplr reg contusion
71525,Loc 2nd osteoarth-pelvis
6802,Carbuncle of trunk
9921,Heat syncope
5533,Diaphragmatic hernia
65621,Abo isoimmunizat-deliver
9875,Tox eff lacrimogenic gas
63712,Abort NOS w hemorr-comp
37152,Ant cornea dystrophy NEC
V023,GI pathogen carrier NEC
V322,"Twin, mate sb-nonhosp"
67103,Varic vein leg-antepart
3822,Chr atticoantral sup OM
E9172,Run water w/o sub fall
63742,Ab NOS w metab dis-comp
75450,Talipes varus
56032,Fecal impaction
71832,Recur dislocat-up/arm
E9686,Assault - air gun
01210,TB thoracic nodes-unspec
V750,Screen-rickettsial dis
27784,Sec carnitine defncy NEC
74901,Unilat cleft palate-comp
71510,Loc prim osteoart-unspec
28241,Thlasema Hb-S w/o crisis
4831,Pneumonia d/t chlamydia
E8796,Abn react-urinary cath
4281,Left heart failure
V770,Screen-thyroid disorder
79009,Abnormal RBC NEC
V1044,Hx-female genit malg NEC
683,Acute lymphadenitis
7759,Transient met dis NB NOS
8922,Open wound foot w tendon
94119,1st deg burn head-mult
E9242,Acc-hot tap water
34839,Encephalopathy NEC
71657,Polyarthritis NOS-ankle
72989,Muscskel sympt limb NEC
27952,Chronc graft-vs-host dis
0509,Smallpox NOS
67024,Puerperl sepsis-postpart
79512,Pap smear vagina w ASC-H
E8441,Aircrft acc NEC-military
0853,Cutan leishmanias ethiop
V444,Enterostomy status NEC
1230,Taenia solium intestine
5647,Megacolon NEC
42831,Ac diastolic hrt failure
01311,Tubrclma mening-no exam
0330,Bordetella pertussis
E0039,Ice and snow
1482,Mal neo aryepiglott fold
78062,Postprocedural fever
37262,Local conjunctiva adhes
V5399,Fit/adjust device NEC
29582,Schizophrenia NEC-chr
37601,Orbital cellulitis
81213,Fx gr tuberos humer-open
71829,Pathol dislocat-mult jts
3155,Mixed development dis
80156,Opn skl base fx-coma NOS
80670,Fx sacrum-op/crd inj NOS
94860,60-69% bdy brn/3 deg NOS
85259,Extradural hem-concuss
37451,Xanthelasma
95892,Trauma comp synd low ext
E9808,Undeter pois-arsenic
33922,Chr post-trauma headache
20025,Burkitt's tumor inguin
9894,Toxic eff pesticides NEC
64643,Neuritis of preg-antepar
64752,Rubella-delivered w p/p
0548,H simplex complicat NOS
71988,Joint dis NEC-oth jt
V643,No proc for reasons NEC
94146,Deep 3rd deg burn scalp
1177,Zygomycosis
77181,NB septicemia [sepsis]
81403,"Fx triquetral, wrist-cl"
V2542,Iud surveillance
01753,TB of thyroid-micro dx
20195,Hodgkins dis NOS inguin
76501,Extreme immatur <500g
E8152,Mv coll w oth obj-mocycl
8504,Concussion-deep coma
25073,DMI circ uncntrld
09040,Juvenile neurosyph NOS
37221,Angular blepharoconjunct
78056,Sleep stage dysfunctions
9761,Poisoning-antipruritics
0794,Human papillomavirus
81119,Fx scapula NEC-open
37182,Corneal dsdr contct lens
75461,Congenital pes planus
E8497,Accid in resident instit
1466,Mal neo lat oropharynx
53909,Oth cmp gastrc band proc
55001,Recur unil ing hern-gang
82530,Fx foot bone NOS-open
37123,Bullous keratopathy
E846,Indus veh acc on premise
36501,Opn angl brderln lo risk
71899,Jt derangement NOS-mult
E8521,Acc poison-paraldehyde
94500,Burn NOS leg-unspec
75016,Microglossia
V1062,Hx of myeloid leukemia
56961,Colosty/enterost infectn
9685,Surfce-topic/infilt anes
2253,Benign neo spinal cord
E9885,Undet circ-mot veh crash
1977,Second malig neo liver
6395,Postabortion shock
V792,Scrn intellect disabilty
1319,Trichomoniasis NOS
45387,Ac embl thorac vein NEC
8781,Open wound penis-compl
63770,Ab NOS w compl NEC-unsp
7100,Syst lupus erythematosus
74869,Lung anomaly NEC
52407,Excessive tuberosity-jaw
29645,Bipol I cur man part rem
1523,Mal neo meckel's divert
09389,Cardiovascular syph NEC
1111,Tinea nigra
38039,Noninfect dis pinna NEC
0982,Chr gc infect lower gu
38189,Eustachian tube dis NEC
20070,Large cell lymph xtrndl
4589,Hypotension NOS
63391,Ectp preg NOS w int preg
3699,Visual loss NOS
2154,Ben neo soft tis thorax
30016,Factitious dis w symptom
E9138,Suffocation NEC
35922,Myotonia congenita
78631,Ac idio pul hemrg infant
4378,Cerebrovasc disease NEC
34641,Menstl mgrn w ntrc wo st
33909,Trigem autonmc cephl NEC
2142,Lipoma intrathoracic
1759,Mal neo male breast NEC
81350,Fx lower forearm NOS-opn
71644,Trans arthropathy-hand
76410,Lt-for-date w/mal wtNOS
1894,Mal neo paraurethral
32737,Circadian rhym oth dis
96903,Pois serotinin reuptake
1948,Mal neo endocrine NEC
01563,TB of mastoid-micro dx
72409,Spinal stenosis-oth site
77013,Amniotc asp w/o resp sym
30921,Separation anxiety
8248,Fx ankle NOS-closed
75656,Mult epiphyseal dysplas
80606,C5-c7 fx-cl/com cord les
7614,Ectopic pregnancy aff NB
7905,Abn serum enzy level NEC
34291,Unsp hemiplga domnt side
45182,Phlbts sprfc vn up extrm
9514,Injury to facial nerve
V7240,Pregnancy test unconfirm
01381,Cns TB NEC-no exam
E8233,Oth coll stn obj-cyc psg
63721,Ab NOS w pelv damag-inc
2739,Dis plas protein met NOS
80121,Cl skul base fx w/o coma
81512,Fx metacarp base NEC-opn
75532,Longitudin defic leg NEC
56789,Peritonitis NEC
V851,"BMI between 19-24,adult"
66340,Short cord-unspecified
01132,TB of bronchus-exam unkn
83911,Disloc lst cerv vert-opn
65173,Mul gest-fet reduct ante
9054,Late effect leg fx
51635,Idiopth lym interst pneu
71515,Loc prim osteoart-pelvis
5270,Salivary gland atrophy
217,Benign neoplasm breast
34500,Gen noncv ep w/o intr ep
29563,Schizo resid subchr/exac
94242,Deep 3rd burn chest wall
09835,"Gc cervicitis, chronic"
64091,Hem early preg-delivered
29680,Bipolar disorder NOS
73340,Asept necrosis bone NOS
65100,Twin pregnancy-unspec
E8428,Unpow aircrf acc-gr crew
80460,Opn skl/oth fx/cereb lac
V485,Sensor prob w neck/trunk
94402,Burn NOS thumb
9109,Superf inj head NEC-inf
52109,Dental caries NEC
9948,Effects electric current
36273,Vitreoretinal dystrophy
01102,TB lung infiltr-exm unkn
45621,Esoph varice oth dis NOS
3007,Hypochondriasis
78065,Hypothrm-wo low env tmp
7904,Elev transaminase/ldh
E9492,Adv eff typhus vaccine
65550,Fetal damg d/t drug-unsp
393,Chr rheumatic pericard
9283,Crushing injury toe
86321,Duodenum injury-closed
0919,Secondary syphilis NOS
E0290,Refereeing sports
20710,Chr erythrm w/o ach rmsn
5819,Nephrotic syndrome NOS
36212,Exudative retinopathy
01081,Prim prog TB NEC-no exam
30012,Dissociative amnesia
80144,Cl skl base fx-prol coma
84213,Sprain interphalangeal
01306,TB meningitis-oth test
3491,Complication cns device
00842,Pseudomonas enteritis
V1252,Hx-thrombophlebitis
66390,Cord complicat NOS-unsp
E9050,Venomous snake bite
6068,Male infertility NEC
65521,Famil heredit dis-deliv
01773,TB of spleen-micro dx
V341,Oth mult nb-before adm
33183,Mild cognitive impairemt
V096,Inf mcrg rstn sulfnmides
V626,Refusal of treatment
58281,Chr nephritis in oth dis
9091,Late eff nonmed substanc
86221,Bronchus injury-closed
38509,Tympnsclr-oth site comb
32700,Organic insomnia NOS
01673,TB fem gen NEC-micro dx
9517,Injury hypoglossal nerve
E8842,Fall from chair
29500,Simpl schizophren-unspec
2533,Pituitary dwarfism
E8068,RR acc NEC-person NEC
80181,Opn skl base fx w/o coma
56211,Dvrtcli colon w/o hmrhg
80661,Fx sacr-cl/cauda equ les
E8127,Mv collision NOS-pedest
V291,NB obsrv suspct neurlgcl
6806,Carbuncle of leg
V1365,Hx-cong malform-heart
36226,Retinoph prematr.stage 4
01575,TB of bone NEC-histo dx
20190,Hdgk dis unsp xtrndl org
07049,Oth vrl hepat w hpt coma
20915,Mal carcinoid desc colon
7754,Hypocalcem/hypomagnes NB
04104,Enterococcus group d
1414,Mal neo ant 2/3 tongue
65883,Amnion prob NEC-antepart
61179,Symptoms in breast NEC
E9384,Adv eff gen anes NEC/NOS
7421,Microcephalus
81306,Fx radius neck-closed
80441,Cl skl w oth fx w/o coma
V1249,Hx nerv sys/snse org NEC
41011,"AMI anterior wall, init"
E9469,Adv eff skin agent NOS
67432,Ob surg compl-del w p/p
E0089,"Sports,athletics NEC"
71879,Dev disloc jt-mult sites
8876,"Amputation arm, bilat"
9118,Superfic inj trunk NEC
83305,Disloc metacarpal-closed
94411,1st deg burn finger
64733,Tuberculosis-antepartum
6929,Dermatitis NOS
2104,Benign neo mouth NEC/NOS
4548,"Varic vein leg,comp NEC"
72760,Nontraum tendon rupt NOS
80146,Cl skul base fx-coma NOS
36862,Acquired night blindness
78057,Sleep apnea NOS
01583,TB of joint NEC-micro dx
E8698,Acc poison-gas/vapor NEC
83503,Ant disloc hip NEC-clos
7013,Striae atrophicae
28989,Blood diseases NEC
71163,Mycotic arthrit-forearm
7920,Abn fnd-cerebrospinal fl
42650,Bundle branch block NOS
6963,Pityriasis rosea
66624,Delay p/part hem-postpar
64111,Placenta prev hem-deliv
64631,Recurnt preg loss-deliv
77018,NB asp w resp symp NEC
4250,Endomyocardial fibrosis
9945,Exhaustion-excess exert
E9282,Exposure to vibration
20108,Hodgkins paragran mult
V9111,Triplet gest 2+ monochor
36230,Retinal vasc occlus NOS
8690,Internal inj NOS-closed
8672,Ureter injury-closed
E977,Late eff-legal intervent
3941,Rheumatic mitral insuff
1213,Fascioliasis
1723,Mal melanom face NEC/NOS
3066,Psychogen endocrine dis
38582,Cholesterin granuloma
51882,Other pulmonary insuff
34571,Epil par cont w intr epi
83110,Disloc shoulder NOS-open
20701,Act erth/erylk w rmson
E9298,Late eff accident NEC
8081,Fracture acetabulum-open
92400,Contusion of thigh
1514,Mal neo stomach body
2872,Purpura NOS
V283,Scr fetl malfrm-ultrasnd
3572,Neuropathy in diabetes
1271,Anisakiasis
4954,Malt workers' lung
01721,TB periph lymph-no exam
03284,Diphtheritic cystitis
20800,Ac leu un cl wo ach rmsn
73390,Bone & cartilage dis NOS
V1351,Hx pathological fracture
5088,Resp cond: ext agent NEC
78461,Alexia and dyslexia
74685,Coronary artery anomaly
94413,1st deg burn mult finger
64973,Cervical shortening-ante
30480,Comb drug dep NEC-unspec
7383,Acq chest deformity
34662,Prs ara wo ntr w inf/st
36623,Part resolv traum catar
64832,Drug dependen-del w p/p
66604,Third-stage hem-postpart
65420,Prev c-delivery unspec
03681,Meningococc optic neurit
52550,Partial edentulism NOS
V6282,"Bereavement, uncomplicat"
7592,Endocrine anomaly NEC
64803,Diabetes-antepartum
3358,Ant horn cell dis NEC
6061,Oligospermia
99582,Adult emotnl/psych abuse
64791,Infect NOS-delivered
28264,Hb-S/Hb-C dis w crisis
1914,Mal neo occipital lobe
00862,Intes infec adenovirus
67442,Placent polyp-del w p/p
2864,Von willebrand's disease
63741,Ab NOS w metab dis-inc
36721,Regular astigmatism
E8204,Snow veh acc-st car
2680,"Rickets, active"
193,Malign neopl thyroid
5282,Oral aphthae
V714,Observ-accident NEC
7088,Urticaria NEC
37903,Anterior scleritis
V0182,Exposure to SARS
01344,Tubrclma sp cord-cult dx
30721,Transient tic disorder
V462,Depend-supplement oxygen
65410,Uter tumor in preg-unsp
4143,Cor ath d/t lpd rch plaq
7792,Cns dysfunction syn NB
33394,Restless legs syndrome
80233,Fx coron proc mandib-opn
63472,Spon ab w compl NEC-comp
0500,Variola major
37805,Alternating esotropia
79539,Nonsp positive cult NEC
4275,Cardiac arrest
66891,Anesth compl NOS-deliver
67622,Breast engorge-del w p/p
64721,Other vd-delivered
25951,Androgen insensitvty syn
85416,Open brain inj-coma NOS
76403,Lt-for-dates 750-999g
E9857,Injury paintball gun NOS
E9098,Acc d/t eruptions NEC
9103,Blister head-infected
65680,Fet/plac prob NEC-unspec
E9500,Poison-analgesics
7249,Back disorder NOS
41400,Cor ath unsp vsl ntv/gft
71686,Arthropathy NEC-l/leg
62931,Eros imp vag mesh in tis
5071,Oil/essence pneumonitis
2111,Benign neoplasm stomach
94853,50-59% bdy brn/30-39% 3d
80062,Opn skul vlt fx-brf coma
2893,Lymphadenitis NOS
E9433,Adv eff cathartics NEC
66300,Cord prolapse-unspec
1658,Mal neo thorax/resp NEC
31233,Pyromania
71620,Allerg arthritis-unspec
81406,Fx trapezoid bone-closed
36972,One eye-sev/oth-nr norm
45341,Ac DVT/emb prox low ext
1625,Mal neo lower lobe lung
01106,TB lung infiltr-oth test
36462,Exud cyst iris/ant chamb
V579,Rehabilitation proc NOS
01323,Tubrcloma brain-micro dx
V748,Screen-bacterial dis NEC
36241,Cent serous retinopathy
94559,3 deg brn w loss leg-mlt
38001,Ac perichondritis pinna
1808,Malig neo cervix NEC
99665,React-oth genitourin dev
01301,TB meningitis-no exam
65483,Abnormal vulva-antepart
E9352,Adv eff opiates
36069,Intraocular FB NEC
2725,Lipoprotein deficiencies
71124,Behcet arthritis-hand
37171,Corneal ectasia
2331,Ca in situ cervix uteri
V078,Prophyl or tx meas NEC
77589,Neonat endo/met dis NEC
41402,Crn ath atlg vn bps grft
E894,Fire-highly inflam mater
V211,Puberty
3349,Spinocerebellar dis NOS
80718,Fx eight/more ribs-open
64603,Papyraceous fet-antepar
37244,Double pterygium
E8131,Mv-oth veh coll-pasngr
36055,"Old magnet fb, post wall"
74333,Nuclear cataract
72939,"Panniculitis, site NEC"
75453,Metatarsus varus
E9362,Adv eff succinimides
1740,Malig neo nipple
6190,"Urin-genital fistul, fem"
78095,"Excs cry chld,adol,adult"
E8039,RR acc w explos-pers NOS
34652,Prs ara wo inf/ntr w st
E8321,Submers NEC-power boat
6288,Female infertility NEC
2130,Ben neo skull/face bone
9150,Abrasion finger
2133,Ben neo ribs/stern/clav
E8716,FB post heart catheter
5792,Blind loop syndrome
V5830,Attn rem nonsurg dressng
71216,Dicalc phos cryst-l/leg
47400,Chronic tonsillitis
E9108,Accidental drowning NEC
30391,Alcoh dep NEC/NOS-contin
8398,Dislocation NEC-closed
01804,Acute miliary tb-cult dx
73008,Ac osteomyelitis NEC
V433,Heart valve replac NEC
E9653,Assault-military weapon
74331,Capsular cataract
94405,Burn NOS palm
V2389,Suprv high-risk preg NEC
56782,Sclerosing mesenteritis
E8197,Traffic acc NOS-pedest
94241,Deep 3rd deg burn breast
9754,Poisoning-antitussives
V7286,Blood typing encounter
3573,Neuropathy in malig dis
3960,Mitral/aortic stenosis
99696,Compl reattached leg NEC
6116,Galactorrhea-nonobstet
V4582,Status-post ptca
25072,DMII circ uncntrld
75317,Medullary sponge kidney
71885,Jt derangment NEC-pelvis
E8244,N-traf brd/alit-st car
52135,Erosion-generalized
78935,Abdmnal mass periumbilic
V8552,"BMI,pediatric 5% - <85%"
9893,Tox eff organphos/carbam
1628,Mal neo bronch/lung NEC
01896,Miliary TB NOS-oth test
048,Oth enteroviral cns dis
72611,Calcif tendinitis shlder
64900,Tobacco use disord-unsp
3766,"Old foreign body, orbit"
70705,"Pressure ulcer, buttock"
2723,Hyperchylomicronemia
5948,Lower urin calcul NEC
7683,Fetal distrs dur lab/del
01516,TB of hip-oth test
3218,Mening in oth nonbac dis
20067,Anaplastic lymph spleen
80022,Cl skull vlt fx-brf coma
80601,C1-c4 fx-cl/com cord les
99889,Oth spcf cmplc procd NEC
36913,One eye-sev/oth-near tot
9273,Crushing injury finger
9330,Foreign body in pharynx
E8786,Abn reac-organ rem NEC
5369,Stomach function dis NOS
44289,Aneurysm NEC
36234,Transient arterial occlu
83300,Disloc wrist NOS-closed
E9446,Adv eff mineral salt NEC
V156,Hx of poisoning
29505,Simpl schizophren-remiss
V144,Hx-anesthetic allergy
99661,React-cardiac dev/graft
9160,Abrasion hip & leg
80355,Opn skl fx NEC-deep coma
71190,Inf arthritis NOS-unspec
101,Vincent's angina
V4559,Prsc other cntrcptv dvc
53341,Chr peptic ulc w hem-obs
2705,Dis histidine metabolism
9405,Burn w eyeball destruct
79925,Demoralization & apathy
03283,Diphtheritic peritonitis
3332,Myoclonus
E8349,W/crft fall NEC-pers NOS
52311,Chr gingivitis-nonplaque
9071,Late eff cran nerve inj
3142,Hyperkinetic conduct dis
63512,Legal abor w hemorr-comp
67142,Thromb postpar-del w p/p
E9491,Adv eff rabies vaccine
E8050,Hit by train-employee
E8554,Acc poisn-anticholinerg
66614,Postpart hem NEC-postpar
65343,Fetopel disprop-antepart
37815,Alternating exotropia
94320,2nd deg burn arm NOS
01714,Erythem nodos tb-cult dx
37543,Lacrimal mucocele
6250,Dyspareunia
64892,Oth curr cond-del w p/p
17392,Squam cell ca skin NOS
0990,Chancroid
94128,2nd deg burn neck
E8553,Acc poison-cholinergics
0780,Molluscum contagiosum
7965,Abn find antenatl screen
E9872,Undet fall natural site
9984,FB left during procedure
E8028,RR acc w derail-pers NEC
32363,Postinfectious myelitis
37521,Epiphora d/t excess tear
E8415,Oth powered aircraft acc
V495,Limb problems NEC
74512,Correct transpos grt ves
V719,Observ-suspect cond NOS
07071,Hpt C w hepatic coma NOS
20001,Reticulosarcoma head
7515,Intestinal anomaly NEC
V487,Disfigurement neck/trunk
28319,Oth nonauto hem anemia
01096,Primary TB NOS-oth test
80841,Fracture of ilium-closed
01630,TB urinary NEC-unspec
3693,"Blindness NOS, both eyes"
6945,Pemphigoid
2591,Sexual precocity NEC
05571,Measles keratitis
37804,Monoc esotrop w x/y pat
E8361,Mach acc-occ power boat
36332,Macular scars NEC
66023,Abn pelv tis obstr-antep
72679,Ankle enthesopathy NEC
71623,Allerg arthritis-forearm
25511,Glucrtcod-rem aldsternsm
E8202,Snow veh acc-motorcycl
V472,Cardiorespirat probl NEC
62932,Exp imp vag mesh-vagina
E8587,Acc poisn-skin/eent agnt
42833,Ac on chr diast hrt fail
65380,Disproportion NEC-unspec
0212,Pulmonary tularemia
05379,H zoster complicated NEC
5122,Postoperative air leak
99564,Anphyl react tr nts seed
2830,Autoimmun hemolytic anem
E9838,Undet circ-suffocate NEC
1409,Mal neo lip/vermil NOS
59582,Irradiation cystitis
2105,Benign neoplasm tonsil
74741,Tot anom pulm ven connec
0068,Amebic infection NEC
20380,Oth imno npl wo ach rmsn
7827,Spontaneous ecchymoses
5579,Vasc insuff intest NOS
46611,Acu broncholitis d/t RSV
36251,Nonexudat macular degen
71945,Joint pain-pelvis
E9425,Adv eff vasodilators NEC
66113,Sec uterine inert-antepa
71106,Pyogen arthritis-l/leg
1453,Malig neo soft palate
V571,Physical therapy NEC
80424,Cl skl/oth fx-proln coma
01600,TB of kidney-unspec
E9065,Animal bite NOS
72990,Soft tissue disord NOS
7922,Abn findings-semen
01792,TB organ NEC-exam unkn
37423,Cicatricial lagophthalm
E8636,Acc poison-fungicides
7617,Antepart malpres aff NB
4559,Residual hemorrhoid tags
8730,Open wound of scalp
01564,TB of mastoid-cult dx
44502,"Atheroembolism,lower ext"
V8812,Acq part absnce pancreas
66961,Breech extr NOS-deliver
67911,Fetal comp in utero-del
V704,Exam-medicolegal reasons
94525,2nd deg burn knee
E8744,Instrmnt fail-catheteriz
40291,Hyp ht dis NOS w ht fail
0931,Syphilitic aortitis
75522,Longitud defic arm NEC
86385,Appendix injury-closed
586,Renal failure NOS
7530,Renal agenesis
9720,Pois-card rhythm regulat
2972,Paraphrenia
83800,Dislocat foot NOS-closed
1260,Ancylostoma duodenale
29043,Vasc dementia w depressn
71538,Loc osteoar NOS-site NEC
73641,Genu valgum
0064,Amebic lung abscess
79929,Emotional state sym NEC
9139,Suprf inj forarm NEC-inf
E9461,Adv eff antipruritics
9390,FB bladder & urethra
64513,Post term preg-antepar
V149,Hx-drug allergy NOS
30789,Psychogenic pain NEC
81312,Fx coronoid pro ulna-opn
37884,Convergence excess
725,Polymyalgia rheumatica
34511,Gen cnv epil w intr epil
9823,Tx ef cl-hydcarb slv NEC
1421,Malig neo submandibular
75554,Madelung's deformity
2560,Hyperestrogenism
66350,Vasa previa-unspecified
V5402,Length/adjust growth rod
36457,Degen ciliary body
80074,Opn skl vlt fx-proln com
20125,Hodgkins sarcoma inguin
66910,Obstetric shock-unspec
85306,Brain hem NEC-coma NOS
37853,Fourth nerve palsy
6227,Mucous polyp of cervix
53530,Alchl gastrtis w/o hmrhg
80711,Fracture one rib-open
E8442,Aircrft acc NEC-crew
27482,Gouty tophi site NEC
52321,Gingival recess-minimal
75265,Hidden penis
64921,Bariatric surg stat-del
01284,Resp TB NEC-cult dx
E8706,Acc cut/hem w heart cath
20722,Mgkrycyt leuk in relapse
9645,Poisoning-coagulants
04591,Ac polio NOS-type 1
2360,Uncert behav neo uterus
37633,Orbital edema
28247,Hgb E-beta thalassemia
1601,Malig neo middle ear
81316,Fx radius neck-open
V745,Screen for veneral dis
3544,Causalgia upper limb
20031,Margin zone lym head
25003,DMI wo cmp uncntrld
20781,Oth spf leuk w remsion
6022,Atrophy of prostate
59373,Vscourtl rflx w npht NOS
85192,Opn brain lac-brief coma
8441,Sprain medial collat lig
86410,Liver injury NOS-open
94448,Deep 3 deg brn hand-mult
80406,Cl skl w oth fx-coma NOS
01805,Ac miliary tb-histo dx
E8298,Oth rd veh acc-pers NEC
08240,Ehrlichiosis NOS
20110,Hdgk grn unsp xtrndl org
75525,Longitud defic radioulna
75169,Biliary & liver anom NEC
66971,Cesarean delivery NOS
37644,Craniofacial-orbit defor
8470,Sprain of neck
7914,Biliuria
83202,Post disloc elbow-closed
1349,Infestation NOS
9495,3rd burn w loss-site NOS
E8580,Acc poison-hormones
2638,Protein-cal malnutr NEC
9548,Injury trunk nerve NEC
V8525,"BMI 29.0-29.9,adult"
74569,Endocard cushion def NEC
72612,Bicipital tenosynovitis
52100,Dental caries NOS
24930,Sec DM ot cma nt st uncn
63321,Ovarian preg w intra prg
9011,Inj innomin/subclav art
9049,Blood vessel injury NOS
03819,Staphylcocc septicem NEC
57142,Autoimmune hepatitis
0546,Herpetic whitlow
41040,"AMI inferior wall,unspec"
81242,"Fx humer, lat condyl-cl"
0599,Poxvirus infection NOS
30929,Adj react-emotion NEC
20283,Lymphomas NEC abdom
E8280,Ridden animal acc-pedest
63440,Spon ab w metab dis-unsp
77214,"NB intraven hem,grade iv"
64003,Threaten abort-antepart
0568,Rubella complication NOS
37992,Swelling or mass of eye
E8492,Accident in mine/quarry
63572,Leg ab w compl NEC-comp
30561,Cocaine abuse-continuous
E9192,Lifting machine accident
80629,T7-t12 fx-cl/crd inj NEC
64831,Drug dependence-deliver
67182,Ven comp NEC-deliv w p/p
5226,Chr apical periodontitis
65933,Septicem in labor-antepa
V4366,Joint replaced ankle
05889,Human herpesvirs inf NEC
90225,Inj super mesenteric art
69581,Ritter's disease
71131,Dysenter arthrit-shlder
37212,Chr follic conjunctivit
20248,Hairy-cell leukem mult
90223,Injury splenic artery
1406,"Mal neo lip, commissure"
9220,Contusion of breast
V4362,Joint replaced elbow
V821,Screen-rheumatoid arthr
71154,Viral arthritis-hand
V051,Vacc arboviral dis NEC
94533,3rd deg burn ankle
73321,Solitary bone cyst
24201,Tox dif goiter w crisis
73076,Polio osteopathy-l/leg
85179,Opn cerebell lac-concuss
37102,Periph opacity of cornea
71280,Cryst arthrop NEC-unspec
41051,"AMI lateral NEC, initial"
1541,Malignant neopl rectum
0570,Erythema infectiosum
3449,Paralysis NOS
38658,Labyrinthine dysfunc NEC
1236,Hymenolepiasis
E9291,Late eff transport acc
80501,Fx c1 vertebra-closed
1901,Malign neopl orbit
7750,Infant diabet mother syn
8719,Opn wound of eyeball NOS
2763,Alkalosis
2247,Ben neo lacrimal duct
87411,Open wound larynx-compl
2948,Mental disor NEC oth dis
V6229,Occupationl circumst NEC
4170,Arterioven fistu pul ves
65821,Prolong rupt memb-deliv
53989,Ot comp ot bariatrc proc
63662,Illeg ab w embolism-comp
20920,Mal crcnd prim site unkn
7060,Acne varioliformis
36218,Retinal vasculitis
E9353,Adv eff salicylates
57440,Choledochlith/gb inf NEC
7379,Curvature of spine NOS
2132,Benign neo vertebrae
64713,Gonorrhea-antepartum
V1643,Fm hx testis malig
35979,Inflm/immune myopath NEC
94301,Burn NOS forearm
4389,Late effect CV dis NOS
7428,Nervous system anom NEC
V8481,Genetc sus mult endo neo
6113,Fat necrosis of breast
E9950,War inj:hnd-hnd combat
76419,Lt-for-date w/mal 2500+g
33709,Idio perph auto neur NEC
40402,Mal hy ht/kd st V w/o hf
20075,Large cell lymph inguin
37275,Conjunctival cysts
5831,Membranous nephritis NOS
V231,Preg w hx-trophoblas dis
0340,Strep sore throat
36277,Bruch membrane dystrophy
71115,Reiter arthritis-pelvis
04502,Ac bulbar polio-type 2
20030,Margnl zone lym xtrndl
V6405,No vaccin-caregiv refuse
E9208,Acc-cutting instrum NEC
2569,Ovarian dysfunction NOS
E0071,Amer flag/touch football
66524,Invers uterus-postpart
67680,Lactation dis NEC-unspec
36814,Distortion of shape/size
78552,Septic shock
80050,Opn skull vault fracture
30013,Dissociative fugue
64131,Coag def hemorr-deliver
80104,Cl skl base fx-prol coma
9674,Poisoning-methaqualone
3949,Mitral valve dis NEC/NOS
E8611,Acc poison-soap products
E911,Resp obstr-food inhal
3009,Nonpsychotic disord NOS
92810,Crushing inj lower leg
V062,Vaccin for dtp + tab
01202,TB pleurisy-exam unkn
36651,Soemmering's ring
V9081,Retained glass fragments
2371,Unc behav neo pineal
82310,Fx upper end tibia-open
20801,Act leuk uns cl w rmson
09953,Oth VD chlm trch lowr gu
V518,Aftercre plastc surg NEC
85301,Brain hem NEC w/o coma
E8165,Loss cont mv-anim rider
1604,Malig neo frontal sinus
80165,Op skl base fx-deep coma
85121,Cortex lacerat w/o coma
82311,Fx upper end fibula-open
5768,Dis of biliary tract NEC
E8612,Acc poison-polishes
79951,Attn/concentrate deficit
E8018,RR col w oth obj-per NEC
65161,Mult ges w fet loss-del
94427,2nd deg burn wrist
1273,Trichuriasis
70724,"Pressure ulcer, stage IV"
72810,Muscular calcificat NOS
23872,Low grde myelody syn les
94840,40-49% bdy brn/3 deg NOS
84500,Sprain of ankle NOS
30189,Personality disorder NEC
94425,2nd deg burn palm
71981,Joint dis NEC-shlder
75315,Renal dysplasia
36401,Primary iridocyclitis
34631,Hmplg mgrn w ntrc wo st
63621,Illeg ab w pel damag-inc
51663,Surfactant mutation lung
67144,Deep vein thromb-postpar
66321,Cord compress NEC-deliv
4233,Cardiac tamponade
1705,Mal neo bones wrist/hand
V9089,Retain FB NEC
01015,Prim TB pleuris-histo dx
7220,Cervical disc displacmnt
E9936,War inj:acc own munition
34700,Narcolepsy w/o cataplexy
E9249,Hot substance accid NOS
78064,Chills (without fever)
E9052,Scorpion sting
9535,Lumbosacral plex injury
76528,35-36 comp wks gestation
66353,Vasa previa-antepartum
V2342,Preg w hx ectopic preg
6384,Attem abor w metabol dis
80142,Cl skul base fx-brf coma
V8544,"BMI 60.0-69.9, adult"
5890,Unilateral small kidney
38200,Ac supp otitis media NOS
36565,Glaucoma w ocular trauma
1040,Nonvenereal endemic syph
V7189,Observ-suspect cond NEC
29515,Hebephrenia-remission
72812,Traum myositis ossifican
01725,TB periph lymph-histo dx
52489,Dentofacial anomaly NEC
62132,Comp endo hyper w/o atyp
85190,Brain lac NEC w open wnd
V1919,Family hx-eye disord NEC
74334,Cong tot/subtot cataract
2890,Secondary polycythemia
6179,Endometriosis NOS
E9424,Adv eff coronary vasodil
01696,Gu TB NOS-oth test
9796,Pois-viral/rick vacc NEC
1954,Malign neopl arm
3709,Keratitis NOS
65183,Multi gest NEC-antepart
65831,Artific rupt membr-deliv
67152,Thromb NEC-deliv w p/p
38381,Postauricular fistula
7323,Juv osteochondrosis arm
7609,Maternal cond NOS aff NB
30746,Sleep arousal disorder
E9942,War inj:aircrft collisn
0906,Late congen syph latent
94431,3rd deg burn finger
53461,Chr marg ulc hem/perf-ob
29654,Bipol I currnt dep w psy
75313,Polycyst kid-autosom dom
E9193,Metalworking machine acc
36402,Recurrent iridocyclitis
83201,Ant disloc elbow-closed
83512,Obturator disloc hip-opn
71696,Arthropathy NOS-l/leg
85115,Opn cort contu-deep coma
64942,Epilepsy-delivered w p/p
94552,3 deg burn w loss-foot
20054,Primary CNS lymph axilla
38610,Peripheral vertigo NOS
67584,Breast inf NEC-postpart
1641,Malignant neopl heart
5762,Obstruction of bile duct
82322,Fx shaft fib w tib-clos
07070,Hpt C w/o hepat coma NOS
38000,Perichondritis pinna NOS
85152,Opn cerebe cont-brf coma
5990,Urin tract infection NOS
30720,Tic disorder NOS
V6401,No vaccin-acute illness
88121,Opn wound elbow w tendon
38532,Cholesteatoma middle ear
36922,Severe impair-both eyes
80034,Cl skl vlt fx-proln coma
01700,TB skin/subcutan-unspec
1418,Malig neo tongue NEC
38832,Objective tinnitus
63772,Ab NOS w compl NEC-comp
66992,Compl del NOS-del w p/p
V2882,Scrn risk preterm labor
1104,Dermatophytosis of foot
E9430,Adv eff antacids
00867,Int inf enterovirus NEC
79579,Oth unspcf nspf imun fnd
36860,Night blindness NOS
8832,Open wnd finger w tendon
66544,High vaginal lac-postpar
430,Subarachnoid hemorrhage
01501,TB of vertebra-no exam
99553,Child sexual abuse
94896,90% + bdy brn/60-69% 3rd
9117,Foreign body trunk-infec
52412,Other jaw asymmetry
2168,Benign neoplasm skin NEC
71888,Jt derangment NEC-oth jt
20206,Nodular lymphoma pelvic
E9803,Undeterm pois-psychotrop
94530,3rd deg burn leg NOS
1907,Mal neo lacrimal duct
9699,Poison-psychotropic NOS
01560,TB of mastoid-unspec
82523,Fx cuboid-closed
9592,Shldr/upper arm inj NOS
E9444,Adv eff diuretics NEC
7215,Kissing spine
20233,Mal histiocytosis abdom
V6545,Consln ot sex trnsmt dis
31230,Impulse control dis NOS
01151,TB bronchiect-no exam
75245,Vaginal agenesis
75024,Cong salivary fistula
67490,Puerp compl NOS-unspec
35781,Chr inflam polyneuritis
37907,Posterior scleritis
41052,"AMI lateral NEC, subseq"
515,Postinflam pulm fibrosis
96509,Poisoning-opiates NEC
81331,Fx radius shaft-open
E9349,Adv eff blood agent NOS
71632,Climact arthritis-up/arm
20238,Mal histiocytosis mult
V400,Problems with learning
01005,Prim TB complex-histo dx
7394,Somat dysfunc sacral reg
1288,Helminthiasis NEC
37817,Alt exotropia w v pattrn
8468,Sprain sacroiliac NEC
38913,"Neural hear loss, unilat"
65660,Excess fetal grth-unspec
52513,Loss of teeth d/t caries
64081,Hem early preg NEC-deliv
80155,Op skl base fx-deep coma
94447,Deep 3 deg burn wrist
36753,Spasm of accommodation
0391,Pulmonary actinomycosis
37942,Miosis not d/t miotics
38013,Ac infect extern ear NEC
67630,Breast dis preg NEC-unsp
80125,Cl skl base fx-deep coma
83410,Disloc finger NOS-open
73312,Path fx dstl radius ulna
V560,Renal dialysis encounter
V1362,Hx-cong malform-gu
67912,Ftl cmp in utro-del-p/p
00844,Int inf yrsnia entrcltca
64221,Old hyperten NEC-deliver
56203,Dvrtcli sml int w hmrhg
5272,Sialoadenitis
83917,Disloc 7th cerv vert-opn
90141,Injury pulmonary artery
9474,Burn of vagina & uterus
99639,Malfunc gu dev/graft NEC
63672,Illg ab w compl NEC-comp
E0053,Trampoline
65663,Excess fet grth-antepart
V822,Screen-rheumat dis NEC
53561,Duodenitis w hmrhg
65383,Dispropor NEC-antepartum
9111,Abrasion trunk-infected
3330,Degen basal ganglia NEC
80390,Op skl fx NEC/br inj NEC
09151,Syphilit chorioretinitis
01790,TB of organ NEC-unspec
1764,Lung - kaposi's sarcoma
2459,Thyroiditis NOS
542,Other appendicitis
53450,Chr marginal ulc w perf
79989,Ill-define condition NEC
6191,"Digest-genit fistul, fem"
17351,Basal cell ca skin trunk
71995,Joint dis NOS-pelvis
6819,Cellulitis of digit NOS
29980,Pervasv dev dis-cur NEC
E0291,Spectator at event
64934,Coagulation def-postpart
4467,Takayasu's disease
75538,Longitudinal defic foot
66884,Anesth compl-postpartum
80124,Cl skl base fx-prol coma
8064,Cl lumbar fx w cord inj
E9305,Adv eff cephalosporin
47824,Retropharyngeal abscess
99933,Lcl inf dt cen ven cth
85164,Cerebel lacer-proln coma
38320,Petrositis NOS
9164,Insect bite hip & leg
9039,Injury arm vessel NOS
80343,Cl skull fx NEC-mod coma
E030,Activity NOS
E8336,W/crf stair fall-docker
E8603,Acc poisn-isopropyl alc
67140,Deep thromb postpar-unsp
64682,Preg compl NEC-del w p/p
01125,TB lung w cavit-histo dx
67593,Breast inf NOS-antepart
4162,Chr pulmonary embolism
90442,Injury popliteal vein
36322,Harada's disease
1373,Late eff bone & joint TB
V811,Screen for hypertension
74761,Gstrontest vesl anomaly
8704,Penetrat wnd orbit w FB
73037,Periostitis-ankle
90227,Inj infer mesenteric art
94321,2nd deg burn forearm
80090,Op skl vlt fx/br inj NEC
E0159,Cooking & grilling NEC
01396,Cns TB NOS-oth test
E9820,Undeter pois-exhaust gas
8209,Fx neck of femur NOS-opn
1403,"Mal neo upper lip, inner"
52122,Abrasion-dentine
7892,Splenomegaly
67080,Maj prp infec NEC-unspec
6964,Pityriasis rubra pilaris
20410,Ch lym leuk wo achv rmsn
E9302,Adv eff chloramphenicol
94874,70-79% bdy brn/40-49% 3d
E8613,Acc poison-cleanser NEC
63571,Leg ab w compl NEC-inc
V679,Follow-up exam NOS
36201,Diabetic retinopathy NOS
83806,Disl interphalan foot-cl
65513,Fet chromo abn-antepart
29600,Bipol I single manic NOS
05444,H simplex iridocyclitis
E0181,Drum/percussion playing
30289,Psychosexual dis NEC
78033,Post traumatic seizures
1143,Progress coccidioid NEC
E9210,Boiler explosion
67454,Peripartum card-postpart
V422,Heart valve transplant
65391,Disproportion NOS-deliv
V1587,Hx of ECMO
24991,Sec DM unsp uncontrold
5303,Esophageal stricture
8089,Pelvic fracture NOS-open
37064,Corneal ghost vessels
67522,Mastitis-deliv w p/p
9391,Foreign body uterus
75531,Transverse defic leg
99668,React-periton dialy cath
4721,Chronic pharyngitis
63482,Spon ab w compl NOS-comp
67200,Puerperal pyrexia-unspec
7932,Nonsp abn intrathor NEC
4910,Simple chr bronchitis
94820,20-29% bdy brn/3 deg NOS
83304,Disloc carpometacarp-cl
63631,Illeg ab w ren fail-inc
20276,Periph T cell lym pelvic
94423,2nd deg burn mult finger
3379,Autonomic nerve dis NEC
4404,Chr tot occl art extrem
1162,Lobomycosis
V1589,Hx-health hazards NEC
V484,Sensory problem w head
52554,"Part edentulism,class IV"
05600,Rubella nerve compl NOS
73743,Scoliosis in oth dis
65560,Radiat fetal damag-unsp
43832,Lt ef-mplga uplmb nondom
2682,Osteomalacia NOS
4473,Renal artery hyperplasia
V5419,Aftrce traum fx bone NEC
E9263,X-ray/gamma ray exposure
5964,Atony of bladder
66404,Del w 1 deg lac-postpart
88111,Open wound elbow-complic
36967,One eye-prfound/oth-unkn
E8639,Acc pois-agrcult NEC/NOS
37301,Ulcerative blepharitis
6923,Topical med dermatitis
37919,Disorder of sclera NEC
71813,Loose body-forearm
61805,Perineocele
E954,Injury-submersion
V8803,Acq absnc cerv/remain ut
35831,Lambert-Eaton synd neopl
5061,Fum/vapor ac pulm edema
V2134,Low birthwt 1500-1999g
94345,Deep 3 deg burn shoulder
3529,Cranial nerve dis NOS
E9450,Adv eff oxytocic agents
5949,Lower urin calcul NOS
3689,Visual disturbance NOS
67334,Ob pyemic embol-postpart
3369,Spinal cord disease NOS
71210,Dicalc phos cryst-unspec
37990,Eye disorder NOS
61189,Disorders breast NEC
E8382,Watercraft acc NEC-crew
V5302,Adjust neuropacemaker
80220,Mandible fx NOS-closed
9092,Late effect of radiation
20197,Hodgkins dis NOS spleen
20055,Primary CNS lym inguin
67480,Puerp compl NEC-unspec
V1209,Prsnl hst oth nfct parst
64611,Edema in preg-delivered
01890,Miliary TB NOS-unspec
E8901,Priv dwel fire-pvc fumes
01170,TB pneumothorax-unspec
37682,Extraocul muscl myopathy
E8651,Acc poison-shellfish
36583,Aqueous misdirection
E9438,Adv eff GI agent NEC
52802,Mucositis d/t drugs NEC
78096,Generalized pain
74190,Spina bifida
2453,Chr fibrous thyroiditis
V532,Adjustment hearing aid
E8809,Fall on stair/step NEC
09182,Syphilitic alopecia
71962,Joint symptom NEC-up/arm
80363,Opn skul fx NEC-mod coma
2395,Other gu neoplasm NOS
73673,Cavus deformity of foot
27910,Immundef t-cell def NOS
01741,TB of ear-no exam
63752,Abort NOS w shock-comp
71697,Arthropathy NOS-ankle
1963,Mal neo lymph-axilla/arm
38611,Benign parxysmal vertigo
7519,Anom digestive syst NOS
66510,Rupture uterus NOS-unsp
7680,Fetal death-anoxia NOS
E8379,Watercraft expl-pers NOS
E8632,Acc poison-carbamates
01782,TB esophagus-exam unkn
74253,Hydromyelia
05912,Sealpox
37913,Equatorial staphyloma
V2512,Removal of iud
28860,Leukocytosis NOS
1103,Dermatophytosis of groin
71835,Recur dislocat-pelvis
85131,Opn cortex lacer-no coma
87279,Open wound ear NEC-compl
56201,Dvrtcli sml int w/o hmrg
73676,Calcaneus deformity NEC
94133,3rd deg burn lip
1551,Mal neo intrahepat ducts
9162,Blister hip & leg
20274,Periph T cell lym axilla
V188,Fm hx-infect/parasit dis
52462,Arthralgia TMJ
3736,Parasitic infest eyelid
73302,Idiopathic osteoporosis
36370,Choroidal detachment NOS
7786,Congenital hydrocele
20292,Lymphoid mal NEC thorax
V5350,Fit/adjust intestinl dev
V3401,Oth mult lb-in hosp w cs
75679,Congn anoml abd wall NEC
1144,Ch pl coccidioidomycosis
72671,Achilles tendinitis
E9300,Adv eff penicillins
94882,80-89% bdy brn/20-29% 3d
E9386,Adv eff nerve-block anes
V4382,Breast replacement
75561,Congenital coxa valga
23332,Carcinoma in situ vulva
71667,Monoarthritis NOS-ankle
84842,Sprain chondrosternal
V782,Screen-sickle cell dis
77084,Resp failure of newborn
80701,Fracture one rib-closed
1703,Mal neo ribs/stern/clav
38601,"Actv Meniere,cochlvestib"
E0111,Handheld interac elec dv
6186,Vaginal enterocele
64600,Papyraceous fetus-unspec
2323,Ca in situ skin face NEC
9616,Poisoning-anthelmintics
V1302,Personal history UTI
2211,Benign neoplasm vagina
37961,"Inflam postproc bleb, 1"
65903,Fail mech induct-antepar
28652,Acquired hemophilia
63630,Illeg ab w ren fail-unsp
55100,Unil femoral hern w gang
9032,Injury radial vessels
20621,Sbac mono leuk w rmsion
75312,Polycystic kidney NOS
3022,Pedophilia
37302,Squamous blepharitis
61651,Vulvar ulcer in oth dis
8674,Uterus injury-closed
65553,Fet damg d/t drug-antepa
37749,Optic nerve disorder NEC
59801,Ureth strict:oth infect
78050,Sleep disturbance NOS
05920,Yatapoxvirus infectn NOS
4243,Pulmonary valve disorder
33391,Stiff-man syndrome
07279,Mumps complication NEC
37713,Optic atrph w retin dyst
72470,Disorder of coccyx NOS
80039,Cl skl vlt fx-concus NOS
79413,Abnormal vep
8970,"Amput below knee, unilat"
48249,Staph pneumonia NEC
2650,Beriberi
V8742,Hx monoclonal drug thrpy
E9019,Excessive cold NOS
71849,Jt contracture-mult jts
99522,Adv eff anesthesia NOS
70211,Inflamed sbrheic keratos
E9288,Accident NEC
74789,Circulatory anomaly NEC
85302,Brain hem NEC-brief coma
58189,Nephrotic syndrome NEC
6149,Fem pelv inflam dis NOS
75011,Aglossia
38152,Chr eustachian salping
64920,Bariatric surg stat-unsp
V293,NB obs genetc/metabl cnd
60090,BPH NOS w/o ur obs/LUTS
17301,Basal cell ca skin lip
80716,Fracture six ribs-open
64764,Oth viral dis-postpartum
V7101,Obsv-adult antisoc behav
E0025,"Row,canoe,kayk,raft,tube"
77981,Neonatal bradycardia
7131,Arthrop w noninf GI dis
V694,Lack of adequate sleep
36214,Retina microaneurysm NOS
9081,Late eff int inj abdomen
34561,Inf spasm w intract epil
5962,Vesical fistula NEC
67583,Breast inf NEC-antepart
2878,Hemorrhagic cond NEC
01135,TB of bronchus-histo dx
37115,Oth deposit w metab dis
66904,Matern distress-postpart
V1309,Prsn hst ot spf urn dsrd
3010,Paranoid personality
92231,Back contusion
37635,Pulsating exophthalmos
0701,Hepatitis A w/o coma
83400,Disl finger NOS-closed
E9429,Adv eff cardiovasc NEC
73019,Chr osteomyelit-mult
01724,TB periph lymph-cult dx
7741,Perinat jaund:hemolysis
E8110,Reentrant mv coll-driver
36012,Panuveitis
42983,Takotsubo syndrome
7231,Cervicalgia
E9222,Hunting rifle accident
56031,Gallstone ileus
13629,Infc free-liv amebae NEC
94872,70-79% bdy brn/20-29% 3d
63782,Ab NOS w compl NOS-comp
4940,Bronchiectas w/o ac exac
V5426,Aftrcare path fx low leg
5569,Ulceratve colitis unspcf
8910,Open wnd knee/leg/ankle
79518,Vaginl cytol smr unsatis
31200,Unsocial aggress-unspec
25001,DMI wo cmp nt st uncntrl
96561,Pois-propionic acid derv
76496,Fet grwth ret 1500-1749g
7624,Prolapsed cord aff NB
30541,"Sed,hyp,anxiolytc ab-con"
4253,Endocard fibroelastosis
62922,Genital mutilatn type II
75551,Cong deformity-clavicle
60886,"Edema, male genital orgn"
94141,Deep 3rd deg burn ear
79409,Abn cns funct study NEC
47822,Parapharyngeal abscess
34982,Toxic encephalopathy
86381,"Pancreas, head inj-close"
65101,Twin pregnancy-delivered
81404,Fx pisiform-closed
9753,Poison-muscle agent NEC
73003,Ac osteomyelitis-forearm
6169,Female gen inflam NOS
01650,TB male genit NEC-unspec
94325,2nd deg burn shoulder
36903,One eye-near tot/oth-tot
94159,3rd brn w loss-head mult
29534,Paran schizo-chr/exacerb
6256,Fem stress incontinence
0010,Cholera d/t vib cholerae
76417,Lt-date w/mal 1750-1999g
66013,Bony pelv obstruc-antepa
3060,Psychogen musculskel dis
73394,Stress fx metatarsals
2776,Defic circul enzyme NEC
36242,Serous detach pigm epith
V1003,Hx-esophageal malignancy
94244,Deep 3rd deg burn back
85219,Opn subarach hem-concuss
68609,Pyoderma NEC
485,Bronchopneumonia org NOS
63481,Spon ab w compl NOS-inc
94332,3rd deg burn elbow
24981,Sec DM other uncontrld
E0152,Cooking & baking
76423,Fetal mal 750-999g
7572,Dermatoglyphic anomalies
20970,Sec neuroendo tumor NOS
33399,Extrapyramidal dis NEC
E8785,Abn react-limb amputat
8628,Intrathoracic inj NOS-cl
43810,Late ef-spch/lng def NOS
5290,Glossitis
4329,Intracranial hemorr NOS
4803,Pneumonia due to SARS
7602,Maternal infec aff NB
53084,Tracheoesophageal fstula
8900,Open wound of hip/thigh
80001,Cl skull vlt fx w/o coma
85141,Cerebell contus w/o coma
37513,Primary lacrimal atrophy
73078,Polio osteopathy NEC
37121,Idiopathic corneal edema
44620,Hypersensit angiitis NOS
94229,2nd deg burn trunk NEC
75654,Polyostotic fibros dyspl
99988,Infusion reaction NEC
01303,TB meningitis-micro dx
541,Appendicitis NOS
55012,Bilat ing hernia w obst
20262,Mal mastocytosis thorax
E8345,W/craft fall NEC-swim
34580,Epilep NEC w/o intr epil
7213,Lumbosacral spondylosis
0787,Arenaviral hem fever
71237,Chondrocalcin NOS-ankle
0072,Coccidiosis
0039,Salmonella infection NOS
9683,Poison-intraven anesthet
75613,Cong absence of vertebra
20297,Lymphoid mal NEC spleen
20057,Primary CNS lymph spleen
80139,Cl skull base fx-concuss
2530,Acromegaly and gigantism
99985,Delayed HTR NOS
V712,Observ-suspect TB
66943,Complc ob surg anteprtm
36643,Myotonic cataract
37230,Conjunctivitis NOS
E8070,RR accident NOS-employee
72971,Nontraum comp syn-up ext
36270,Hered retin dystrphy NOS
E9379,Adv eff sedat/hypnot NOS
5563,Ulcertve prctosigmoidtis
E9559,Injury-firearm/expl NOS
V4572,Acquire absnce intestine
6189,Genital prolapse NOS
69276,2nd degree sunburn
76073,Matern halluc af NB/fet
72930,"Panniculitis, unsp site"
V1000,Hx of GI malignancy NOS
76072,Matern narc aff NB/fetus
33381,Blepharospasm
01364,TB encephalitis-cult dx
80859,Pelvic fracture NEC-open
01746,TB of ear-oth test
V473,Digestive problems NEC
36405,Hypopyon
64210,Renal hyperten preg-unsp
0271,Erysipelothrix infection
94513,1st deg burn ankle
67514,Breast abscess-postpart
E8759,Contamination NOS
V7644,Scrn malig neop-prostate
78891,Fnctnl urinary incontnce
V5415,Aftrcare traum fx up leg
E8173,Mv brd/alight-mcycl psgr
E984,Undeterm circ-submersion
01730,TB of eye-unspec
5966,"Bladder rupt, nontraum"
4142,Chr tot occlus cor artry
25023,DMI hprosmlr uncontrold
4780,Hypertrph nasal turbinat
V427,Liver transplant status
037,Tetanus
V090,Inf mcrg rstn pncllins
76383,Ab ftl hrt rt/rhy NOS
0522,Postvaricella myelitis
5264,Inflammation of jaw
53012,Acute esophagitis
E9682,Assault-striking w obj
37173,Corneal staphyloma
20062,Anaplastic lymph thorax
0598,Poxvirus infections NEC
52433,Horizontl displace-teeth
0668,Arthropod virus NEC
41189,Ac ischemic hrt dis NEC
36213,Retinal vascular changes
4379,Cerebrovasc disease NOS
72982,Cramp in limb
99689,Comp oth organ transplnt
64822,Anemia-delivered w p/p
V1063,Hx of monocytic leukemia
98983,Toxic effect of silicone
81418,Fx hamate bone-open
27739,Amyloidosis NEC
20692,Mono leuk NOS relapse
37860,Mechanical strabism NOS
78934,Abdmnal mass lt lwr quad
E9953,War inj:intn restrct air
64903,Tobacco use dis-antepart
7279,Synov/tend/bursa dis NOS
30653,Psychogenic dysuria
85401,Brain injury NEC-no coma
V221,Supervis oth normal preg
20013,Lymphosarcoma abdom
E9084,Accident d/t dust storm
37239,Conjunctivitis NEC
90440,Inj popliteal vessel NOS
0388,Septicemia NEC
E0010,"Walking,marching,hiking"
99673,Comp-ren dialys dev/grft
80392,Opn skul fx NEC-brf coma
09882,Gonococcal meningitis
42732,Atrial flutter
7840,Headache
27540,Dis calcium metablsm NOS
2374,Uncer neo endocrine NEC
7336,Tietze's disease
V744,Screen-bact conjunctivit
6211,Chr uterine subinvolutn
E9348,Adv eff blood agent NEC
V5041,Prphylct orgn rmvl brst
37516,Lacrimal gland dislocat
78442,Dysphonia
80061,Opn skul vlt fx w/o coma
9660,Poison-oxazolidine deriv
09161,Syphilitic periostitis
37062,Corneal pannus
E8282,Ridden animal acc-rider
80111,Cl skul base fx w/o coma
7829,Integument tiss symp NEC
07982,SARS assoc coronavirus
7329,Osteochondropathy NOS
94204,Burn NOS back
86502,Spleen capsular tear
71783,Old disrupt ant cruciate
4479,Arterial disease NOS
71837,Recur dislocat-ankle
71191,Inf arthritis NOS-shlder
E8324,Submers NEC-water skier
V5789,Rehabilitation proc NEC
E8619,Acc poison-cleanser NOS
20244,Hairy-cell leukem axilla
37941,Anisocoria
67440,Placental polyp-unspec
20211,Mycosis fungoides head
71820,Pathol dislocat-unspec
43490,Crbl art oc NOS wo infrc
2660,Ariboflavinosis
1929,Mal neo nervous syst NOS
80054,Opn skl vlt fx-proln com
3538,Nerv root/plexus dis NEC
71842,Jt contracture-up/arm
E8681,Acc pois-utl gas NEC/NOS
36240,Retina layer separat NOS
E8414,Aircraf acc-occ comm NEC
E9409,Adv eff cns stimulnt NOS
87264,Open wound of cochlea
1203,Cutaneous schistosoma
3522,Glossophar nerve dis NEC
E9943,War inj:aircraft fire
75733,Cong skin pigment anomal
E8735,Wrng temp in applic/pack
95890,Compartment syndrome NOS
8931,Open wound toe-compl
2298,Benign neoplasm NEC
17300,Malig neopl skin lip NOS
1269,Ancylostomiasis NOS
41030,"AMI inferopost, unspec"
94540,Deep 3rd deg brn leg NOS
29212,Drug psy dis w hallucin
1022,Early skin yaws NEC
52130,Erosion NOS
E9100,Water-skiing accident
8840,Open wound arm mult/NOS
7808,Generalizd hyperhidrosis
V1250,Hx-circulatory dis NOS
65243,Face/brow pres-antepart
38842,Hyperacusis
4171,Pulmon artery aneurysm
1171,Sporotrichosis
69515,Toxic epidrml necrolysis
V479,Probl w internal org NOS
73349,Asept necrosis bone NEC
33182,Dementia w Lewy bodies
64890,Oth curr cond preg-unsp
E8245,N-traf brd/alit-anim rid
65500,Fetal cns malform-unspec
E9060,Dog bite
20301,Mult myelm w remission
04142,Shga txn prod E.coli NEC
E8752,Contaminated drug NEC
1504,Mal neo middle 3rd esoph
V7612,Screen mammogram NEC
9929,Heat effect NOS
55302,Bilateral femoral hernia
6804,Carbuncle of hand
3073,Stereotypic movement dis
9609,Poisoning-antibiotic NOS
75027,Diverticulum of pharynx
1743,Mal neo breast low-inner
E8144,Mv coll w pedest-st car
36522,Acute angl-clos glaucoma
52400,Unspcf anomaly jaw size
78900,Abdmnal pain unspcf site
83952,Dislocat sacrum-open
V6541,Exercise counseling
E8069,RR acc NEC-person NOS
9612,Pois-heav met anti-infec
94114,1st deg burn chin
7843,Aphasia
V5481,Aftercare joint replace
80416,Cl skl w oth fx-coma NOS
27661,Transfsn w circ overload
64960,Uterine size descrp-unsp
E9250,Domestic wiring accident
9939,Effect air pressure NOS
75440,Cong genu recurvatum
4800,Adenoviral pneumonia
67813,Fetal conjoin twins-ante
E856,Acc poison-antibiotics
52429,Anomaly dental arch NEC
52113,Excessive attrition-pulp
73609,Forearm deformity NEC
85154,Opn cerebe cont-prol com
85104,Cortx contus-prolng coma
70723,"Pressure ulcer,stage III"
94224,2nd deg burn back
64393,Vomit of pg NOS-antepart
7570,Hereditary edema of legs
30542,"Sed,hyp,anxiolytc ab-epi"
E8109,Mv-train coll-pers NOS
4761,Chr laryngotracheitis
4242,Nonrheum tricusp val dis
V4039,Oth spc behavior problem
17332,Sqm cel skn face NEC/NOS
52572,Post-osse biol fail impl
78724,"Dysphagia,pharyngoesoph"
80046,Cl skull vlt fx-coma NOS
72291,Disc dis NEC/NOS-cerv
V4986,Do not resusctate status
34281,Ot sp hmiplga domnt side
0771,Epidem keratoconjunctiv
80505,Fx c5 vertebra-closed
4533,Renal vein thrombosis
V1329,Hx-genital/obs dis NEC
78340,Lack norm physio dev NOS
V1861,Fam hx-polycystic kidney
2364,Unc behav neo testis
37000,Corneal ulcer NOS
3521,Glossopharyng neuralgia
0380,Streptococcal septicemia
71221,Pyrophosph cryst-shlder
1762,Palate - kpsi's sarcoma
V091,Inf mcrg rstn b-lactam
E9290,Late eff motor vehic acc
83103,Infer disloc humerus-cl
71690,Arthropathy NOS-unspec
9696,Poisoning-hallucinogens
34432,Mnplg lwr lmb nondmnt sd
01705,TB skin/subcut-histo dx
65473,Abnorm vagina-antepartum
V342,Oth multiple nb-nonhosp
67022,Puerprl sepsis-del w p/p
E8312,Boat acc inj NEC-crew
9224,Contusion genital organs
01723,TB periph lymph-micro dx
9568,Inj mult nerve pelv/leg
0413,Klebsiella pneumoniae
2182,Subserous leiomyoma
V4589,Post-proc states NEC
78097,Altered mental status
41092,"AMI NOS, subsequent"
2538,Pituitary disorder NEC
71891,Jt derangment NOS-shlder
25053,DMI ophth uncntrld
E8602,Acc poisn-methyl alcohol
01383,Cns TB NEC-micro dx
64080,Hem early preg NEC-unsp
V222,"Preg state, incidental"
43822,Late ef-hemiplga non-dom
V2639,Male genetic test NEC
71516,Loc prim osteoart-l/leg
E8239,Oth col-stnd-obj-per NOS
36111,Flat retinoschisis
9927,Heat edema
V8535,"BMI 35.0-35.9,adult"
66363,Vasc lesion cord-antepar
36105,"Recent detachment, total"
53301,Ac peptic ulc w hem-obst
9563,Injury peroneal nerve
3540,Carpal tunnel syndrome
8743,Open wound thyroid-compl
52142,Path resorption-external
81400,Fx carpal bone NOS-close
2167,Benign neo skin leg
V4983,Await organ transplnt st
2275,Benign neo carotid body
4416,Thoracoabd aneurysm rupt
V5721,Encntr occupatnal thrpy
85212,Op subarach hem-brf coma
86394,Pancreas injury NOS-open
42490,Endocarditis NOS
1033,Pinta mixed lesions
20032,Margin zone lym thorax
E8683,Acc pois-co/domestc fuel
71993,Joint dis NOS-forearm
85251,Extradural hemor-no coma
72230,Schmorl's nodes NOS
6013,Prostatocystitis
E0030,Ice Skating
1745,Mal neo breast low-outer
90282,Injury ovarian vein
20902,Malig carcinoid jejunum
E8980,Burning bedclothes
28240,"Thalassemia, unspecified"
9503,Injury to visual cortex
9773,Poison-alcohol deterrent
36455,Miotic cyst pupil margin
76389,Compl del NEC aff NB
4131,Prinzmetal angina
9678,Pois-sedative/hypnot NEC
01555,TB limb bones-histo dx
E8182,Mv traff acc NEC-mocycl
9614,Poisoning-antimalarials
05319,H zoster nerv syst NEC
6162,Bartholin's gland cyst
E8156,Mv coll w obj-ped cycl
71685,Arthropathy NEC-pelvis
92720,Crushing injury of hand
5215,Hypercementosis
85222,Subdural hem-brief coma
30276,"Dyspareunia,psychogenic"
59382,Ureteral fistula
7678,Birth trauma NEC
E0040,"Mountain,rock/wall climb"
E9961,War inj:indir nucl weapn
E0024,Underwater dive/snorkel
30753,Rumination disorder
2970,"Paranoid state, simple"
80163,Opn skl base fx-mod coma
32751,Periodic limb movement
8220,Fracture patella-closed
64850,Congen CV dis preg-unsp
81413,"Fx triquetral, wrist-opn"
460,Acute nasopharyngitis
5931,Hypertrophy of kidney
32720,Organic sleep apnea NOS
85116,Opn cort contus-coma NOS
94333,3rd deg burn upper arm
30781,Tension headache
7747,NB kernicterus
95914,Inj external genital NEC
9989,Surgical complicat NOS
4408,Atherosclerosis NEC
3562,Hered sensory neuropathy
17311,Basal cell ca lid/canth
94350,3rd burn w loss-arm NOS
69553,Exfl d/t eryth 30-39 bdy
01642,TB epididymis-exam unkn
E8217,Oth off-road mv-pedest
E9854,Undeter circ-firearm NEC
36544,Glaucoma w systemic synd
23699,Unc behav neo urinar NEC
38860,Otorrhea NOS
E8548,Acc poisn psychotrop NEC
8360,Tear med menisc knee-cur
73812,Zygomatic hypoplasia
V1641,Fm hx ovary malignancy
7354,Other hammer toe
36100,Detachmnt w defect NOS
E9887,Undet circ-caustic subst
37514,Secondary lacrim atrophy
V4502,Status autm crd dfbrltr
42613,Av block-2nd degree NEC
7388,Acq deformity NEC
66400,Del w 1 deg lacerat-unsp
36285,Retinal nerv fiber defec
37957,Saccadic eye movmnt def
325,Phlebitis intrcran sinus
2552,Adrenogenital disorders
80136,Cl skul base fx-coma NOS
94126,2nd deg burn scalp
2722,Mixed hyperlipidemia
74783,Persistent fetal circ
V053,Need prphyl vc vrl hepat
4581,Chronic hypotension
78899,Oth symptm urinary systm
73741,Kyphosis in oth dis
7322,Femoral epiphysiolysis
2121,Benign neo larynx
63442,Spon ab w metab dis-comp
13621,Infectn d/t acanthamoeba
0910,Primary genital syphilis
9625,Pois-post pituitary horm
V4369,Oth spcf joint replaced
E9372,Adv eff paraldehyde
74401,Cong absence ext ear
31400,Attn defic nonhyperact
30112,Chr depressive person
80043,Cl skull vlt fx-mod coma
3432,Congenital quadriplegia
80443,Cl skl w oth fx-mod coma
20084,Mixed lymphosarc axilla
9057,Late effec sprain/strain
V196,Family hx-allergic dis
74356,Cong retinal changes NEC
E9586,Injury-aircraft crash
71198,Inf arthrit NOS-oth site
80475,Opn skl/oth fx-deep coma
82342,Torus fx tibia/fibula
8488,Sprain NEC
53021,Ulcer esophagus w bleed
37154,Lattice cornea dystrophy
53570,Eosinophil gastrt wo hem
5851,Chro kidney dis stage I
36581,Hypersecretion glaucoma
V813,Screen-bronch/emphysema
E8739,Failure in dosage NOS
27803,Obesity hypovent synd
56984,Angio intes w/o hmrhg
85146,Cerebell contus-coma NOS
67324,Pulm embol NOS-postpart
1843,Malign neopl clitoris
09952,Oth VD chlm trch ans rct
1170,Rhinosporidiosis
9079,Late eff nerve inj NEC
20681,Oth mono leuk w rmsion
64904,Tobacco use dis-postpart
09843,Gonococcal keratitis
36632,Cataract in inflam dis
41410,Aneurysm of heart
74760,Unsp prpherl vasc anomal
8059,Vertebral fx NOS-open
E8205,Snow veh acc-anim rider
E8161,Loss control mv acc-psgr
V1269,Hx resp system dis NEC
78841,Urinary frequency
73083,Bone infect NEC-forearm
36582,Glauc w inc episcl press
2772,Purine/pyrimid dis NEC
01082,Prim pr TB NEC-exam unkn
E9360,Adv eff oxazolidin deriv
311,Depressive disorder NEC
36812,Transient visual loss
2709,Dis amino-acid metab NOS
2884,Hemophagocytic syndromes
36841,Central scotoma
2758,Dis mineral metabol NEC
2829,Hered hemolytic anem NOS
36363,Choroidal rupture
8251,Fracture calcaneus-open
23873,Hi grde myelodys syn les
94359,3rd burn w loss arm-mult
73639,Acq hip deformity NEC
E8903,Priv dwel fire-burning
8960,"Amputation foot, unilat"
86503,Spleen parenchyma lacer
3051,Tobacco use disorder
4953,Suberosis
09883,Gonococcal pericarditis
9211,Contusion periocular
25512,Conn's syndrome
43881,Late eff CV dis-apraxia
77183,Bacteremia of newborn
1923,Mal neo spinal meninges
36020,Degenerat globe dis NOS
E8153,Mv coll w obj-mcycl psgr
25514,Secondry aldosternsm NEC
30741,Transient insomnia
V698,Oth prblms rltd lfstyle
80305,Cl skul fx NEC-deep coma
E8258,Mv n-traff NEC-pers NEC
37600,"Acute inflam NOS, orbit"
V255,Nsrt mplnt sbdrm cntrcep
V568,"Dialysis encounter, NEC"
36851,Protan defect
4148,Chr ischemic hrt dis NEC
V746,Screening for yaws
83912,Disloc 2nd cerv vert-opn
30531,Hallucinog abuse-contin
V7261,Antibody response exam
29990,Pervasv dev dis-cur NOS
0020,Typhoid fever
7813,Lack of coordination
2689,Vitamin D deficiency NOS
37233,Mucocutan dis conjunctiv
9841,Tox eff org lead compnd
27703,Cystic fibrosis w GI man
8789,Opn wnd genital NEC-comp
71288,Cry arthrop NEC-oth site
37810,Exotropia NOS
E8881,Fall striking object NEC
8300,Dislocation jaw-closed
01742,TB of ear-exam unkn
71228,Pyrophos cryst-site NEC
7576,Cong breast anomaly NEC
6981,Pruritus of genitalia
7318,Bone involv in oth dis
48284,Legionnaires' disease
66593,Ob trauma NOS-antepartum
64811,Thyroid dysfunc-deliver
98984,Toxic effect of tobacco
71844,Jt contracture-hand
01011,Prim TB pleurisy-no exam
E9221,Shotgun accident
27906,Common variabl immunodef
V631,No medical serv in home
78492,Jaw pain
75560,Lower limb anomaly NOS
80223,Fx coron proc mandib-cl
76408,Lt-for-dates 2000-2499g
71229,Pyrophos cryst-mult
V5841,Encntr plnd po wnd clsr
01395,Cns TB NOS-histo dx
1413,Mal neo ventral tongue
7325,Juv osteochondrosis foot
9465,3rd brn w loss-mult site
V5429,Aftrcre path fx bone NEC
6020,Calculus of prostate
67520,Mastitis in preg-unspec
64242,Mild preeclamp-del w p/p
78834,Incontnce wo sensr aware
9736,Poisoning-emetics
71526,Loc 2nd osteoarthr-l/leg
8749,Opn wound neck NEC-compl
67002,Maj puer inf NOS-del p/p
71178,Helminth arthrit NEC
64254,Sev preeclamp-postpartum
01706,TB skin/subcut-oth test
01710,Erythema nodos tb-unspec
2393,Breast neoplasm NOS
7962,Elev bl pres w/o hypertn
5755,Fistula of gallbladder
65181,Multi gestat NEC-deliver
64660,Gu infect in preg-unspec
75989,Specfied cong anomal NEC
4941,Bronchiectasis w ac exac
E9198,Machinery accident NEC
0543,Herpetic encephalitis
71231,Chondrocalcin NOS-shlder
94511,1st deg burn toe
3523,Pneumogastric nerve dis
01695,Gu TB NOS-histo dx
4292,Ascvd
2764,Mixed acid-base bal dis
99520,Adv eff med/biol sub NOS
6807,Carbuncle of foot
V239,Suprv high-risk preg NOS
2988,React psychosis NEC/NOS
86395,Appendix injury-open
V706,Health exam-pop survey
69551,Exfl d/t eryth 10-19 bdy
80470,Opn skl/oth fx/menin hem
9896,Toxic eff soap/detergent
9403,Acid burn cornea/conjunc
80493,Opn skul/oth fx-mod coma
E9104,Drowning in bathtub
94421,2nd deg burn finger
2980,React depress psychosis
36489,Iris/ciliary disord NEC
4539,Venous thrombosis NOS
75562,Congenital coxa vara
71118,Reiter arthritis NEC
1820,Malig neo corpus uteri
7989,Unattended death
43853,Lt ef oth parals-bilat
9712,Poison-sympathomimetics
11283,Candidal meningitis
9920,Heat stroke & sunstroke
1613,Mal neo cartilage larynx
59011,Ac pyelonephr w med necr
37993,Redness/discharge of eye
86600,Kidney injury NOS-closed
43310,Ocl crtd art wo infrct
57421,Cholelithias NOS w obstr
20217,Mycosis fungoides spleen
9587,Traum subcutan emphysema
E9220,Handgun accident
74404,Anomalies ear ossicles
3543,Radial nerve lesion
27789,Metabolism disorder NEC
28245,Delta-beta thalassemia
E9940,War inj:aircrft des-enmy
86384,Pancreas injury NOS-clos
7226,Disc degeneration NOS
6861,Pyogenic granuloma
04185,Oth gram negatv bacteria
63640,Illeg ab w met dis-unsp
36619,Senile cataract NEC
75211,Embryonic cyst of adnexa
2312,Ca in situ bronchus/lung
5719,Chronic liver dis NOS
37240,Pterygium NOS
83311,Disloc dist radiouln-opn
94897,90% + bdy brn/70-79% 3rd
17370,Mal neo skn low limb NOS
4254,Prim cardiomyopathy NEC
6112,Fissure of nipple
0629,Mosquit-borne enceph NOS
1983,Sec mal neo brain/spine
5305,Dyskinesia of esophagus
E8246,N-traf brd/alit-ped cycl
01784,TB esophagus-cult dx
71537,Loc osteoarth NOS-ankle
E9959,War inj:con warfare NOS
6392,Postabort pelvic damage
E8171,Mv acc board/alight-psgr
43813,Late eff CV-dysarthria
64810,Thyroid dysfun preg-unsp
80004,Cl skl vlt fx-proln coma
0398,Actinomycosis NEC
71215,Dicalc phos cryst-pelvis
71290,Cryst arthrop NOS-unspec
64641,Neuritis-delivered
20482,Oth lym leuk in relapse
38103,Ac sanguin otitis media
80385,Opn skl fx NEC-deep coma
94520,2nd deg burn leg NOS
85235,Opn subdur hem-deep coma
71123,Behcet arthritis-forearm
E8308,Boat submers-pers NEC
75219,Tubal/broad lig anom NEC
79021,Impaired fasting glucose
E9317,Adv eff antiviral drugs
45933,Chr ven hyp w ulc&inflam
5263,Cent giant cell granulom
57400,Cholelith w ac cholecyst
71281,Cryst arthrop NEC-shlder
E9871,Undet fall structure NEC
29614,Recur manic-sev w psycho
63590,Legal abort uncompl-unsp
85166,Cerebel lacerat-coma NOS
32351,Enceph/myel folwg immune
3575,Alcoholic polyneuropathy
31201,Unsocial aggression-mild
94203,Burn NOS abdominal wall
3509,Trigeminal nerve dis NOS
60783,Edema of penis
27951,Ac graft-versus-host dis
6980,Pruritus ani
71597,Osteoarthros NOS-ankle
33811,Acute pain due to trauma
20148,Hodg lymph-histio mult
94122,2nd deg burn eye
81209,Fx upper humerus NEC-cl
0774,Epidem hem conjunctivit
17390,Malig neo skin site NOS
71527,Loc 2nd osteoarthr-ankle
2699,Nutrition deficiency NOS
38051,Stenosis ear d/t trauma
75523,Combin longit defic arm
65620,Abo isoimmunization-unsp
6031,Infected hydrocele
71431,Polyart juv rheum arthr
9693,Poison-antipsychotic NEC
94222,2nd deg burn chest wall
5732,Hepatitis in oth inf dis
0200,Bubonic plague
8787,Open wound vagina-compl
75653,Osteopoikilosis
7564,Chondrodystrophy
09889,Gonococcal inf site NEC
73094,Bone infect NOS-hand
2839,Acq hemolytic anemia NOS
8963,"Amputat foot, bilat-comp"
E9261,Infra-red appl rad exos
70714,Ulcer of heel & midfoot
63611,Illeg ab w hemorr-inc
9839,Toxic effect caustic NOS
65893,Amnion prob NOS-antepart
76063,Mat surg dur preg aff NB
52428,Anom interarch distance
0632,Cent Europe encephalitis
V431,Lens replacement NEC
96904,Pois tetracyclc andepres
96902,Pois serotn/norepinephrn
37054,Sclerosing keratitis
1252,Loiasis
80481,Opn skul/oth fx w/o coma
E8614,Acc poison-disinfectants
37886,Internucl ophthalmopleg
24931,Sec DM oth coma uncntrld
67030,Puerp septc thromb-unsp
4460,Polyarteritis nodosa
11289,Candidiasis site NEC
30393,Alcoh dep NEC/NOS-remiss
04619,Creutzfldt-Jakob NEC/NOS
32731,Circadian rhy-delay slp
1235,Sparganosis
V8401,Genetc sus mal neo brest
88022,Open wnd axilla w tendon
V147,Hx-vaccine allergy
0360,Meningococcal meningitis
37271,Hyperemia of conjunctiva
75615,Congen fusion of spine
07422,Coxsackie endocarditis
71928,Villonod synovit-jt NEC
20000,Retclsrc unsp xtrndl org
72886,Necrotizing fasciitis
72763,Rupt exten tendon hand
28731,Immune thrombocyt purpra
20903,Malig carcinoid ileum
6210,Polyp of corpus uteri
74904,Bilat cleft palate-inc
1173,Aspergillosis
37215,Parasitic conjunctivitis
99671,Comp-heart valve prosth
0609,Yellow fever NOS
88009,Mult open wound shoulder
66812,Heart compl-del w p/p
E8763,Misplaced endotrach tube
36614,Post subcap senile catar
66924,Matern hypotens-postpart
74484,Microstomia
28262,Hb-SS disease w crisis
77213,"NB intravn hem,grade iii"
30503,Alcohol abuse-in remiss
38301,Subperi mastoid abscess
37241,Periph station pterygium
66531,Lacerat of cervix-deliv
8940,Open wound of leg NEC
65421,Prev c-delivery-delivrd
5220,Pulpitis
9100,Abrasion head
73072,Polio osteopathy-up/arm
28850,Leukocytopenia NOS
V6108,Fmly dsrp-fam absnce NEC
7923,Abn find-amniotic fluid
6382,Attem abort w pelv damag
0843,Ovale malaria
71184,Inf arthritis NEC-hand
E8146,Mv coll w ped-ped cycl
8270,Fx lower limb NEC-closed
1512,Mal neo pyloric antrum
1716,Mal neo soft tis pelvis
7960,Abn toxicologic finding
34830,Encephalopathy NOS
63722,Ab NOS w pelv damag-comp
53241,Chr duoden ulc hem-obstr
52451,Abnormal jaw closure
2593,Ectopic hormone secr NEC
3980,Rheumatic myocarditis
2912,Alcohol persist dementia
01000,Prim TB complex-unspec
37602,Orbital periostitis
E9199,Machinery accident NOS
E989,Late eff inj-undet circ
V692,High-risk sexual behavr
9620,Pois-corticosteroids
53086,Esophagostomy infection
3959,Rheum aortic dis NEC/NOS
1903,Mal neo conjunctiva
E8431,Fall-milit aircraft occp
07953,Hiv-2 infection oth dis
1909,Malign neopl eye NOS
E0094,Obstacle course
1760,Skin - kaposi's sarcoma
20402,Act lymp leuk in relapse
85165,Cerebell lacer-deep coma
37255,Conjunctiva pigmentation
72740,Synovial cyst NOS
20255,Letterer-siwe dis inguin
71536,Loc osteoarth NOS-l/leg
V6089,Housing/econo circum NEC
99811,Hemorrhage complic proc
80235,Fx angle of jaw-open
V092,Inf mcrg rstn macrolides
64261,Eclampsia-delivered
V032,Vaccin for tuberculosis
E8662,Acc poisoning-antimony
V1588,Personal history of fall
65511,Fetal chromoso abn-deliv
52579,Endos dentl imp fail NEC
36019,Endophthalmitis NEC
2222,Benign neoplasm prostate
38003,Chondritis of pinna
V8739,Cont/exp hazard sub NEC
94132,3rd deg burn eye
7789,NB integument cond NOS
V538,Adjustment of wheelchair
4554,Ext thrombos hemorrhoid
E8664,Acc poison-metals NEC
E8762,Failure in suture
72613,Partial tear rotatr cuff
71238,Chondrocalc NOS-oth site
E8260,Pedal cycle acc-pedest
32352,Myelitis follwg immune
66892,Anesth compl NOS-del p/p
64234,Trans hyperten-postpart
1251,Malayan filariasis
0074,Cryptosporidiosis
83942,Dislocat sacrum-closed
09324,Syphil pulmonary valve
30273,Female orgasmic disorder
1915,Mal neo cereb ventricle
V8009,Screen-neuro condition
E8210,Oth off-road mv acc-driv
78951,Malignant ascites
20912,Malig carcinoid cecum
3679,Refraction disorder NOS
6141,Chr salpingo-oophoritis
E8278,Anim drawn veh-pers NEC
63610,Illeg ab w hemorr-unspec
E8031,RR acc w explos-pasngr
80114,Cl skl base fx-prol coma
94232,3rd deg burn chest wall
4161,Kyphoscoliotic heart dis
29620,Depress psychosis-unspec
44581,"Atheroembolism, kidney"
74722,Aortic atresia/stenosis
7637,Abn uterine contr aff NB
5739,Liver disorder NOS
79552,Nonsp rea gma interferon
71114,Reiter arthritis-hand
99761,Neuroma amputation stump
6244,Old laceration of vulva
85124,Cortex lacerat-prol coma
0065,Amebic brain abscess
0369,Meningococcal infect NOS
V1089,Hx of malignancy NEC
36971,One eye-severe/oth-unknw
05442,Dendritic keratitis
V4586,Bariatric surgery status
8820,Open wound of hand
V751,Screening for malaria
25042,DMII renal uncntrld
66481,Ob perineal trau NEC-del
64970,Cervical shortening-unsp
0796,Resprtry syncytial virus
0362,Meningococcemia
66001,Obstruc/fet malpos-deliv
41403,Crn ath nonatlg blg grft
2388,Uncert behavior neo NEC
37445,Sensormotr disor lid NEC
95212,Anterior cord synd/t1-t6
67903,Mat comp in utero-ante
80314,Cl skl fx NEC-proln coma
E8490,Accident in home
01335,TB brain absc-histo dx
94134,3rd deg burn chin
9179,Superf inj foot NEC-inf
99563,Anphylct react frts veg
1941,Malig neo parathyroid
78863,Urgency of urination
20421,Sbac lym leuk w rmsion
1228,Echinococcosis NOS liver
7355,Claw toe
71236,Chondrocalcin NOS-l/leg
30453,Hallucinogen dep-remiss
E8495,Accid on street/highway
29523,Catatonia-subchr/exacerb
78341,Failure to thrive-child
45371,Ch emblsm suprfcl up ext
V9121,Quad gest 2+ monochorion
40501,Mal renovasc hypertens
83513,Ant disloc hip NEC-open
V676,Comb treatment follow-up
29603,Bipol I sing-sev w/o psy
64223,Old hyperten NEC-antepar
76400,Light-for-dates wtNOS
V7681,Screen neop-nervous syst
72660,Enthesopathy of knee NOS
37604,Orbital tenonitis
65123,Quadruplet preg-antepart
E8256,Mv n-traff NEC-ped cycl
80634,T1-t6 fx-op/cord inj NEC
3439,Cerebral palsy NOS
71518,Loc prim osteoarthr NEC
0838,Rickettsioses NEC
65120,Quadruplet preg-unspec
36229,Prolif retinopathy NEC
V061,Vaccination for DTP-DTaP
3094,Adj dis-emotion/conduct
99974,Rh incompat reaction NEC
73729,Lordosis NEC
65453,Cerv incompet-antepartum
56481,Neurogenic bowel
86415,Liver lacerat unspcf opn
64760,Oth virus in preg-unspec
76511,Preterm NEC <500g
01505,TB of vertebra-histo dx
60784,"Impotence, organic orign"
20178,Hodg lymph deplet mult
37952,Latent nystagmus
6391,Postabortion hemorrhage
9763,Pois-emol/demul/protect
1416,Mal neo lingual tonsil
9051,Late eff spine/trunk fx
72282,Postlaminect synd-thorac
E8831,Fall into well
V5417,Aftrcre traum fx vertebr
0322,Ant nasal diphtheria
7327,Osteochondrit dissecans
8877,"Amputat arm, bilat-compl"
3576,Neuropathy due to drugs
9856,Toxic effect chromium
37909,Scleritis NEC
6394,Postabort metabolic dis
2853,Anemia d/t antineo chemo
27949,Autoimmune disease NEC
V6281,Interpersonal probl NEC
3133,Relationship problems
9926,"Heat fatigue, transient"
31539,Speech/language dis NEC
34670,Ch mgr wo ar wo nt wo st
2535,Diabetes insipidus
8739,Open wnd head NEC-compl
64521,Prolonged preg-del
63660,Illeg ab w embolism-unsp
71662,Monoarthritis NOS-up/arm
80174,Op skl base fx-prol coma
75529,Longitud defic phalanges
69277,3rd degree sunburn
9682,Poison-gas anesthet NEC
E9452,Adv eff skelet musc relx
94125,2nd deg burn nose
72764,Rupt flexor tendon hand
V5889,Other specfied aftercare
71217,Dicalc phos cryst-ankle
64662,Gu infection-deliv w p/p
E969,Late effect assault
80499,Opn skull/oth fx-concuss
79508,Unsat cerv cytlogy smear
83959,Disloc vertebra NEC-open
1962,Mal neo lymph intra-abd
73028,Osteomyelit NOS-oth site
71212,Dicalc phos cryst-up/arm
6962,Parapsoriasis
59689,Disorders of bladder NEC
20966,Ben crcinoid midgut NOS
V5902,Blood donor-stem cells
59370,Vescouretrl rflux unspcf
4557,Thrombos hemorrhoids NOS
7443,Ear anomaly NOS
30392,Alcoh dep NEC/NOS-episod
66944,Oth ob surg compl-postpa
E8616,Acc poison-paints NEC
01342,Tubrclma sp cd-exam unkn
01095,Primary TB NOS-histo dx
67181,Venous compl NEC-deliver
75262,Epispadias
E8852,Fall from skateboard
E9809,Undeter pois-sol/liq NEC
E9020,High altitude residence
V0489,Vaccn/inoc viral dis NEC
6984,Dermatitis factitia
53551,Gstr/ddnts NOS w hmrhg
45184,Phlbts vn NOS up extrm
V6103,Fmily dsrpt- divorce/sep
36615,Cortical senile cataract
72704,Radial styloid tenosynov
74303,Congen cystic eyeball
4955,Mushroom workers' lung
52464,TMJ sounds opn/close jaw
78961,Abdmnal tndr rt upr quad
71969,Joint sympt NEC-mult jts
E8688,Acc pois-carbn monox NEC
66540,High vaginal lacer-unsp
79400,Abn cns funct study NOS
00581,Food poisn d/t v. vulnif
29555,Lat schizophren-remiss
E8180,Mv traff acc NEC-driver
47875,Laryngeal spasm
3005,Neurasthenia
E8262,Ped cycle acc-anim rider
7101,Systemic sclerosis
E8853,Fall from skis
1339,Acariasis NOS
37142,Recurrent cornea erosion
E8413,Power aircraft acc-psngr
38022,Acute otitis externa NEC
01100,TB lung infiltr-unspec
64684,Preg compl NEC-postpart
E8388,Wtrcrft acc NEC-pers NEC
86355,Rectum injury-open
9756,Pois-anti-cold drugs
E8620,Acc poisn-petrol solvent
85250,Extradural hem w opn wnd
E8029,RR acc w derail-pers NOS
3798,Eye disorders NEC
V1079,Hx-lymphatic malign NEC
6868,Local skin infection NEC
80304,Cl skl fx NEC-proln coma
37904,Scleromalacia perforans
5600,Intussusception
44589,"Atheroembolism, site NEC"
66411,Del w 2 deg lacerat-del
65480,Abn vulva in preg-unspec
64874,Bone disorder-postpartum
E9251,Electr power generat acc
5172,Syst sclerosis lung dis
V5901,Blood donor-whole blood
09321,Syphilitic mitral valve
59983,Urethral instability
37813,Monoc exotrop w v pattrn
V8531,"BMI 31.0-31.9,adult"
78600,Respiratory abnorm NOS
96979,Poison by psychostim NEC
65600,Fetal-maternal hem-unsp
30747,Sleep stage dysfunc NEC
47879,Disease of larynx NEC
V8389,Genetic carrier stat NEC
52544,"Comp edentulism,class IV"
99939,Infect fol infus/inj/vac
00320,Local salmonella inf NOS
28529,Anemia-other chronic dis
94443,Deep 3rd brn mult finger
1650,Mal neo upper resp NOS
9975,Surg compl-urinary tract
32743,Recurrnt sleep paralysis
V650,Healthy person w sick
95201,Complete les cord/c1-c4
72639,Elbow enthesopathy NEC
80626,T7-t12 fx-cl/com crd les
1278,Mixed intestine helminth
94354,3rd burn w loss-axilla
V027,Gonorrhea carrier
5811,Epimembranous nephritis
63441,Spon ab w metab dis-inc
01565,TB of mastoid-histo dx
1511,Malignant neo pylorus
3829,Otitis media NOS
66050,Locked twins-unspecified
0841,Vivax malaria
80400,Cl skul fx w oth bone fx
34211,Spstc hmiplga domnt side
01893,Miliary TB NOS-micro dx
9479,Burn internal organ NOS
71531,Loc osteoarth NOS-shlder
80636,T7-t12 fx-op/com crd les
99529,Adv eff med/biol NEC/NOS
E8214,Oth off-road mv-st car
34642,Menstl mgr wo ntrc w st
V430,Eye replacement NEC
78604,Cheyne-stokes respiratn
37926,Vitreous prolapse
1253,Onchocerciasis
87272,Open wnd ossicles-compl
1643,Mal neo post mediastinum
48241,Meth sus pneum d/t Staph
01361,TB encephalitis-no exam
E0292,Rough housing/horseplay
75510,"Syndactyly, multiple/NOS"
01485,Intestin TB NEC-histo dx
5794,Pancreatic steatorrhea
80336,Cl skull fx NEC-coma NOS
64802,Diabetes-delivered w p/p
3849,Dis tympanic memb NOS
86359,Colon injury NEC-open
71749,Derang lat meniscus NEC
67434,Ob surg comp NEC-postpar
13101,Trichomonal vaginitis
9732,Pois-emollient cathartic
28800,Neutropenia NOS
11285,Candidal enteritis
5566,Univrsl ulcertve colitis
8745,Open wound pharynx-compl
01385,Cns TB NEC-histo dx
8448,Sprain of knee & leg NEC
9649,Poisoning-blood agt NOS
5711,Ac alcoholic hepatitis
52106,Dentl caries-pit/fissure
67184,Venous compl NEC-postpar
30570,Amphetamine abuse-unspec
56960,Colstomy/enter comp NOS
71168,Mycotic arthritis NEC
1568,Malig neo biliary NEC
78072,Functional quadriplegia
92420,Contusion of foot
9509,Inj optic nerv/path NOS
78444,Hyponasality
E8900,Privat dwell fire-explos
6206,Broad ligament lacer syn
36424,Vogt-koyanagi syndrome
0412,Pneumococcus infect NOS
04592,Ac polio NOS-type 2
72819,Muscular calcificat NEC
9635,Poisoning-vitamins NEC
34651,Prs ara w ntr wo inf/st
99771,Vasc comp mesenteric art
4231,Adhesive pericarditis
64000,Threatened abort-unspec
58089,Acute nephritis NEC
94406,Burn NOS back of hand
2753,Dis phosphorus metabol
80383,Opn skul fx NEC-mod coma
9193,Blister NEC-infected
64883,Abn glucose-antepartum
E9021,Air press chnge: aircrft
71523,Loc 2nd osteoart-forearm
86513,Spleen parnchym lac-opn
5164,Lymphangioleiomyomatosis
35989,Myopathies NEC
71809,Artic cartil dis-mult jt
V271,Deliver-single stillborn
63561,Legal abort w embol-inc
7510,Meckel's diverticulum
1749,Malign neopl breast NOS
5560,Ulcerative enterocolitis
E8432,Fall-crew comm aircraft
4472,Rupture of artery
85315,Brain hem open-deep coma
99630,Malfunc gu dev/graft NOS
85203,Subarach hem-mod coma
V6105,Famly dsrpt-chld custody
05579,Measles complication NEC
4957,"""ventilation"" pneumonit"
V524,Fit/adj breast pros/impl
7043,Variations in hair color
72999,Soft tissue disorder NEC
20124,Hodgkins sarcoma axilla
36571,Mild stage glaucoma
78835,Post-void dribbling
V6121,Cnsl victim child abuse
2897,Methemoglobinemia
64642,Neuritis-delivered w p/p
3410,Neuromyelitis optica
E9398,Adv eff psychotropic NEC
83816,Dis interphalan foot-opn
75021,Salivary gland absence
64910,Obesity-unspecified
71830,Recur dislocat-unspec
3102,Postconcussion syndrome
118,Opportunistic mycoses
79670,Abn gland pap smear anus
0060,Ac amebiasis w/o abscess
80376,Opn skul fx NEC-coma NOS
94138,3rd deg burn neck
1501,Mal neo thoracic esophag
E9374,Adv eff methaqualone
4588,Hypotension NEC
V1811,Fam hx MEN syndrome
9809,Toxic effect alcohol NOS
1958,Malig neo site NEC
0889,Arthropod-borne dis NOS
9243,Contusion of toe
37061,Local vasculariza cornea
5759,Dis of gallbladder NOS
4566,Vulval varices
94430,3rd deg burn hand NOS
05812,Roseola infant d/t HHV-7
37203,Mucopur conjunctivit NEC
64270,Tox w old hyperten-unsp
29681,Atypical manic disorder
41070,"Subendo infarct, unspec"
20120,Hdgk src unsp xtrndl org
76420,Fetal malnutrition wtNOS
2860,Cong factor viii diord
E8330,W/craft stair fall-unpow
30443,Amphetamin depend-remiss
20228,Sezary's disease mult
99632,Malfunction iud
1489,Mal neo hypopharynx NOS
9757,Poisoning-antiasthmatics
09150,Syphilitic uveitis NOS
2224,Benign neoplasm scrotum
51189,Effusion NEC exc tb
20020,Brkt tmr unsp xtrndl org
64872,Bone disorder-del w p/p
43301,Ocl bslr art w infrct
E9109,Accidental drowning NOS
04611,Varnt Creutzfeldt-Jakob
85126,Cortex lacerat-coma NOS
7041,Hirsutism
49300,Extrinsic asthma NOS
5249,Dentofacial anomaly NOS
2353,Unc behav neo liver
30270,Psychosexual dysfunc NOS
40403,Mal hyp ht/kd stg V w hf
6208,Noninfl dis ova/adnx NEC
E8507,Acc poison-nonnarc analg
9130,Abrasion forearm
4820,K. pneumoniae pneumonia
42979,Other sequelae of MI NEC
1612,Malig neo subglottis
4570,Postmastect lymphedema
2827,Hemoglobinopathies NEC
75652,Osteopetrosis
6238,Noninflam dis vagina NEC
E8307,Boat submers-military
4110,Post MI syndrome
31235,Isolated explosive dis
7823,Edema
29665,Bipol I cur mix-part rem
36803,Refractive amblyopia
4475,Necrosis of artery
V475,Genital problems NEC
6201,Corpus luteum cyst
87342,Open wound of forehead
0090,Infectious enteritis NOS
82013,Fx base femoral nck-open
7778,Perinat GI sys dis NEC
V070,Prophylactic isolation
67910,Fetal comp in utero-unsp
2410,Nontox uninodular goiter
20167,Hodgkins mix cell spleen
71514,Loc prim osteoarth-hand
4848,Pneum in infect dis NEC
01016,Prim TB pleuris-oth test
V4976,Status amput above knee
37023,Filamentary keratitis
E8359,W/crft fall NOS-pers NOS
78094,Early satiety
94148,Deep 3rd deg burn neck
31535,Chldhd onset flncy disor
52565,Contour restore tooth
1027,Yaws manifestations NEC
25051,DMI ophth nt st uncntrld
61801,"Cystocele, midline"
20300,Mult mye w/o achv rmson
53140,Chr stomach ulc w hem
80014,Cl skl vlt fx-proln coma
71984,Joint dis NEC-hand
55121,Gangr incisional hernia
80164,Op skl base fx-prol coma
52405,Macrogenia
2940,Amnestic disord oth dis
E9363,Adv eff antconvl NEC/NOS
75433,"Cong hip sublux, bilat"
37101,Minor opacity of cornea
3380,Central pain syndrome
1708,Mal neo bones ankle/foot
13102,Trichomonal urethritis
71911,Hemarthrosis-shlder
37763,Vis path dis w infl dis
64203,Essen hyperten-antepart
E9280,Acc d/t weightless envir
3079,Special symptom NEC/NOS
2700,Amino-acid transport dis
65442,Abn uterus NEC-del w p/p
63750,Abort NOS w shock-unsp
01755,TB of thyroid-histo dx
53491,Gastrojejun ulc NOS-obst
52108,Dental caries-root surf
36031,Primary hypotony
25000,DMII wo cmp nt st uncntr
23331,Carcinoma in situ vagina
38421,Cent perf tympanic memb
20312,Plsm cel leuk in relapse
1179,Mycoses NEC & NOS
E9062,Nonvenomous snake bite
6989,Pruritic disorder NOS
59655,Detrusr sphinc dyssnrgia
20105,Hodgkins paragran inguin
59389,Renal & ureteral dis NEC
8442,Sprain cruciate lig knee
67303,Ob air embolism-antepart
85191,Opn brain lacer w/o coma
8911,Open wnd knee/leg-compl
53260,Chr duoden ulc hem/perf
37962,"Inflam postproc bleb, 2"
27410,Gouty nephropathy NOS
E8313,Boat acc inj NEC-passeng
2698,Nutrition deficiency NEC
71433,Monoart juv rheum arthr
29626,Depr psychos-full remiss
85186,Brain lacer NEC-coma NOS
4264,Rt bundle branch block
1961,Mal neo lymph-intrathor
52322,Gingival recess-moderate
2337,Ca in situ bladder
20106,Hodgkins paragran pelvic
8771,Open wound buttock-compl
81353,Fx distal ulna-open
71233,Chondrocalc NOS-forearm
78703,Vomiting alone
76870,Hypoxc-ischem enceph NOS
V6402,No vaccin-chronc illness
75281,Scrotal transposition
5771,Chronic pancreatitis
37130,Cornea memb change NOS
71930,Palindrom rheum-unspec
7175,Derangement meniscus NEC
7541,Congenital torticollis
9121,Abrasion shldr/arm-infec
37647,Orbit deform d/t trauma
53085,Barrett's esophagus
65633,Fetal distress-antepart
29383,Mood disorder other dis
2730,Polyclon hypergammaglobu
31220,Social conduct dis-unsp
83211,Ant disloc elbow-open
490,Bronchitis NOS
63541,Leg ab w metab dis-inc
3278,Sleep organic disord NEC
E8181,Mv traff acc NEC-pasngr
79504,Pap smear cervix w HGSIL
2981,Excitativ type psychosis
0660,Phlebotomus fever
51902,Tracheostomy - mech comp
6111,Hypertrophy of breast
45181,Iliac thrombophlebitis
55300,Unilat femoral hernia
66381,Cord complicat NEC-deliv
52140,Path resorption NOS
80113,Cl skul base fx-mod coma
33941,Hemicrania continua
38643,Semicircul canal fistula
E8218,Oth off-road mv-pers NEC
20173,Hodg lymph deplet abdom
63612,Illeg ab w hemorr-comp
3026,Gendr identity dis-child
71622,Allerg arthritis-up/arm
V7643,Screen mal neop-skin
01603,TB of kidney-micro dx
65271,Prolapsed arm-delivered
85204,Subarach hem-prolng coma
33729,Rflx sym dystrph oth st
0071,Giardiasis
07021,Hpt B acte coma w dlta
3524,Accessory nerve disorder
V1366,Hx-cong malform-resp sys
0940,Tabes dorsalis
34612,Mgrn wo aura wo ntrc mgr
53100,Ac stomach ulcer w hem
V2642,Fertlity preserv counsel
78865,Straining on urination
70713,Ulcer of ankle
V662,Chemotherapy convalescen
55093,Recur bilat inguin hern
69512,Erythema multiforme maj
64701,Syphilis-delivered
V693,Gambling and betting
29384,Anxiety disorder oth dis
78055,Irreg sleep-wake rhy NOS
0848,Blackwater fever
3979,Rheum endocarditis NOS
1966,Mal neo lymph-intrapelv
7286,Contracted palmar fascia
64691,Preg compl NOS-delivered
22800,Hemangioma NOS
20242,Hairy-cell leukem thorax
53421,Ac marg ulc hem/perf-obs
52669,Periradicular path NEC
48889,Flu dt novel A w oth man
74764,Lwr limb vessel anomaly
41519,Pulm embol/infarct NEC
52332,"Aggres periodontitis,gen"
78946,Abdmnal rgdt epigastric
8489,Sprain NOS
0651,Omsk hemorrhagic fever
9080,Late eff int injur chest
85140,Cerebel/brain stm contus
8083,Fracture of pubis-open
67301,Ob air embolism-deliver
90234,Injury splenic vein
7539,Urinary anomaly NOS
43391,Ocl art NOS w infrct
2561,Ovarian hyperfunc NEC
67150,Thrombosis NEC preg-unsp
37553,Lacrim canalic stenosis
40410,Ben hy ht/kd I-IV w/o hf
2281,"Lymphangioma, any site"
66800,Pulm compl in del-unspec
30184,Passive-aggressiv person
7839,Nutr/metab/devel sym NEC
94149,Deep 3 deg brn head-mult
36620,Traumatic cataract NOS
V773,Screen-phenylketonuria
5227,Periapical absc w sinus
45930,Chr venous hypr w/o comp
9795,Pois-poliomyelit vaccine
7856,Enlargement lymph nodes
5810,"Nephrotic syn, prolifer"
30500,Alcohol abuse-unspec
4481,"Nevus, non-neoplastic"
3539,Nerv root/plexus dis NOS
3310,Alzheimer's disease
78930,Abdmnal mass unspcf site
V301,Singl livebrn-before adm
7400,Anencephalus
9104,Insect bite head
29562,Schizophr dis resid-chr
2365,Unc behav neo prostate
65900,Fail mechan induct-unsp
V060,Vaccin for cholera + tab
86330,Small intest inj NOS-opn
31202,Unsocial aggression-mod
E9551,Injury-shotgun
74481,Macrocheilia
5750,Acute cholecystitis
37844,Cyclophoria
64121,Prem separ placen-deliv
2221,Benign neoplasm penis
78830,Urinary incontinence NOS
V1642,Fm hx prostate malig
36924,One eye-moderate/oth-sev
56089,Intestinal obstruct NEC
30532,Hallucinog abuse-episod
67102,Varic vein leg-del w p/p
7911,Chyluria
41022,"AMI inferolateral,subseq"
3316,Corticobasal degneration
25202,Sec hyprprthyrd nonrenal
7593,Situs inversus
9244,Multiple contusion leg
01743,TB of ear-micro dx
E0299,Activity NEC
9619,Pois-anti-infect NEC/NOS
V681,Issue repeat prescript
4139,Angina pectoris NEC/NOS
V8905,Sus cervcl shortn nt fnd
66700,Retain placenta NOS-unsp
79922,Irritability
1302,Toxoplasm chorioretinit
V260,Tuboplasty or vasoplasty
2799,Immune mechanism dis NOS
32723,Obstructive sleep apnea
29574,Schizoafftv dis-chr/exac
E8208,Snow veh acc-pers NEC
67331,Ob pyemic embol-deliver
71580,Osteoarthrosis-mult site
28863,Monocytosis-symptomatic
3732,Chalazion
V740,Screening for cholera
5531,Umbilical hernia
2392,Bone/skin neoplasm NOS
27782,Crnitne def d/t nb met
83660,Dislocat knee NOS-open
V6129,Oth parent-child problem
99523,Adverse eff insulin NOS
65841,Amniotic infection-deliv
36102,Part detach-mult defect
01646,TB epididymis-oth test
80026,Cl skull vlt fx-coma NOS
57512,Acte & chr cholecystitis
E8930,Clothing fire-priv dwell
47401,Chronic adenoiditis
9074,Lt eff nerv inj shld/arm
1532,Mal neo descend colon
3203,Staphylococc meningitis
2112,Benign neoplasm sm bowel
01880,Miliary TB NEC-unspec
E8800,Fall on escalator
0652,Kyasanur forest disease
71177,Helminth arthrit-ankle
53321,Ac pept ulc hem/perf-obs
80350,Open skull fracture NEC
95219,T7-t12 spin cord inj NEC
32711,Idio hypersom-long sleep
59654,Neurogenic bladder NOS
52432,Excessive spacing-teeth
78723,"Dysphagia, pharyngeal"
71938,Palindrom rheum-jt NEC
V8822,Acq absence knee joint
71918,Hemarthrosis-jt NEC
71295,Cryst arthrop NOS-pelvis
7141,Felty's syndrome
20520,Sbac myl leu wo ach rmsn
4788,Urt hypersens react NOS
95913,Fx corpus cavrnosm penis
V1300,Prsnl hst urnr dsrd unsp
7197,Difficulty in walking
34630,Hmplg mgr wo ntrc wo st
2270,Benign neoplasm adrenal
7810,Abn involun movement NEC
65651,Poor fetal growth-deliv
0579,Viral exanthemata NOS
73032,Periostitis-up/arm
9657,Pois-no-narc analges NEC
E9806,Undet pois-corros/caust
E9272,Excess physical exert
V1368,"Hx-cong malform-skin,ms"
V011,Tuberculosis contact
38424,Mult perf tympanic memb
34550,Part epil w/o intr epil
E8299,Oth rd veh acc-pers NOS
38633,Suppurativ labyrinthitis
29630,Recurr depr psychos-unsp
67412,Disrupt c-sect-del w p/p
E8333,Wtrcraft stair fall-psgr
64761,Oth viral dis-delivered
75672,Omphalocele
8795,Opn wnd lat abdomen-comp
V7646,Screen malig neop-ovary
63430,Spon ab w ren fail-unsp
99667,React-oth int ortho dev
E9323,Adv eff insulin/antidiab
80159,Opn skul base fx-concuss
20243,Hairy-cell leukem abdom
78009,Other alter consciousnes
E8525,Acc poison-mix sedtv NEC
E0091,Calisthenics
65631,Fetal distress-delivered
52301,"Ac gingivitis,nonplaque"
42832,Chr diastolic hrt fail
52421,Malocc- Angle's class I
60885,"Stricture, male gen orgn"
52134,Erosion-localized
7763,Oth neonatal coag dis
30450,Hallucinogen dep-unspec
0049,Shigellosis NOS
65833,Artif rupt memb-antepart
3519,Facial nerve dis NOS
86111,Heart contusion-open
79509,Abn pap cervix HPV NEC
75314,Polycyst kid-autosom rec
1460,Malignant neopl tonsil
V4614,Mech comp respirator
71994,Joint dis NOS-hand
34653,Prs ara wo inf w ntr/st
0661,Tick-borne fever
99687,Comp intestine transplnt
94888,80-89% bdy brn/80-89% 3d
80433,Cl skl w oth fx-mod coma
3314,Obstructiv hydrocephalus
6083,Atrophy of testis
2751,Dis copper metabolism
56738,Retroperiton abscess NEC
37955,Dissociated nystagmus
86112,Heart laceration-open
44100,Dsct of aorta unsp site
73819,Oth spcf deformity head
64950,Spotting-unspecified
V413,Ear problems NEC
71936,Palindrom rheum-l/leg
E9485,Adv eff diphther vaccine
36223,"Retinoph prematr,stage 1"
1600,Mal neo nasal cavities
65551,Fet damag d/t drug-deliv
5161,Idio pulm hemosiderosis
45379,Ch emblsm veins NEC
E9218,Press vessel explos NEC
V8533,"BMI 33.0-33.9,adult"
78031,Febrile convulsions NOS
71640,Trans arthropathy-unspec
V412,Problems with hearing
V036,Vaccin for pertussis
66110,Sec uterine inert-unspec
71926,Villonod synovit-l/leg
52419,Spcfd anom jaw cranl bse
76497,Fet grwth ret 1750-1999g
53019,Other esophagitis
7801,Hallucinations
3336,Genetic torsion dystonia
E8220,Oth coll w mov obj-driv
E8040,Fall on/from train-empl
85114,Opn cort contu-prol coma
E8257,Mv n-traff NEC-pedest
05441,Herpes simplex of eyelid
37761,Vis path dis w neoplasms
E8273,Animal drawn veh-occupan
74193,Spina bifida-lumbar
9127,FB shoulder/arm-infect
20230,Mlg hist unsp xtrndl org
80316,Cl skull fx NEC-coma NOS
E0121,Sewing
6954,Lupus erythematosus
E8668,Acc pois-solid/liq NEC
8728,Open wound of ear NOS
63431,Spon ab w ren fail-inc
20914,Mal crcnoid transv colon
94885,80-89% bdy brn/50-59% 3d
32742,REM sleep behavior dis
6203,Acq atrophy ovary & tube
43331,Ocl mlt bi art w infrct
01354,TB sp crd absc-cult dx
72979,Nontrauma comp syn NEC
2198,Benign neo uterus NEC
5236,Accretions on teeth
90254,Injury iliac vein
36203,Nonprolf db retnoph NOS
V554,Atten to enterostomy NEC
75513,Syndactyl toe-no fusion
85184,Brain lac NEC-proln coma
38032,Acq deform auricle/pinna
V172,Fam hx-neurolog dis NEC
88101,Open wound of elbow
71692,Arthropathy NOS-up/arm
73344,Aseptic necrosis talus
E8002,RR coll NOS-pedestrian
82009,Fx femur intrcaps NEC-cl
94842,40-49% bdy brn/20-29% 3d
30120,Schizoid personality NOS
71142,Bact arthritis-up/arm
64180,Antepart hem NEC-unspec
61650,Ulceration of vulva NOS
71925,Villonod synovit-pelvis
9068,Late effect of burns NEC
V8403,Genetc sus mal neo prost
53330,Acute peptic ulcer NOS
71893,Jt derangmnt NOS-forearm
81417,Fx capitate bone-open
E8366,Machinery acc-docker
64880,Abn glucose in preg-unsp
0082,Aerobacter enteritis
3438,Cerebral palsy NEC
73732,Progr idiopath scoliosis
29641,Bipol I curnt manic-mild
5735,Hepatopulmonary syndrome
30403,Opioid dependence-remiss
75533,Comb longitudin def leg
7613,Polyhydramnios aff NB
V1242,Personl hx infection CNS
85139,Opn cortx lacer-concuss
9135,Insect bite forearm-inf
71902,Joint effusion-up/arm
94446,Deep 3rd brn back of hnd
4178,Pulmon circulat dis NEC
7172,Derang post med meniscus
E8558,Acc poison-cns drug NEC
38400,Acute myringitis NOS
8190,Fx arms w rib/sternum-cl
71140,Bact arthritis-unspec
2334,Ca in situ prostate
60823,Torsion appendix testis
37132,Fold in descemet membran
V0261,Hepatitis B carrier
E8583,Acc poisn-cardiovasc agt
80719,Fx mult ribs NOS-open
9852,Toxic effect manganese
3542,Ulnar nerve lesion
0229,Anthrax NOS
67311,Amniotic embolism-deliv
38600,Meniere's disease NOS
81346,Torus fx ulna-closed
71287,Cryst arthrop NEC-ankle
71189,Inf arthritis NEC-mult
64313,Hyperem w metab-antepart
01320,Tuberculoma brain-unspec
71965,Joint symptom NEC-pelvis
78963,Abdmnal tndr rt lwr quad
88122,Opn wound wrist w tendon
V592,Bone donor
V110,Hx of schizophrenia
81109,Fx scapula NEC-closed
V5401,Removal int fixation dev
20063,Anaplastic lymph abdom
V8521,"BMI 25.0-25.9,adult"
E8446,Aircr acc NEC-unp aircr
20291,Lymphoid mal NEC head
0219,Tularemia NOS
7109,Diff connect tis dis NOS
E9472,Adv eff antidotes NEC
8717,Ocular penetration NOS
7864,Abnormal sputum
64241,Mild/NOS preeclamp-deliv
56213,Dvrtcli colon w hmrhg
82132,Fx low femur epiphy-open
73018,Chr osteomyelit NEC
88000,Open wound of shoulder
5222,Tooth pulp degeneration
E8726,Fail sterile heart cath
30021,Agoraphobia w panic dis
01801,Acute miliary tb-no exam
E0070,Tackle football
6949,Bullous dermatoses NOS
27909,Humoral immunity def NEC
52543,"Comp edentulsm,class III"
E9447,Adv eff uric acid metab
71931,Palindrom rheum-shlder
8872,"Amput abv elbow, unilat"
90140,Inj pulmonary vessel NOS
E8780,Abn react-org transplant
1940,Malign neopl adrenal
99791,Surg comp - hypertension
36653,Aftr-catar obscur vision
94435,3rd deg burn palm
1516,Mal neo stom great curv
72661,Pes anserinus tendinitis
99644,Periprosthetc fx-pros jt
3638,Disorders of choroid NEC
8701,Full-thicknes lac eyelid
9035,Injury finger vessels
80622,T1-t6 fx-cl/ant cord syn
37133,Rupture descemet membran
82133,Supracondyl fx femur-opn
9114,Insect bite trunk
67012,Puerp endomet del w p/p
9799,Pois-vaccine/biolog NEC
29420,Demen NOS w/o behv dstrb
V695,Behav insomnia-childhood
E9190,Machine accid-agricult
36220,Retinoph prematurity NOS
45939,Chr venous hyp comp NEC
35981,Critical illness myopthy
7352,Hallux rigidus
81380,Fx forearm NOS-closed
1718,Mal neo soft tissue NEC
71821,Pathol dislocat-shlder
09831,"Gc cystitis, chronic"
05411,Herpetic vulvovaginitis
E9395,Adv eff tranquilizer NEC
20278,Periph T cell lym multip
65910,Fail induction NOS-unsp
61802,"Cystocele, lateral"
52571,Osseo fail dental implnt
94329,2nd deg burn arm-mult
27904,Cong hypogammaglobulinem
E8811,Fall from scaffolding
30251,"Trans-sexualism, asexual"
36307,Foc retinitis post NEC
36801,Strabismic amblyopia
74510,Compl transpos great ves
1639,Malig neopl pleura NOS
1121,Candidal vulvovaginitis
67414,Disrupt c-sect-postpart
6069,Male infertility NOS
68102,Onychia of finger
81110,Fx scapula NOS-open
1886,Mal neo ureteric orifice
6030,Encysted hydrocele
64913,Obesity-antepartum
64113,Placen prev hem-antepart
E8228,Oth coll mov obj-per NEC
3518,Facial nerve dis NEC
3878,Otosclerosis NEC
0062,Amebic nondysent colitis
34212,Spstc hmiplg nondmnt sde
V5421,Aftercare path fx up arm
71635,Climact arthritis-pelvis
74682,Cor triatriatum
64193,Antepart hem NOS-antepar
77189,Perinatal infection NEC
2861,Cong factor IX disorder
92301,Contusion scapul region
53320,Ac peptic ulc w hem/perf
9710,Pois-parasympathomimetic
9767,Pois-topical dental drug
66921,Matern hypoten syn-deliv
94426,2 deg burn back of hand
01502,TB of vertebra-exam unkn
29613,Recur manic dis-severe
9601,Pois-antifungal antibiot
7335,Osteitis condensans
92811,Crushing injury knee
29662,Bipol I currnt mixed-mod
72631,Medial epicondylitis
79091,Abnrml art blood gases
65333,Outlet contract-antepart
82382,Fx tibia w fibula NOS-cl
65140,Triplets w fet loss-unsp
71285,Cryst arthrop NEC-pelvis
71105,Pyogen arthritis-pelvis
1469,Malig neo oropharynx NOS
2910,Delirium tremens
80496,Opn skul/oth fx-coma NOS
V1071,Hx-lymphosarcoma
63460,Spon abort w embol-unsp
43851,Lt ef oth paral dom side
81347,Torus fx radius/ulna-clo
75536,Longitudinal defic tibia
9113,Blister trunk-infected
E9601,Rape
23779,Neurofibromatosis NEC
71639,Climact arthritis-mult
3804,Impacted cerumen
80351,Opn skul fx NEC w/o coma
6145,Ac pelv peritonitis-fem
5716,Biliary cirrhosis
74337,Congenital ectopic lens
E9396,Adv eff hallucinogens
01613,TB of bladder-micro dx
V3201,Twin-mate sb-hosp w cs
8748,Open wound of neck NEC
E8335,W/craft stair fall-swim
72663,Fibula coll lig bursitis
38917,"Sensory hear loss,unilat"
0741,Epidemic pleurodynia
01384,Cns TB NEC-cult dx
20955,Ben carcinoid desc colon
55201,Rec unil fem hern w obst
85163,Cerebel lacerat-mod coma
2515,Abnorm secretion gastrin
9301,FB in conjunctival sac
7762,Dissem intravasc coag NB
99521,Arthus phenomenon
85316,Brain hem open-coma NOS
V046,Vaccin for mumps
60499,Orchitis/epididymit NEC
0723,Mumps pancreatitis
E0129,Arts & handcrafts NEC
37704,Foster-kennedy syndrome
55200,Unil femoral hern w obst
V711,Obsv-suspct mal neoplasm
E8189,Mv traff acc-pers NOS
1713,Mal neo soft tissue leg
30651,Psychogenic vaginismus
78791,Diarrhea
29285,Drug induced sleep disor
78469,Symbolic dysfunction NEC
7538,Cystourethral anom NEC
3061,Psychogenic respir dis
080,Louse-borne typhus
E9324,Adv eff ant pituitary
E0050,Dancing
81253,"Fx humer, med condyl-opn"
20880,Ot leu un cl wo ach rmsn
3101,Personality chg oth dis
86345,Rectum injury-closed
E8843,Fall from wheelchair
11505,Histoplasm caps pneumon
7587,Klinefelter's syndrome
94451,3rd burn w loss-finger
80035,Cl skul vlt fx-deep coma
E8913,Fire in bldg-burning
5950,Acute cystitis
66451,Ob perineal hematoma-del
V5427,Aftrcare path fx vertebr
1871,Malign neopl prepuce
32741,Confusional arousals
74192,Spina bifida-dorsal
87210,Opn wnd ex ear NOS-compl
24221,Tox multnod goit w cris
V037,Tetanus toxoid inoculat
7535,Bladder exstrophy
71819,Loose body-mult joints
01133,TB of bronchus-micro dx
77012,Meconium asp w resp symp
94252,3rd brn w loss-chest wll
0403,Necrobacillosis
E8238,Oth coll stn obj-per NEC
0748,Coxsackie virus NEC
01665,TB ovary & tube-histo dx
E971,Legal intervent-explosiv
55092,Bilat inguinal hernia
67302,Ob air embol-deliv w p/p
4531,Thrombophlebitis migrans
36833,Fusion w def stereopsis
80717,Fracture seven ribs-open
E9397,Adv eff psychostimulants
E8438,Aircrft fall-ground crew
71500,General osteoarthrosis
V187,Family hx-gu disease NEC
243,Congenital hypothyroidsm
71111,Reiter arthritis-shlder
32701,Insomnia in other dis
9859,Toxic effect metal NOS
3482,Pseudotumor cerebri
V416,Problem w swallowing
3968,Mitr/aortic mult involv
64744,Malaria-postpartum
85312,Brain hem opn-brf coma
01676,TB fem gen NEC-oth test
53350,Chr peptic ulcer w perf
6943,Impetigo herpetiformis
64830,Drug depend preg-unspec
83200,Dislocat elbow NOS-close
9169,Superf inj leg NEC-infec
41081,"AMI NEC, initial"
45382,Ac DVT/embl up ext
71812,Loose body-up/arm
34282,Ot sp hmiplg nondmnt sde
E8213,Oth off-road mv-mcyc psg
36631,Glaucomatous flecks
5856,End stage renal disease
7751,Neonat diabetes mellitus
73084,Bone infect NEC-hand
5830,Proliferat nephritis NOS
1904,Malign neopl cornea
V0990,Infc mcrg drgrst nt mult
7670,Cerebral hem at birth
2594,Dwarfism NEC
E9677,Batter by other relative
51283,Chronic pneumothorax
99984,Acute HTR NOS
88020,Opn wnd shouldr w tendon
67580,Breast inf preg NEC-unsp
67382,Pulm embol NEC-del w p/p
90220,Inj celiac/mesen art NOS
9102,Blister head
9638,Poisoning-system agt NEC
E8405,Tk off/land-aircraft NEC
66231,Delay del 2nd twin-deliv
07042,Hpt dlt wo b w hpt coma
86353,Descending colon inj-opn
2859,Anemia NOS
62402,Vulvr intraepth neopl II
V783,Scrn-hemoglobinopath NEC
94154,3rd deg burn w loss-chin
3181,Sev intellect disability
36030,"Hypotony NOS, eye"
20066,Anaplastic lymph pelvic
63491,Spon abort uncompl-inc
71130,Dysenter arthrit-unspec
36103,Part detach-giant tear
67153,Thrombosis NEC-antepart
V4578,Acquired absence of eye
67202,Puerp pyrexia-del w p/p
E8038,RR acc w explos-pers NEC
33910,Tension headache NOS
V153,Hx of irradiation
67661,Galactorrhea-delivered
8716,Penetrat FB NEC eye
80449,Cl skul w oth fx-concuss
76503,Extreme immatur 750-999g
87364,Opn wnd tongue/mouth flr
E8023,RR acc w derail-ped cycl
V2504,Natrl fam pln-avoid preg
80472,Opn skul/oth fx-brf coma
E0119,Computer tech NEC
0470,Coxsackie virus mening
80853,Pelv fx-open/pelv disrup
81001,"Fx clavicl, stern end-cl"
E9528,Poison-gas/vapor NEC
80372,Opn skul fx NEC-brf coma
5120,Spont tens pneumothorax
33721,Rflx sym dystrph up limb
1899,Mal neo urinary NOS
01774,TB of spleen-cult dx
05810,Roseola infantum NOS
01312,Tubrclma menin-exam unkn
79582,Elev ca antigen 125
3698,"Visual loss, one eye NOS"
20916,Mal carcinoid sig colon
V9199,Mult gest-plac/sac undet
04149,E.coli infection NEC/NOS
V4612,Resp depend-powr failure
75683,Ehlers-danlos syndrome
67591,Breast infect NOS-deliv
9561,Injury femoral nerve
01595,TB bone/jt NOS-histo dx
80465,Opn skl/oth fx-deep coma
71805,Artic cartil dis-pelvis
3819,Eustachian tube dis NOS
2442,Iodine hypothyroidism
01765,TB of adrenal-histo dx
95901,Head injury NOS
76076,Maternal DES af NB/fetus
37873,Neuromuscle dis strabism
28263,Hb-SS/hb-C dis w/o crsis
69556,Exfl d/t eryth 60-69 bdy
83213,Med disloc elbow-open
71197,Inf arthrit NOS-ankle
52439,Tooth position anom NEC
8941,Open wound leg NEC-compl
V4963,Status amput hand
4749,Chr T & A dis NOS
7824,Jaundice NOS
49321,Ch ob asthma w stat asth
V6109,Family disruption NEC
20151,Hodg nodul sclero head
0743,"Hand, foot & mouth dis"
E8722,Fail sterile perfusn NEC
E8141,Mv coll w pedest-pasngr
75460,Talipes valgus
49121,Obs chr bronc w(ac) exac
42840,Syst/diast hrt fail NOS
29991,Pervasv dev dis-res NOS
80153,Opn skl base fx-mod coma
73316,Path fx tibia fibula
V7183,Obs/eval exp biol NEC
71120,Behcet arthritis-unspec
65881,Amniotic prob NEC-deliv
80186,Opn skl base fx-coma NOS
7485,Agenesis of lung
9913,Frostbite NEC/NOS
34481,Locked-in state
V175,Family hx-asthma
E8377,W/crft explosn-military
E8555,Acc poison-adrenergics
72749,Bursal cyst NEC
65121,Quadruplet preg-deliver
9731,Pois-irritant cathartics
42090,Acute pericarditis NOS
75981,Prader-willi syndrome
47825,Edema pharynx/nasopharyx
E8235,Oth coll stnd obj-rider
87412,Open wound trachea-compl
8291,Fracture NOS-open
71299,Cryst arthrop NOS-mult
V6801,Disability examination
80323,Cl skull fx NEC-mod coma
83930,Dislocat lumbar vert-opn
01631,TB urinary NEC-no exam
E0074,"Lacrosse,field hockey"
35923,Myotonic chondrodystrphy
1629,Mal neo bronch/lung NOS
71946,Joint pain-l/leg
71113,Reiter arthritis-forearm
V801,Screening for glaucoma
78053,Hypersom w slp apnea NOS
63661,Illeg ab w embolism-inc
53010,"Esophagitis, unspecified"
E8689,Acc pois-carbn monox NOS
76525,29-30 comp wks gestation
20087,Mixed lymphosarc spleen
V503,Ear piercing
5203,Mottled teeth
37150,Corneal dystrophy NOS
V7652,Scrn mal neo-small intes
20232,Mal histiocytosis thorax
82380,Fx tibia NOS-closed
64844,Mental disorder-postpart
9615,Pois-antiprotoz drug NEC
77211,"NB intraven hem,grade i"
326,Late eff cns abscess
20530,Myl sarcoma wo achv rmsn
61172,Lump or mass in breast
1900,Malign neopl eyeball
20240,Lk rtctl unsp xtrndl org
01601,TB of kidney-no exam
1329,Pediculosis NOS
67424,Disrupt perineum-postpar
65603,Fetal-matern hem-antepar
90211,Injury hepatic veins
94103,Burn NOS lip
62929,Fem genital mutilate NEC
85230,Subdural hem w opn wound
7817,Tetany
94876,70-79% bdy brn/60-69% 3d
E8601,Acc poison-ethyl alcohol
79500,Abn glandular pap smear
60882,Hematospermia
76498,Fet grwth ret 2000-2499g
605,Redun prepuce & phimosis
V1553,"Hx retained FB, rem"
65290,Malposition NOS-unspec
99709,Surg comp nerv systm NEC
6143,Acute parametritis
V815,Screen for nephropathy
E9094,Acc d/t tidalwave NOS
94335,3rd deg burn shoulder
83214,Lat dislocat elbow-open
E8582,Acc poison-blood agent
1300,Toxoplasm meningoenceph
V492,Motor problems w limbs
2254,Ben neo spinal meninges
75025,Congenital lip fistula
71134,Dysenter arthrit-hand
63412,Spon abort w hemorr-comp
V1651,Family hx-kidney malig
0211,Enteric tularemia
81415,Fx trapezium bone-open
36969,Profound impair/normal
05881,Human herpesvirus 6 infc
5078,Solid/liq pneumonit NEC
1368,Infect/parasite dis NEC
4168,Chr pulmon heart dis NEC
20310,Pls cl leu w/o achv rmsn
05440,Herpes simplex eye NOS
E8702,Acc cut/hem-perfusn NEC
E9654,Assault-firearm NEC
6851,Pilonidal cyst w/o absc
76421,Fetal malnutrition <500g
E8691,Acc poisn-sulfur dioxide
66810,Heart compl in del-unsp
4290,Myocarditis NOS
33521,Prog muscular atrophy
3320,Paralysis agitans
72769,Nontraum tendon rupt NEC
E9103,Swimming/diving acc NEC
9992,Vasc comp med care NEC
E8550,Acc poisn-anticonvulsant
80232,Subcondyl fx mandib-open
43812,Late eff CV dis-dysphsia
01093,Primary TB NOS-micro dx
20198,Hodgkins dis NOS mult
81510,Fx metacarpal NOS-open
2550,Cushing's syndrome
75530,Reduction deform leg NOS
4352,Subclavian steal syndrom
80095,Op skul vlt fx-deep coma
71614,Traum arthropathy-hand
20017,Lymphosarcoma spleen
01286,Resp TB NEC-oth test
71603,Kaschin-beck dis-forearm
38050,Acq stenos ear canal NOS
V1789,Fam hx musculosk dis NEC
48882,Flu dt nvl A w oth resp
1531,Mal neo transverse colon
01582,TB joint NEC-exam unkn
V468,Machine dependence NEC
3091,Prolong depressive react
06640,West Nile Fever NOS
01326,Tubrcloma brain-oth test
7291,Myalgia and myositis NOS
81301,Fx olecran proc ulna-cl
1000,Leptospiros icterohem
01283,Resp TB NEC-micro dx
9140,Abrasion hand
85133,Opn cortx lacer-mod coma
71920,Villonod synovit-unspec
7811,Smell & taste disturb
38524,Partial loss ear ossicle
9728,Poison-capillary act agt
25801,Mult endo neoplas type I
78559,Shock w/o trauma NEC
66920,Matern hypotens syn-unsp
9308,Foreign bdy ext eye NEC
65151,Quads w fetal loss-del
0790,Adenovirus infect NOS
1372,Late effect gu TB
1969,Mal neo lymph node NOS
37901,Episclerit periodic fugx
80321,Cl skull fx NEC w/o coma
25802,Mult endo neop type IIA
70409,Alopecia NEC
E9342,Adv eff anticoagulants
59970,Hematuria NOS
1289,Helminthiasis NOS
78322,Underweight
20156,Hodg nodul sclero pelvic
56979,Comp intest pouch NEC
72811,Prog myositis ossificans
E9689,Assault NOS
20950,Ben crcnoid lg intst NOS
E9347,Adv eff blood products
38914,Central hearing loss
E9496,Adv eff viral vacc NEC
17369,Malig neo skn up lmb NEC
3581,Myasthenia in oth dis
2759,Dis mineral metabol NOS
E8703,Acc cut/hem in injection
5930,Nephroptosis
30722,Chr motor/vocal tic dis
43330,Ocl mlt bi art wo infrct
6260,Absence of menstruation
1455,Malignant neo palate NOS
42731,Atrial fibrillation
71629,Allerg arthritis-mult
37951,Congenital nystagmus
E8022,RR acc w derail-pedest
E8191,Traffic acc NOS-pasngr
71533,Loc osteoart NOS-forearm
80613,C1-c4 fx-op/cen cord syn
2309,Ca in situ GI NEC/NOS
04111,Mth sus Stph aur els/NOS
V5632,Peritoneal dialysis test
65541,Fet damg d/t dis-deliver
5723,Portal hypertension
72931,Hypertrophy of fat pad
V0259,Bacteria dis carrier NEC
V8732,Contact/exp algae bloom
V2549,Contracept surveill NEC
2307,Ca in situ bowel NEC/NOS
42652,Rt bbb/lft ant fasc blk
80401,Cl skl w oth fx w/o coma
V6542,Counslng sbstn use abuse
20953,Ben carcinoid asc colon
V425,Cornea transplant status
30563,Cocaine abuse-in remiss
85304,Brain hem NEC-proln coma
V0171,Varicella contact/exp
94219,1st deg burn trunk NEC
V5849,Postop oth specfd aftrcr
5935,Hydroureter
7130,Arthrop w endocr/met dis
V4573,Acquired absence kidney
30754,Psychogenic vomiting
65953,Elder primigravid-antepa
3315,Norml pressure hydroceph
7138,Arthrop w oth dis NEC
7788,NB integument cond NEC
65661,Excess fetal grth-deliv
1464,Mal neo ant epiglottis
E8758,Contamination NEC
70719,Ulcer oth part low limb
71957,Jt stiffness NEC-ankle
30000,Anxiety state NOS
7014,Keloid scar
33529,Motor neuron disease NEC
E8215,Oth off-road mv-anim rid
30581,Antidepress abuse-contin
8712,Rupture eye w tissu loss
71952,Jt stiffness NEC-up/arm
E9851,Undetermin circ-shotgun
79571,Nonspcf serlgc evdnc hiv
7461,Cong tricusp atres/sten
24230,Tox nod goiter no crisis
7079,Chronic skin ulcer NOS
71851,Ankylosis-shoulder
65201,Unstable lie-delivered
80120,Cl skl base fx/menin hem
77087,NB respiratory arrest
82301,Fx upper end fibula-clos
94254,3rd deg burn w loss-back
79506,Pap smr cytol evid malig
67410,Disrupt c-sect wnd-unsp
7010,Circumscribe scleroderma
4144,Cor ath d/t calc cor lsn
E9175,Sports acc w sub fall
2231,Benign neo renal pelvis
65510,Fetal chromos abn-unspec
1860,Mal neo undescend testis
5853,Chr kidney dis stage III
2818,Nutritional anemia NEC
E8294,Oth rd veh acc-st car
3952,Rheum aortic sten/insuff
81409,Fx carpal bone NEC-close
7517,Pancreas anomalies
4255,Alcoholic cardiomyopathy
58381,Nephritis NOS in oth dis
5291,Geographic tongue
64262,Eclampsia-deliv w p/p
0230,Brucella melitensis
81503,Fx metacarpal shaft-clos
79389,Abn finding-breast NEC
9971,Surg compl-heart
74683,Infundib pulmon stenosis
1105,Dermatophytosis of body
80628,T7-t12 fx-cl/cen crd syn
8073,Fracture of sternum-open
4415,Rupt aortic aneurysm NOS
72709,Synovitis NEC
36361,Choroidal hemorrhage NOS
V754,Screen-mycotic infect
11282,Candidal otitis externa
41000,"AMI anterolateral,unspec"
V791,Screening for alcoholism
0986,Gonococcal infec pharynx
6283,Infertility-uterine orig
0042,Shigella boydii
71955,Jt stiffness NEC-pelvis
62571,Vulvar vestibulitis
5286,Leukoplakia oral mucosa
V3601,Mult lb/sb-in hosp w cs
0879,Relapsing fever NOS
61884,Cervical stump prolapse
E9412,Adv eff sympathomimetics
V202,Routin child health exam
20103,Hodgkins paragran abdom
38510,Adhesive mid ear dis NOS
80639,T7-t12 fx-op/crd inj NEC
7579,Integument anomaly NOS
20115,Hodgkins granulom inguin
70707,"Pressure ulcer, heel"
0339,Whooping cough NOS
7850,Tachycardia NOS
E9958,War inj:con warfare NEC
94830,30-39% bdy brn/3 deg NOS
1209,Schistosomiasis NOS
94200,Burn NOS trunk-unspec
85103,Cortex contus-mod coma
9797,Poisoning-mixed vaccine
1832,Mal neo fallopian tube
9580,Air embolism
68601,Pyoderma gangrenosum
30110,Affectiv personality NOS
67321,Pulm embol NOS-delivered
00841,Staphylococc enteritis
E867,Acc poison-piped gas
71524,Loc 2nd osteoarthro-hand
E8199,Traffic acc NOS-pers NOS
38482,Atrophic nonflaccid tymp
2460,Dis thyrocalciton secret
64420,Early onset deliv-unspec
E8279,Anim drawn veh-pers NOS
71511,Loc prim osteoart-shlder
78452,Flncy dsord cond elsewhr
V074,Hormone replace postmeno
20007,Reticulosarcoma spleen
V7388,Scrn oth spcf chlmyd dis
5671,Pneumococcal peritonitis
29040,"Vascular dementia,uncomp"
83203,Med disloc elbow-closed
7235,Torticollis NOS
38602,"Active Meniere, cochlear"
71606,Kaschin-beck dis-l/leg
V274,"Deliver-twins, both sb"
99942,Anaphyl react d/t vaccin
E8504,Acc poison-arom analgesc
6178,Endometriosis NEC
0954,Syphilis of kidney
74259,Spinal cord anomaly NEC
38648,Labyrinth fistula comb
36612,Incipient cataract
V736,Screening for trachoma
52131,Erosion-enamel
V286,Antenatal screen strep b
30010,Hysteria NOS
8473,Sprain of sacrum
7945,Abn thyroid funct study
3535,Neuralgic amyotrophy
V201,Care of healthy chld NEC
0847,Induced malaria
38031,Hematoma auricle/pinna
80631,T1-t6 fx-op/com cord les
80382,Opn skul fx NEC-brf coma
20224,Sezary's disease axilla
V6149,Family health probl NEC
3688,Visual disturbances NEC
01585,TB of joint NEC-histo dx
2150,Ben neo soft tissue head
E8426,Unpower aircraft acc-occ
82300,Fx upper end tibia-close
47874,Stenosis of larynx
71298,Cry arthrop NOS-oth site
34981,Cerebrospinal rhinorrhea
29581,Schizophrenia NEC-subchr
66712,Ret prod conc-del w p/p
72211,Thoracic disc displacmnt
81210,Fx upper humerus NOS-opn
V8702,Cont/susp expose uranium
7238,Cervical syndrome NEC
061,Dengue
36403,"Secondry iritis, infect"
7454,Ventricular sept defect
1161,Paracoccidioidomycosis
9822,Toxic eff carbon disulfi
27501,Heredit hemochromatosis
V176,Fam hx-chr resp cond NEC
24280,Thyrtox orig NEC no cris
29646,Bipol I cur man full rem
71699,Arthropathy NOS-mult
85135,Opn cortex lac-deep coma
43811,Late eff CV dis-aphasia
V557,Atten artificial vagina
65643,Intrauter death-antepart
E9952,War inj:piercing object
63690,Illeg abort uncompl-unsp
44284,Visceral aneurysm NEC
38653,Hypoact labyrinth unilat
72884,Diastasis of muscle
20033,Margin zone lym abdom
E8130,Mv-oth veh coll-driver
63791,Ab NOS uncomplicat-inc
7463,Cong aorta valv stenosis
37144,Calcer cornea degen NEC
84501,Sprain of ankle deltoid
20214,Mycosis fungoides axilla
24290,Thyrotox NOS no crisis
36342,Difus sec atroph choroid
64710,Gonorrhea in preg-unspec
82534,"Fx cuneiform, foot-open"
80011,Cl skull vlt fx w/o coma
8971,"Amputat bk, unilat-compl"
2120,Ben neo nasal cav/sinus
76507,Extreme immat 1750-1999g
80842,Fracture ischium-closed
4748,Chr T & A dis NEC
1439,Malig neo gum NOS
E8506,Acc poison-antirheumatic
41181,Acute cor occlsn w/o MI
36901,Tot impairment-both eyes
66090,Obstruc labor NOS-unspec
37841,Esophoria
80236,Fx symphy mandib bdy-opn
01750,TB of thyroid-unspec
5277,Salivary secretion dis
07811,Condyloma acuminatum
38150,Eustachian salping NOS
5200,Anodontia
07423,Coxsackie myocarditis
65470,Abn vagina in preg-unsp
99676,Comp-genitourin dev/grft
V0262,Hepatitis C carrier
92800,Crushing injury thigh
0950,Syphilitic episcleritis
65400,Cong abn uter preg-unsp
9161,Abrasion hip/leg-infect
1882,Mal neo bladder-lateral
20910,Mal crcnoid lg intst NOS
20780,Oth leuk w/o achv rmsn
V1749,Fam hx-cardiovas dis NEC
99701,Surg complication - cns
66193,Abnorm labor NOS-antepar
9686,Pois-nerve/plex-blk anes
27509,Disord iron metablsm NEC
53081,Esophageal reflux
29612,Recur manic dis-mod
41407,Cor ath bps graft tp hrt
2648,Vitamin A deficiency NEC
2383,Unc behav neo breast
30572,Amphetamine abuse-episod
80193,Opn skl base fx-mod coma
01675,TB fem gen NEC-histo dx
66103,Prim uter inert-antepart
E9058,Venomous bite/sting NEC
90219,Inj infer vena cava NEC
80611,C1-c4 fx-op/com cord les
V1851,Family hx colonic polyps
09834,"Gc sem vesiculitis, chr"
3333,Tics of organic origin
61183,Capslr contrctr brst imp
83653,Med disloc prox tibia-cl
V615,Multiparity
64301,Mild hyperem grav-deliv
7796,Termination of pregnancy
37650,Enophthalmos NOS
52431,Crowding of teeth
64723,Other vd-antepartum
V2513,Remove/insert iud
6121,Disproportn reconst brst
7019,Skin hypertro/atroph NOS
37200,Acute conjunctivitis NOS
07023,Hpt B chrn coma w dlta
1878,Mal neo male genital NEC
09810,Gc (acute) upper gu NOS
V8821,Acq absence of hip joint
95912,Injury of abdomen NEC
29182,Alcoh induce sleep disor
E0132,Vacuuming
4718,Nasal sinus polyp NEC
04522,Nonparalyt polio-type 2
95209,C5-c7 spin cord inj NEC
29651,Bipol I cur depress-mild
4489,Capillary dis NEC/NOS
65133,Twins w fetal loss-ante
75010,Tongue anomaly NOS
9606,Pois-antimycobac antibio
0323,Laryngeal diphtheria
8871,"Amp below elb, unil-comp"
53361,Chr pept ulc hem/perf-ob
74609,Pulmonary valve anom NEC
01285,Resp TB NEC-histo dx
E0023,Water aerobics/exercise
73000,Ac osteomyelitis-unspec
20174,Hodg lymph deplet axilla
V193,Family hx-ear disord NEC
3541,Median nerve lesion NEC
66414,Del w 2 deg lac-postpart
1709,Malig neopl bone NOS
2752,Dis magnesium metabolism
29660,Bipol I currnt mixed NOS
2632,Arrest devel d/t malnutr
4580,Orthostatic hypotension
4279,Cardiac dysrhythmia NOS
85211,Opn subarach hem-no coma
76414,Lt-date w/mal 1000-1249g
72210,Lumbar disc displacement
1465,Mal neo epiglottis junct
76622,Prolong gestation-infant
73313,Path fx vertebrae
74769,Oth spcf prph vscl anoml
36962,One eye-tot/oth-near nor
00322,Salmonella pneumonia
94822,20-29% bdy brn/20-29% 3d
0706,Viral hepat NOS w coma
29530,Paranoid schizo-unspec
86350,Colon injury NOS-open
E8411,Power aircraft acc-milit
01762,TB of adrenal-exam unkn
0992,Granuloma inguinale
V552,Atten to ileostomy
20015,Lymphosarcoma inguin
34611,Mgrn wo aura w ntrc mgrn
6218,Disorders of uterus NEC
E8630,Acc pois-chlorine pestic
94414,1 deg burn fingr w thumb
E8448,Aircrft acc NEC-grd crew
4785,Vocal cord disease NEC
30011,Conversion disorder
8709,Opn wnd ocular adnex NOS
0900,Early cong syph symptom
63470,Spon ab w compl NEC-unsp
E0063,Bowling
92611,Crushing injury back
67020,Puerperal sepsis-unsp
E9572,Injury-jump fm natur sit
92410,Contusion of lower leg
40311,Ben hyp kid w cr kid V
7871,Heartburn
74519,Transpos great vess NEC
79311,Solitary pulmonry nodule
1605,Mal neo sphenoid sinus
78959,Ascites NEC
00589,Bact food poisoning NEC
E9057,Poisoning by other plant
36211,Hypertensive retinopathy
0499,Viral encephalitis NOS
E8522,Acc poison-bromine cmpnd
72251,Thoracic disc degen
V0751,Use of SERMs
V3000,Single lb in-hosp w/o cs
52520,Atrophy alvlar ridge NOS
71890,Jt derangmnt NOS-unsp jt
E9933,War inj:person IED
74911,Unilat cleft lip-compl
11281,Candidal endocarditis
9144,Insect bite hand
E9442,Adv eff acetazolamide
3241,Intraspinal abscess
97089,Poison-CNS stimulant NEC
77753,Stg III nec enterocol NB
94319,1st deg burn arm-mult
3342,Primary cerebellar degen
8075,Fx larynx/trachea-closed
5699,Intestinal disorder NOS
V0382,Nd vac strptcs pneumni b
7623,Placent transfusion syn
71110,Reiter arthritis-unspec
8056,Fx sacrum/coccyx-closed
27783,Iatrogenic carnitine def
42681,Lown-ganong-levine synd
V1229,Hx-endocr/meta/immun dis
28851,Lymphocytopenia
94137,3rd deg burn face NEC
8793,Opn wnd ant abdomen-comp
1891,Malig neo renal pelvis
59781,Urethral syndrome NOS
86344,Sigmoid colon inj-closed
3067,Psychogenic sensory dis
94153,3rd deg burn w loss-lip
V8537,"BMI 37.0-37.9,adult"
38409,Acute myringitis NEC
6970,Lichen planus
9463,3rd deg burn mult site
87410,Opn wnd lary w trac-comp
4374,Cerebral arteritis
5131,Abscess of mediastinum
29636,Recur depr psyc-full rem
62133,Endomet hyperpla w atyp
67082,Maj prp inf NEC-dl w p/p
9093,Late eff surg/med compl
82129,Fx low end femur NEC-cl
71160,Mycotic arthritis-unspec
3940,Mitral stenosis
E8854,Fall from snowboard
74251,Diastematomyelia
E9951,War inj:blunt object
2367,Unc behav neo bladder
44321,Dissect carotid artery
85254,Extradur hem-proln coma
94855,50-59% bdy brn/50-59% 3d
95203,Central cord synd/c1-c4
7745,Perinatal jaundice NEC
2228,Ben neo male genital NEC
E882,Fall from building
V6106,Family dsrpt-foster care
71621,Allerg arthritis-shlder
E9467,Adv eff topic dental drg
77086,Stomach cont asp w resp
V1253,Hx sudden cardiac arrest
9915,Chilblains
3817,Patulous eustachian tube
E9419,Adv eff autonom agnt NOS
8861,Amputation finger-compl
71905,Joint effusion-pelvis
4555,Ext hemrrhoid w comp NEC
0054,Food pois: v. parahaem
V2385,Pregnt-assist repro tech
95911,Injury of chest wall NEC
8975,"Amput leg, unil NOS-comp"
83650,Dislocat knee NOS-closed
01612,TB of bladder-exam unkn
1700,Mal neo skull/face bone
86803,Peritoneum injury-closed
E8354,W/craft fall NOS-skier
9063,Late effect of contusion
E8751,Contaminated injection
6310,Inapp chg hCG early preg
01580,TB of joint NEC-unspec
53511,Atrph gastritis w hmrhg
75232,Hypoplasia of uterus
87211,Open wound auricle-compl
E9231,Blasting materials accid
37621,Thyrotoxic exophthalmos
09181,Acute syphil meningitis
V6141,Alcoholism in family
01115,TB lung nodular-histo dx
44322,Dissection iliac artery
6110,Inflam disease of breast
53151,Chr stom ulc w perf-obst
63490,Spon abort uncompl-unsp
67523,Mastitis-antepartum
4150,Acute cor pulmonale
33119,Frontotemp dementia NEC
2528,Parathyroid disorder NEC
52800,Stomatitis/mucositis NOS
27730,Amyloidosis NOS
94535,3rd deg burn knee
9681,Poisoning-halothane
2973,Shared psychotic disord
80229,Mult fx mandible-closed
2327,Ca in situ skin leg
74925,Cleft palate & lip NEC
44029,Athrsc extrm ntv art oth
4809,Viral pneumonia NOS
1272,Strongyloidiasis
6930,Drug dermatitis NOS
E8740,Instrmnt fail in surgery
78601,Hyperventilation
80341,Cl skull fx NEC w/o coma
3099,Adjustment reaction NOS
9585,Traumatic anuria
1872,Malig neo glans penis
66940,Oth ob surg compl-unspec
V2889,Antenatal screening NEC
9510,Injury oculomotor nerve
64232,Trans hyperten-del w p/p
88010,Open wnd shoulder-compl
80366,Opn skul fx NEC-coma NOS
E9557,Self inj-paintball gun
09041,Congen syph encephalitis
83951,Dislocat coccyx-open
3882,Sudden hearing loss NOS
E9205,Acc-hypodermic needle
99975,Non-abo incomp react NOS
69283,Dermatitis metals
E9049,Privation NOS
9675,Poisoning-glutethimide
V3100,Twin-mate lb-hosp w/o cs
20036,Margin zone lym pelvic
7752,Neonat myasthenia gravis
1889,Malig neo bladder NOS
9404,Burn cornea/conjunct NEC
7324,Juv osteochondrosis leg
67901,Mat comp in utero-del
59969,Urinary obstruction NEC
3872,Cochlear otosclerosis
20175,Hodg lymph deplet inguin
7503,Cong esoph fistula/atres
E9285,Ext constriction-obj NEC
1109,Dermatophytosis site NOS
64213,Renal hyperten-antepart
E9283,Human bite - accidental
E9238,Explosives accident NEC
3317,Cereb degen in oth dis
V522,Fitting artificial eye
05101,Cowpox
2821,Heredit elliptocytosis
1591,Malignant neo spleen NEC
V700,Routine medical exam
E8404,Tk off/land-comm crf NEC
05901,Monkeypox
20076,Large cell lymph pelvic
36301,Juxtapap foc choroiditis
V639,No med facilities NOS
E8216,Oth off-road mv-ped cycl
3232,Protozoal encephalitis
0669,Arthropod virus NOS
80463,Opn skul/oth fx-mod coma
20170,Lym dplt unsp xtrndl org
37256,Conjunctival deposits
20162,Hodgkins mix cell thorax
E9529,Poison-gas/vapor NOS
E8370,Explosion-occ unpow boat
E8190,Traffic acc NOS-driver
64680,Preg compl NEC-unspec
30493,Drug depend NOS-remiss
37632,Orbital hemorrhage
E9902,War inj:incndiary bullet
30471,Opioid/other dep-contin
E9651,Assault-shotgun
71987,Joint dis NEC-ankle
56039,Impaction intestine NEC
V9129,Quad gest-plac/sac undet
39890,Rheumatic heart dis NOS
86352,Transverse colon inj-opn
75832,Velo-cardio-facial synd
7202,Sacroiliitis NEC
80084,Opn skl vlt fx-proln com
025,Melioidosis
01626,TB of ureter-oth test
60789,Disorder of penis NEC
E9839,Undet circ-suffocate NOS
37724,Pseudopapilledema
37722,Crater-like hole op disc
71650,Polyarthritis NOS-unspec
20531,Myl srcoma w rmsion
0538,H zoster complicated NOS
61881,Incomptnce pubocerv tiss
7730,NB hemolyt dis:rh isoimm
4542,Varicos leg ulcer/inflam
630,Hydatidiform mole
38081,Exostosis ext ear canal
E8378,Watercraft expl-pers NEC
43819,Late ef-spch/lang df NEC
1448,Mal neo mouth floor NEC
64671,Liver/bil trct disr-del
1520,Malignant neopl duodenum
30082,Undiff somatoform disrdr
6924,Chemical dermatitis NEC
V4509,Status oth spcf crdc dvc
1420,Malig neo parotid
6230,Dysplasia of vagina
9020,Injury abdominal aorta
9928,Heat effect NEC
37906,Brawny scleritis
7635,Mat anesth/analg aff NB
36233,Part arterial occlusion
20964,Benign carcinoid kidney
80195,Op skl base fx-deep coma
37940,Abn pupil function NOS
7534,Ureteral anomaly NEC
53789,Gastroduodenal dis NEC
E9359,Adv eff analgesic NOS
72766,Rupture patellar tendon
22801,Hemangioma skin
8831,Open wound finger-compl
28952,Splenic sequestration
5253,Retained dental root
9888,Tox eff noxious food NEC
27900,Hypogammaglobulinem NOS
80356,Opn skul fx NEC-coma NOS
63702,Abort NOS w pel inf-comp
78843,Nocturia
80182,Opn skl base fx-brf coma
7558,Congen limb anomaly NEC
94416,1 deg burn back of hand
07043,Hpt E w hepat Coma
99685,Compl marrow transplant
5400,Ac append w peritonitis
01551,TB limb bones-no exam
2152,Ben neo soft tissue arm
81343,Fx distal ulna-closed
90002,Inj external carotid art
86320,Small intest inj NOS-cl
07988,Oth spcf chlamydial infc
17349,Mal neo sclp/skn nck NEC
20194,Hodgkins dis NOS axilla
71166,Mycotic arthritis-l/leg
20957,Benign carcinoid rectum
34602,Mgrn w aur wo ntrc mgrn
0520,Postvaricella encephalit
36652,After-cataract NEC
67131,Deep throm antepar-deliv
74341,Anom corneal size/shape
V4982,Dental sealant status
0083,Proteus enteritis
6236,Vaginal hematoma
E9381,Adv eff halothane
63641,Illeg ab w metab dis-inc
2559,Adrenal disorder NOS
E9622,Assault-pois w gas/vapor
V493,Sensory problems w limbs
37300,Blepharitis NOS
7438,Eye anomalies NEC
E8400,Tk off/land-spcrft
17322,Squam cell ca skin ear
56030,Impaction intestine NOS
1630,Mal neo parietal pleura
01785,TB esophagus-histo dx
2511,Oth spcf hypoglycemia
29021,Senile depressive
9158,Superfic inj finger-NEC
80224,Fx ramus NOS-closed
E8198,Traffic acc NOS-pers NEC
E8129,Mv collis NOS-pers NOS
74363,Spec anom of eyelid NEC
38641,Round window fistula
3961,Mitral stenos/aort insuf
78821,Incmplet bldder emptying
9646,Poisoning-gamma globulin
5994,Urethral false passage
9348,FB trach/bronch/lung NEC
36611,Pseudoexfol lens capsule
V454,Arthrodesis status
E8341,W/craft fall NEC-power
V775,Screening for gout
99603,Malfunc coron bypass grf
E8147,Mv coll w pedest-pedest
94441,Deep 3 deg burn finger
41061,"True post infarct, init"
09951,Oth VD chlm trch pharynx
2443,Iatrogen hypothyroid NEC
87350,Open wnd face NOS-compl
8502,Concussion-moderate coma
9402,Alkal burn cornea/conjun
20590,Uns my leu wo ach rmsn
44102,Dsct of abdominal aorta
8942,Opn wnd leg NEC w tendon
E9408,Adv eff cns stimulnt NEC
1026,Yaws of bone & joint
1140,Primary coccidioidomycos
36846,Homonymous hemianopsia
3530,Brachial plexus lesions
7562,Cervical rib
01772,TB of spleen-exam unkn
30530,Hallucinog abuse-unspec
37555,Neonatal nasolacrml obst
E9174,Stat ob w/o sub fall NEC
57140,Chronic hepatitis NOS
E0069,"Individ sports,athletics"
1724,Mal melanoma scalp/neck
22803,Hemangioma retina
01561,TB of mastoid-no exam
67323,Pulm embol NOS-antepart
7835,Polydipsia
20581,Oth myl leuk w rmsion
81304,Fx upper ulna NEC/NOS-cl
V5831,Attn rem surg dressing
9743,Poisoning-saluretics
9658,Pois-analges/antipyr NEC
E8701,Acc cut/hem in infusion
75616,Klippel-feil syndrome
V1911,Family history glaucoma
2249,Benign neoplasm eye NOS
81341,Colles' fracture-closed
73399,Bone & cartilage dis NEC
85252,Extradur hem-brief coma
9932,Eff high altitud NEC/NOS
2749,Gout NOS
09941,Chlmyd trachomatis ureth
6150,Ac uterine inflammation
20043,Mantle cell lymph abdom
80633,T1-t6 fx-op/cen cord syn
37157,Endothel cornea dystrphy
4553,Ext hemorrhoid w/o compl
1728,Malig melanoma skin NEC
E9421,Adv eff cardiotonics
01621,TB of ureter-no exam
7353,Hallux malleus
V4511,Renal dialysis status
75235,Septate uterus
V7389,Scrn oth spcf viral dis
31232,Kleptomania
71641,Trans arthropathy-shlder
86405,Liver lacerat unspcf cls
0205,Pneumonic plague NOS
81342,Fx distal radius NEC-cl
85012,Concus-brf coma 31-59 mn
E9170,Sports acc w/o sub fall
81013,"Fx clavic, acrom end-opn"
E8709,Acc cut in med care NOS
9551,Injury median nerve
0308,Leprosy NEC
37642,Exostosis of orbit
52663,Endodontic underfill
E8114,Reentrant coll-st car
99567,Anphylct react milk prod
7993,Debility NOS
E9389,Adv eff loc anes NEC/NOS
05910,Parapoxvirus infectn NOS
V3501,Oth mult sb-in hosp w cs
20952,Benign carcinoid cecum
2771,Dis porphyrin metabolism
6023,Dysplasia of prostate
30023,Social phobia
66313,Cord around neck-antepar
49392,Asthma NOS w (ac) exac
V8302,Sympt hemophil a carrier
37741,Ischemic optic neuropthy
57460,Gall&bil cal w/ac w/o ob
01086,Prim prg TB NEC-oth test
85122,Cortex lacera-brief coma
V4450,Cystostomy status NOS
52149,Path resorption NEC
4263,Left bb block NEC
67524,Mastitis-postpartum
43852,Lt ef oth parals non-dom
76402,Lt-for-dates 500-749g
0401,Rhinoscleroma
7822,Local suprficial swellng
E9335,Adv eff vitamins NEC
6181,Uterine prolapse
94155,3rd deg burn w loss-nose
V9120,Quad gest-plac/sac NOS
262,Oth severe malnutrition
9730,Pois-antacid/antigastric
09885,Gonococcal heart dis NEC
94106,Burn NOS scalp
1885,Mal neo bladder neck
45383,Ac emblsm up ext NOS
17371,Basl cell ca skn low lmb
82030,Trochanteric fx NOS-open
E9903,War inj:ind convn weapn
E9202,Acc-power house applianc
2232,Benign neoplasm ureter
56721,Peritonitis (acute) gen
V7282,Preop respiratory exam
94456,3rd brn w loss-bk of hnd
52567,Poor aesthetics restore
E9670,Abuse by fther/stpfth/bf
04112,MRSA elsewhere/NOS
66821,Cns compl lab/del-deliv
9141,Abrasion hand-infected
7386,Acq pelvic deformity
V632,Wait adm to oth facility
34201,Flccd hmiplga domnt side
1945,Mal neo carotid body
80627,T7-t12 fx-cl/ant crd syn
9733,Poisoning-cathartic NEC
1965,Mal neo lymph-inguin/leg
20142,Hodg lymph-histio thorax
81502,Fx metacarp base NEC-cl
2115,Ben neo liver/bile ducts
2162,Benign neo skin ear
9570,Inj superf nerv head/nck
9146,Foreign body hand
6199,Fem genital fistula NOS
9239,Contusion upper limb NOS
79673,Pap smear anus w LGSIL
8976,"Amputation leg, bilat"
4789,Upper resp dis NEC/NOS
8786,Open wound of vagina
0502,Modified smallpox
27731,Fam Mediterranean fever
37934,Post dislocation of lens
9987,Postop forgn subst react
37003,Central corneal ulcer
V269,Procreative mangmt NOS
59651,Hypertonicity of bladder
4719,Nasal polyp NOS
01194,Pulmon TB NOS-cult dx
V3200,Twin-mate sb-hosp w/o cs
71989,Joint dis NEC-mult jts
36004,Vitreous abscess
94341,Deep 3 deg burn forearm
E9252,Indust wiring/machin acc
36421,Fuch hetrochrom cyclitis
71934,Palindrom rheum-hand
E8608,Acc poison-alcohol NEC
23771,Neurofibromatosis type I
30571,Amphetamine abuse-contin
01506,TB of vertebra-oth test
11504,Histoplasm caps endocard
74422,Macrotia
V3001,Single lb in-hosp w cs
V8711,Cntct/exp aromatc amines
2644,Vit A keratomalacia
66632,P/p coag def-del w p/p
1473,Mal neo ant nasopharynx
1949,Mal neo endocrine NOS
37561,Lacrimal fistula
94211,1st deg burn breast
E8343,Wtrcraft fall NEC-pasngr
95218,Central cord syn/t7-t12
37155,Macular cornea dystrophy
1438,Malig neo gum NEC
45381,Ac embl suprfcl up ext
6019,Prostatitis NOS
63620,Illeg ab w pel damg-unsp
V1241,Hx benign neoplasm brain
83319,Dislocat wrist NEC-open
V521,Fitting artificial leg
37162,"Keratoconus, ac hydrops"
1750,Mal neo male nipple
1887,Malig neo urachus
71654,Polyarthritis NOS-hand
53141,Chr stom ulc w hem-obstr
64183,Antepart hem NEC-antepar
65300,Pelvic deform NOS-unspec
9774,Pois-pharmaceut excipien
71808,Artic cartil dis-jt NEC
20245,Hairy-cell leukem inguin
53331,Ac peptic ulcer NOS-obst
65523,Famil hered dis-antepart
71895,Jt derangment NOS-pelvis
52104,Dental caries - arrested
1522,Malignant neoplasm ileum
3739,Inflammation eyelid NOS
66984,Compl deliv NEC-postpart
E8799,Abn react-procedure NOS
43491,Crbl art ocl NOS w infrc
4179,Pulmon circulat dis NOS
6252,Mittelschmerz
E9341,Adv eff liver/antianemic
33111,Pick's disease
37103,"Central opacity, cornea"
13109,Urogenital trichomon NEC
74332,Cortical/zonular catarac
71901,Joint effusion-shlder
V4383,Artific skin repl status
E9173,Furnit w/o sub fall
80353,Opn skul fx NEC-mod coma
2394,Bladder neoplasm NOS
09836,"Gc endometritis, chronic"
94212,1st deg burn chest wall
9676,Poison-mix sedative NEC
71943,Joint pain-forearm
V0981,Inf mcrg rstn oth drg ml
64762,Oth viral dis-del w p/p
34202,Flccd hmiplg nondmnt sde
01552,TB limb bones-exam unkn
0419,Bacterial infection NOS
6147,Chr pelv periton NEC-fem
90232,Inj inferior mesent vein
7660,Exceptionally large baby
81333,Fx shaft rad w ulna-open
99691,Compl reattached forearm
V1048,Hx-epididymis malignancy
7684,Fetal distress NOS
84502,Sprain calcaneofibular
30283,Sexual masochism
81311,Fx olecran proc ulna-opn
80603,C1-c4 fx-cl/cen cord syn
73329,Bone cyst NEC
36633,Cataract w neovasculizat
V4613,Weaning from respirator
9621,Poisoning-androgens
42653,Bilat bb block NEC
81212,Fx anat neck humerus-opn
8409,Sprain shoulder/arm NOS
64610,Edema in preg-unspec
67420,Disrupt perineum-unspec
E8528,Acc poison-sedatives NEC
82031,Intertrochanteric fx-opn
E9081,Accident d/t tornado
60020,BPH loc w/o ur obs/LUTS
20250,Ltr-siwe unsp xtrndl org
E9501,Poison-barbiturates
1892,Malign neopl ureter
36205,Mod nonprolf db retinoph
83102,Post disloc humerus-clos
E8416,Pow airc acc-unp aircr
41405,Cor ath bypass graft NOS
V8901,Sus amntc cav/mem nt fnd
3343,Cerebellar ataxia NEC
48881,Flu dt nvl A vrs w pneu
24241,Thyrotox-ect nod w cris
V1529,Hx surgery to organs NEC
61611,Vaginitis in oth disease
37710,Optic atrophy NOS
4266,Other heart block
80334,Cl skl fx NEC-proln coma
4149,Chr ischemic hrt dis NOS
0769,Trachoma NOS
7947,Abn basal metabol study
5298,Tongue disorder NEC
5281,Cancrum oris
07420,Coxsackie carditis NOS
52510,Acq absence of teeth NOS
E959,Late eff of self-injury
73009,Ac osteomyelitis-mult
E8351,W/craft fall NOS-power
3919,Ac rheumat hrt dis NOS
5799,Intest malabsorption NOS
1631,Mal neo visceral pleura
5646,Anal spasm
70711,Ulcer of thigh
36562,Glaucoma w ocular inflam
04041,Infant botulism
9632,Poisoning-acidifying agt
E8724,Fail sterile endoscopy
2157,Benign neo trunk NOS
78969,Abdmnal tndr oth spcf st
24970,Sec DM circ nt st uncntr
75514,Syndactyl toe w fusion
3789,Eye movemnt disorder NOS
17331,Bsl cel skn face NEC/NOS
20921,Mal carcinoid bronc/lung
7296,Old FB in soft tissue
38331,Postmastoid mucosal cyst
01230,TB laryngitis-unspec
01806,Ac miliary tb-oth test
32753,Sleep related bruxism
4200,Ac pericardit in oth dis
71648,Trans arthropathy NEC
29593,Schizo NOS-subchr/exacer
38830,Tinnitus NOS
79099,Oth nspcf finding blood
52105,Odontoclasia
32721,Prim central sleep apnea
3821,Chr tubotympan suppur OM
80492,Opn skul/oth fx-brf coma
56943,Anal sphincter tear-old
71626,Allerg arthritis-l/leg
36315,Pigment epitheliopathy
2356,Unc behav neo larynx
7173,Derang med meniscus NEC
9800,Toxic eff ethyl alcohol
29544,Schizophr dis-chr/exacer
65490,Abn pel NEC in preg-unsp
9851,Toxic effect arsenic
8088,Pelvic fracture NOS-clos
0238,Brucellosis NEC
E9391,Adv eff phenothiaz tranq
V0251,Group b streptoc carrier
09049,Juvenile neurosyph NEC
9299,Crushing injury NOS
7954,Abn histologic find NEC
V8381,Cystic fibrosis gene car
1412,Mal neo tip/lat tongue
01120,TB lung w cavity-unspec
37927,Vitreomacular adhesion
57511,Chronic cholecystitis
V500,Hair transplant
69519,Erythema multiforme NEC
24921,Sec DM hprosmlr uncntrld
E9382,Adv eff gas anesthet NEC
8932,Open wound toe w tendon
7742,Neonat jaund preterm del
5695,Intestinal abscess
81305,Fx radius head-closed
0970,Late syphilis NOS
34620,Vrnt mgrn wo ntr mgr NEC
82381,Fx fibula NOS-closed
V510,Brst reconst fol mastect
E9321,Adv eff androgens
30583,Antidepress abuse-remiss
3568,Idio periph neurpthy NEC
7321,Juv osteochondros pelvis
2252,Ben neo cerebr meninges
0201,Cellulocutaneous plague
71846,Jt contracture-l/leg
6151,Chr uterine inflammation
67380,Ob pulmon embol NEC-unsp
01322,Tubrclma brain-exam unkn
74686,Congenital heart block
37005,Mycotic corneal ulcer
9879,Toxic eff gas/vapor NOS
E9673,Batter by spouse/partner
85155,Opn cerebe cont-deep com
76070,Nox sub NOS aff NB/fetus
30460,Drug depend NEC-unspec
E8346,Wtrcraft fall NEC-docker
38921,"Mixed hearing loss,unilt"
37611,Orbital granuloma
37820,Intermit heterotrop NOS
7594,Conjoined twins
86412,"Liver lacerat, minor-opn"
2929,Drug mental disorder NOS
E9900,War inj:gasoline bomb
68100,"Cellulitis, finger NOS"
37943,Mydriasis not d/t mydrtc
30181,Narcissistic personality
65520,Famil heredit dis-unspec
29011,Presenile delirium
3384,Chronic pain syndrome
8794,Opn wnd lateral abdomen
72703,Trigger finger
56969,Colstmy/enteros comp NEC
74335,Congenital aphakia
V600,Lack of housing
4959,Allerg alveol/pneum NOS
75246,Transv vaginal septum
37434,Blepharochalasis
E8193,Traff acc NOS-mcycl psgr
9245,Contusion leg NOS
7311,Osteitis def in oth dis
99527,Drug allergy NEC
5201,Supernumerary teeth
53083,Esophageal leukoplakia
74903,Bilat cleft palate-compl
82120,Fx low end femur NOS-cl
E8718,Post-op foreign body NEC
E895,Burn acc in privat dwell
E9304,Adv eff tetracycline
66361,Vasc lesion cord-deliver
43814,Late eff CV-fluency dis
7390,Somat dys head region
09819,Gc (acute) upper gu NEC
V7182,Obs/eval sus exp anthrax
75659,Osteodystrophy NEC
V2131,Low birthwt status <500g
20601,Act mono leuk w rmsion
01604,TB of kidney-cult dx
73086,Bone infect NEC-l/leg
01313,Tubrclma mening-micro dx
59789,Urethritis NEC
V1204,Hx Methicln resist Staph
8951,Amputation toe-complicat
75881,Oth cond due to sex chrm
27401,Acute gouty arthropathy
73342,Aseptic necrosis femur
78831,Urge incontinence
035,Erysipelas
1913,Mal neo parietal lobe
5299,Tongue disorder NOS
2324,Ca in situ scalp
80073,Opn skul vlt fx-mod coma
76526,31-32 comp wks gestation
V9009,Retain radioac frag NEC
36843,Sector or arcuate defect
E9870,Undet circ-fall residenc
28959,Spleen disease NEC
V749,Screen-bacterial dis NOS
78942,Abdmnal rgdt lft up quad
49320,Chronic obst asthma NOS
V5872,Aftcre surg nerv sys NEC
76077,Mat anticonv aff NB/fet
9502,Injury to optic pathways
3532,Cervical root lesion NEC
71646,Trans arthropathy-l/leg
78861,Splitting urinary stream
2556,Medulloadrenal hyperfunc
36304,Periph focal choroiditis
94305,Burn NOS shoulder
0709,Viral hepat NOS w/o coma
2138,Ben neo bones ankle/foot
E8184,Mv traff acc NEC-st car
E8794,Abn react-fluid aspirat
01001,Prim TB complex-no exam
52426,Excess horizontl overlap
80030,Cl skull vlt fx/hem NEC
V033,Vaccin for plague
80049,Cl skl vlt fx-concus NOS
2889,Wbc disease NOS
0729,Mumps uncomplicated
38905,"Condctv hear loss,unilat"
36510,Open-angle glaucoma NOS
5812,Membranoprolif nephrosis
8412,Sprain radiohumeral
1602,Mal neo maxillary sinus
96500,Poisoning-opium NOS
29610,Recur manic dis-unspec
80070,Opn skl vlt fx/menin hem
V093,Inf mcrg rstn ttrcycln
V3500,Oth mult sb-hosp w/o cs
75264,Micropenis
E8889,Fall NOS
65323,Inlet contract-antepart
0079,Protozoal intest dis NOS
94340,Deep 3 deg burn arm NOS
8678,Pelvic organ inj NOS-cl
7760,NB hemorrhagic disease
64251,Severe preeclamp-deliver
9300,Corneal foreign body
E9582,Injury-scald
8920,Open wound of foot
63521,Leg ab w pelv damag-inc
37222,Contact blepharoconjunct
28861,Lymphocytosis-symptomatc
1238,Cestode infection NEC
78099,Other general symptoms
4350,Basilar artery syndrome
49312,Int asthma w (ac) exac
36973,One eye-severe/oth-norm
2531,Ant pituit hyperfunc NEC
86512,Spleen capsular tear-opn
53784,"Dieulafoy les,stom&duod"
87343,Open wound of lip
2939,Transient mental dis NOS
9605,Pois-cephalosporin group
64712,Gonorrhea-deliver w p/p
V9001,Retain deplete uran frag
V5042,Prphylct orgn rmvl ovary
2726,Lipodystrophy
78079,Malaise and fatigue NEC
74346,Anom iris & cil body NEC
85176,Opn cerebel lac-coma NOS
36622,Total traumatic cataract
80052,Opn skul vlt fx-brf coma
85411,Opn brain inj w/o coma
E8175,Mv brd/alight-anim rider
44381,Angiopathy in other dis
E9850,Undetermin circ-handgun
71194,Inf arthrit NOS-hand
2363,Unc behav neo female NEC
503,Inorg dust pneumocon NEC
36861,Congen night blindness
94523,2nd deg burn ankle
78941,Abdmnal rgdt rt upr quad
2308,Ca in situ liver/biliary
2978,Paranoid states NEC
71108,Pyogen arthritis NEC
85145,Cerebel contus-deep coma
0222,Gastrointestinal anthrax
94221,2nd deg burn breast
92320,Contusion of hand(s)
5370,Acq pyloric stenosis
01191,Pulmonary TB NOS-no exam
04501,Ac bulbar polio-type 1
66960,Breech extr NOS-unspec
7569,Musculoskel anom NEC/NOS
E8427,Unpow aircrf acc-chutist
67312,Amniot embol-deliv w p/p
4599,Circulatory disease NOS
1160,Blastomycosis
84841,Sprain sternoclavicular
E8020,RR acc w derail-employee
E0051,Yoga
80101,Cl skul base fx w/o coma
20241,Hairy-cell leukem head
E8360,Machine acc-unpow boat
7459,Septal closure anom NOS
36221,Retrolental fibroplasia
62211,Mild dysplasia of cervix
55091,Recur unilat inguin hern
9046,Inj deep plantar vessel
E9428,Adv eff capillary-act
3868,Disorders labyrinth NEC
34989,Cns disorder NEC
7887,Urethral discharge
0738,Ornithosis complicat NOS
2724,Hyperlipidemia NEC/NOS
8796,Open wound of trunk NEC
73004,Ac osteomyelitis-hand
7585,Autosomal anomalies NEC
71922,Villonod synovit-up/arm
E8792,Abn react-radiotherapy
76522,24 comp weeks gestation
52521,Atrophy mandible-minimal
77083,"Cyanotic attack, newborn"
00849,Bacterial enteritis NEC
7241,Pain in thoracic spine
66534,Lacer of cervix-postpart
920,Contusion face/scalp/nck
20979,Sec neuroend tu oth site
20285,Lymphomas NEC inguin
01611,TB of bladder-no exam
52141,Path resorption-internal
20158,Hodg nodul sclero mult
99647,Mech com pros jt implant
94861,60-69% bdy brn/10-19% 3d
63681,Illeg ab w compl NOS-inc
42611,Atriovent block-1st degr
1211,Clonorchiasis
9700,Poisoning-analeptics
8703,Penetr wnd orbit w/o FB
34200,Flccd hmiplga unspf side
85309,Brain hem NEC-concussion
8605,Traum pneumohemothor-opn
3889,Disorder of ear NOS
76514,Preterm NEC 1000-1249g
31081,Pseudobulbar affect
65432,Retrovert uter-del w p/p
01525,TB of knee-histo dx
E0000,Civilian activity-income
V596,Liver donor
V1502,Hx-milk prod allergy
72992,Nontrauma hema soft tiss
37912,Staphyloma posticum
9766,Poison-ent preparation
80099,Op skl vlt fx-concus NOS
7133,Arthropathy w skin dis
3588,Myoneural disorders NEC
65413,Uterine tumor-antepartum
2792,Combined immunity defic
V585,Orthodontics aftercare
29504,Simpl schizo-chr/exacerb
4294,Hrt dis postcardiac surg
8509,Concussion NOS
99642,Dislocate prosthetic jt
4658,Acute uri mult sites NEC
01566,TB of mastoid-oth test
4829,Bacterial pneumonia NOS
53540,Oth spf gstrt w/o hmrhg
65130,Twins w fetal loss-unsp
3221,Eosinophilic meningitis
76513,Preterm NEC 750-999g
36732,Aniseikonia
99589,Adverse effect NEC
1430,Malig neo upper gum
53490,Gastrojejunal ulcer NOS
V482,Mechanical prob w head
7284,Laxity of ligament
E903,Travel and motion
2537,Iatrogenic pituitary dis
81382,Fracture ulna NOS-closed
7816,Meningismus
36054,"Old magnet fb, vitreous"
37452,Hyperpigmentation lid
73630,Acq hip deformity NOS
64823,Anemia-antepartum
E8164,Loss cont mv acc-st car
V666,Comb treatment convales
3445,Monoplegia NOS
38052,Stenosis ear d/t surgery
1119,Dermatomycosis NOS
74339,Cong catar/lens anom NEC
E8158,Mv coll w obj-pers NEC
V362,Multiple nb/sb-nonhosp
32726,Sleep hypovent oth dis
38015,Chr mycot otitis externa
3738,Inflammation eyelid NEC
35571,Causalgia lower limb
0542,Herpetic gingivostomat
01113,TB lung nodular-micro dx
20974,Sec neuroendo tu-periton
3920,Rheum chorea w hrt invol
99652,Oth tissue graft malfunc
6115,Galactocele
65601,Fetal-maternal hem-deliv
E8433,Fall-psng comm aircraft
95909,Face & neck injury
V4962,Status amput oth fingers
84510,Sprain of foot NOS
7700,Congenital pneumonia
4956,Mapl bark-stripprs' lung
V1022,Hx-nose/ear/sinus malig
64711,Gonorrhea-delivered
41082,"AMI NEC, subsequent"
71220,Pyrophosph cryst-unspec
71950,Jt stiffness NEC-unspec
45375,Ch emblsm subclav veins
85194,Opn brain lac-proln coma
66461,Anal sphincter tear-del
8711,Ocular lacera w prolapse
37743,Optic nerve hypoplasia
5559,Regional enteritis NOS
E0122,Furniture build/finish
7559,Congen limb anomaly NOS
E9793,"Terrorism, fires"
52524,Atrophy maxilla-minimal
56942,Anal or rectal pain
1201,Schistosoma mansoni
86102,Heart laceration-closed
83900,Disloc cerv vert NOS-cl
01010,Prim TB pleurisy-unspec
7814,Transient limb paralysis
33982,Headache w sex activity
80079,Op skl vlt fx-concus NOS
80032,Cl skull vlt fx-brf coma
01691,Gu TB NOS-no exam
V591,Skin donor
3373,Autonomic dysreflexia
9990,Generalized vaccinia
9701,Poison-opiate antagonist
82522,"Fx navicular, foot-clos"
63591,Legal abort uncompl-inc
23875,Myelodysplastic synd NOS
83908,Disloc mult cerv vert-cl
64510,Post term preg-unsp
96909,Pois antidepressants NEC
797,Senility w/o psychosis
63300,Abd preg w/o intrau preg
09839,Chr gc upper gu NEC
V574,Orthoptic training
36461,Implantation cysts
5275,Sialolithiasis
2639,Protein-cal malnutr NOS
412,Old myocardial infarct
E9093,Acc d/t dam collapse
5183,Pulmonary eosinophilia
1410,Mal neo tongue base
86601,Kidney hematoma-closed
65464,Abn cervix NEC-postpart
2117,Ben neo islets langerhan
E9380,Adv eff cns muscl depres
64814,Thyroid dysfunc-postpart
6028,Prostatic disorders NEC
4822,H.influenzae pneumonia
1649,Mal neo mediastinum NOS
4556,Hemorrhoids NOS
51637,Desquamatv interst pneu
7611,Premat rupt memb aff NB
1744,Mal neo breast up-outer
V598,Org or tissue donor NEC
E8254,Mv n-traff NEC-st car
9895,Toxic effect venom
7540,Cong skull/face/jaw def
E8288,Ridden anim acc-pers NEC
6011,Chronic prostatitis
05102,Vaccinia n/f vaccination
72089,Inflam spondylopathy NEC
5722,Hepatic encephalopathy
81332,Fx ulna shaft-open
51284,Other air leak
72700,Synovitis NOS
76621,Post-term infant
45911,Postphlebtc synd w ulcer
49382,Cough variant asthma
20261,Mal mastocytosis head
64271,Tox w old hyperten-deliv
1021,Multiple papillomata
V8553,"BMI,pediatric 85% - <95%"
65263,Mult ges malpres-antepar
E8367,W/crft machine-military
2718,Dis carbohydr metab NEC
99801,"Postop shock,cardiogenic"
34122,Idiopathc trans myelitis
1113,Black piedra
52560,Unsat restore tooth NOS
75559,Upper limb anomaly NEC
94116,1st deg burn scalp
01712,Erythem nod tb-exam unkn
77933,NB other vomiting
56949,Rectal & anal dis NEC
69284,Contact drmatitis-animal
20712,Chr erythrmia in relapse
99675,Comp-nerv sys dev/graft
3360,Syringomyelia
24910,Sec DM keto nt st uncntr
7580,Down's syndrome
75831,Cri-du-chat syndrome
V6289,Psychological stress NEC
01282,Resp TB NEC-exam unkn
V824,Mat pstntl scr-chrm anom
36216,Retinal neovascular NOS
E9390,Adv eff antidepressants
V4588,TPA adm status 24 hr pta
V5861,Long-term use anticoagul
0260,Spirillary fever
5208,Tooth devel/erup dis NEC
0639,Tick-borne enceph NOS
05474,Herpes simplex myelitis
66143,Uter dystocia NOS-antepa
94524,2nd deg burn lower leg
20272,Periph T cell lym thorax
E8134,Mv-oth veh coll-st car
V4282,Trspl sts-perip stm cell
E9273,Cumltv trma-repetv motn
E9471,Adv eff lipotropic drugs
20932,Merkel cell ca-sclp/neck
25033,DMI oth coma uncontrold
7919,Abn urine findings NEC
63461,Spon abort w embol-inc
80060,Opn skl vlt fx/cereb lac
72889,Muscle/ligament dis NEC
6089,Male genital dis NOS
34613,Mgrn wo aura w ntrc mgrn
66981,Comp lab/deliv NEC-deliv
64621,Renal dis NOS-delivered
90003,Inj internal carotid art
71781,Old disrupt lat collat
94424,2 deg burn fingr w thumb
V4552,Prsc sbdrml cntrcp mplnt
52569,Unsat restore tooth NEC
7351,Hallux varus
38630,Labyrinthitis NOS
71293,Crys arthrop NOS-forearm
4784,Vocal cord/larynx polyp
65170,Mul gest-fet reduct unsp
71605,Kaschin-beck dis-pelvis
99941,Anaphyl d/t adm bld/prod
01362,TB encephalit-exam unkn
9101,Abrasion head-infected
90249,Injury renal vessel NEC
E8347,W/crft fall NEC-military
9523,Sacral spinal cord injur
65693,Fet/plac prob NOS-antepa
78603,Apnea
E8832,Fall into storm drain
36040,Degeneration of eye NOS
0539,Herpes zoster NOS
3180,Mod intellect disability
0203,Primary pneumonic plague
71698,Arthropathy NOS-oth site
V699,Prblm rltd lfstyle NOS
52459,Dentofac funct abnor NEC
27786,Peroxisomal disorders
0770,Inclusion conjunctivitis
2391,Respiratory neoplasm NOS
53360,Chr pept ulc w hem/perf
01635,TB urinary NEC-histo dx
E896,Burn acc in bldg NEC
5193,Mediastinum disease NEC
83501,Posterior disloc hip-cl
52563,Fx dental mat w/o loss
5186,Alrgc brncpul asprglosis
37141,Senile corneal changes
36847,Heteronymous hemianopsia
6243,Hypertrophy of labia
V7650,Scrn malig neo-intes NOS
E9954,War inj:unintentl drown
9808,Toxic effect alcohol NEC
84209,Sprain of wrist NEC
37181,Corneal anesthesia
0953,Syphilis of liver
37863,Mech strab w oth conditn
71594,Osteoarthros NOS-hand
1224,Echinococc granul NOS
V5489,Orthopedic aftercare NEC
03281,Conjunctival diphtheria
43401,Crbl thrmbs w infrct
37939,Disorders of lens NEC
3481,Anoxic brain damage
70710,Ulcer of lower limb NOS
71997,Joint dis NOS-ankle
66444,Perineal lac NOS-postpar
71900,Joint effusion-unspec
99859,Other postop infection
E0133,Ironing
4843,Pneumonia in whoop cough
56983,Perforation of intestine
60091,BPH NOS w ur obs/LUTS
71619,Traum arthropathy-mult
80116,Cl skul base fx-coma NOS
65233,Transv/obliq lie-antepar
3589,Myoneural disorders NOS
9171,Abrasion foot/toe-infec
80617,C5-c7 fx-op/ant cord syn
05314,Herpes zoster myelitis
27669,Fluid overload NEC
45385,Ac embl subclav veins
34551,Part epil w intr epil
0941,General paresis
7051,Prickly heat
58389,Nephritis NEC
V1652,Fam hx-bladder malig
37612,Orbital myositis
01014,Prim TB pleurisy-cult dx
53560,Duodenitis w/o hmrhg
24211,Tox uninod goit w crisis
84202,Sprain radiocarpal
70901,Vitiligo
78071,Chronic fatigue syndrome
78443,Hypernasality
01366,TB encephalitis-oth test
V058,Vaccin for disease NEC
3361,Vascular myelopathies
5258,Dental disorder NEC
79502,Pap smear (ASC-H)
37049,Keratoconjunctivitis NEC
36041,Blind hypotensive eye
7586,Gonadal dysgenesis
01751,TB of thyroid-no exam
65160,Mult ges w fet loss-unsp
47412,Hypertrophy adenoids
5891,Bilateral small kidneys
3555,Tarsal tunnel syndrome
2348,Ca in situ NEC
73029,Osteomyelitis NOS-mult
E8226,Oth coll mov obj-ped cyc
33904,Chr paroxysml hemicrania
99594,SIRS-noninf w ac org dys
29656,Bipol I currnt dep remis
2762,Acidosis
V8541,"BMI 40.0-44.9, adult"
V613,Problem w aged parent
8870,"Amput below elb, unilat"
80500,Fx cervical vert NOS-cl
1215,Metagonimiasis
37402,Mechanical entropion
4801,Resp syncyt viral pneum
01004,Prim TB complex-cult dx
31239,Impulse control dis NEC
E0191,Milking an animal
07959,Oth specfied retrovirus
65141,Triplets w fet loss-del
80423,Cl skl w oth fx-mod coma
64311,Hyperem w metab dis-del
72191,Spondylosis NOS w myelop
75462,Talipes calcaneovalgus
17321,Basal cell ca skin ear
85409,Brain inj NEC-concussion
53501,Acute gastritis w hmrhg
64320,Late vomit of preg-unsp
7744,Fetal/neonatal hepatitis
01761,TB of adrenal-no exam
37854,Sixth nerve palsy
37122,Secondary corneal edema
V7285,Oth specified exam
3734,Infect derm lid w deform
30543,"Sed,hyp,anxiolytc ab-rem"
80354,Opn skl fx NEC-prol coma
E8910,Fire in bldg-explosion
72273,Lumb disc dis w myelopat
56971,Pouchitis
9627,Poisoning-thyroid/deriv
03810,Staphylcocc septicem NOS
504,Dust pneumonopathy NEC
64630,Recur preg loss-unspec
8250,Fracture calcaneus-close
88112,Open wound wrist-complic
7012,Acq acanthosis nigricans
86413,"Liver lacerat, mod-open"
53201,Ac duoden ulc w hem-obst
94436,3 deg burn back of hand
2702,Arom amin-acid metab NEC
37430,Ptosis of eyelid NOS
63492,Spon abort uncompl-comp
7589,Chromosome anomaly NOS
01704,TB skin/subcut-cult dx
01690,Gu TB NOS-unspec
38102,Ac mucoid otitis media
2163,Benign neo skin face NEC
30591,Drug abuse NEC-contin
88019,Mult opn wnd should-comp
66343,Short cord-antepartum
01180,Pulmonary TB NEC-unspec
7449,Cong face/neck anom NOS
80231,Fx condyl proc mand-open
E9201,Acc-power hand tool NEC
37816,Alt exotropia w a pattrn
7916,Acetonuria
8790,Open wound of breast
3340,Friedreich's ataxia
9582,Secondary/recur hemorr
36844,Visual field defect NEC
65454,Cerv incompet-postpartum
20257,Letterer-siwe dis spleen
94515,1st deg burn knee
1499,Mal neo orophryn ill-def
92232,Buttock contusion
E8791,Abn react-renal dialysis
E8259,Mv n-traff NEC-pers NOS
74355,Cong macular change-eye
05909,Orthopoxvirus infect NEC
3064,Psychogenic GI disease
E8436,Fall-occ unpower aircraf
66033,Persist occiptpost-antep
05412,Herpetic ulcer of vulva
34693,Mgrn NOS w ntrc w st mgr
78449,Voice/resonance dis NEC
V619,Family circumstance NOS
38904,Cond hear loss inner ear
94124,2nd deg burn chin
66323,Cord compres NEC-antepar
53160,Chr stomach ulc hem/perf
66882,Anesth compl NEC-del p/p
65433,Retrovert uter-antepart
31281,Cndct dsrdr chldhd onst
V4452,Appendico-vesicos status
64272,Tox w old hyp-del w p/p
V1261,Prsnl hx recur pneumonia
36456,Degen chamber angle
37060,Cornea neovasculariz NOS
7464,Cong aorta valv insuffic
1025,Gangosa
80189,Opn skul base fx-concuss
81250,Fx lower humer NOS-open
3452,Petit mal status
75651,Osteogenesis imperfecta
E9241,Accid-caustic substance
80119,Cl skull base fx-concuss
260,Kwashiorkor
01345,Tubrclma sp crd-histo dx
36481,Floppy iris syndrome
77010,Fetal & newborn asp NOS
36052,"Old magnet fb, iris"
86511,Spleen hematoma-open
2419,Nontox nodul goiter NOS
2389,Uncert behavior neo NOS
0739,Ornithosis NOS
45989,Circulatory disease NEC
6202,Ovarian cyst NEC/NOS
01732,TB of eye-exam unkn
86130,Lung injury NOS-open
1221,Echinococc granul lung
9340,Foreign body in trachea
63790,Ab NOS uncomplicat-unsp
72705,Tenosynov hand/wrist NEC
41001,"AMI anterolateral, init"
5168,Alveol pneumonopathy NEC
36334,Peripheral retinal scars
80302,Cl skull fx NEC-brf coma
80021,Cl skull vlt fx w/o coma
01352,TB sp crd absc-exam unkn
7244,Lumbosacral neuritis NOS
V6403,No vaccin-immune comp
E8042,Fall from train-pedest
6988,Pruritic conditions NEC
E8524,Acc poison-glutethimide
71214,Dicalc phos cryst-hand
3430,Congenital diplegia
2909,Senile psychot cond NOS
V776,Screen-cystic fibrosis
75019,Tongue anomaly NEC
01733,TB of eye-micro dx
V5413,Aftrcre traumatic fx hip
V4361,Joint replaced shoulder
E9505,Poison-drug/medicin NOS
8240,Fx medial malleolus-clos
V5862,Long-term use antibiotic
73021,Osteomyelitis NOS-shlder
99566,Anphylct react food addv
8780,Open wound of penis
53431,Ac marginal ulc NOS-obst
37006,Perforated corneal ulcer
E0090,Exercise mach(cardiorsp)
4252,Obsc afric cardiomyopath
1491,Mal neo waldeyer's ring
79953,Visuospatial deficit
V440,Tracheostomy status
82320,Fx shaft tibia-closed
1715,Mal neo soft tis abdomen
36215,Retinal telangiectasia
V059,Vaccin for singl dis NOS
37830,Heterotropia NOS
44030,Athscl extrm bps gft NOS
71661,Monoarthritis NOS-shlder
36968,Profnd impair/near norm
83910,Disloc cerv vert NOS-opn
E9088,Accident d/t storm NEC
94522,2nd deg burn foot
74330,Congenital cataract NOS
2788,Other hyperalimentation
95213,Central cord synd/t1-t6
37753,Opt chiasm w vascul dis
36181,Retinal traction detach
73300,Osteoporosis NOS
V7799,Screen-endoc/nut/met NEC
2649,Vitamin A deficiency NOS
65390,Disproportion NOS-unspec
67501,Infect nipple-delivered
64264,Eclampsia-postpartum
56781,Choleperitonitis
36112,Bullous retinoschisis
9197,Superficial FB NEC-infec
9654,Pois-arom analgesics NEC
31500,Reading disorder NOS
1301,Toxoplasm conjunctivitis
86341,Ascending colon inj-clos
37446,Blepharophimosis
0312,DMAC bacteremia
1263,Ancylostoma ceylanicum
9073,Lt eff nerv inj trnk NEC
E8631,Acc pois-phosph pesticid
E9556,Self inflict acc-air gun
67121,Thrombophlebitis-deliver
28412,Oth drg indcd pancytopna
V5425,Aftrcare path fx up leg
71430,Juv rheum arthritis NOS
E9063,Animal bite NEC
9850,Toxic effect mercury
65180,Multi gestat NEC-unspec
E8586,Acc poisn-muscl/resp agt
07951,Htlv-1 infection oth dis
9719,Pois-autonomic agent NOS
01224,Isol tracheal tb-cult dx
V605,Holiday relief care
33983,Primary cough headache
37949,Pupil funct anomaly NEC
8080,Fracture acetabulum-clos
84200,Sprain of wrist NOS
30432,Cannabis depend-episodic
36752,Tot intern ophthalmopleg
27901,Selective iga immunodef
20145,Hodg lymph-histio inguin
64220,Old hyperten preg-unspec
E8365,Machine accident-swim
V722,Dental examination
V4389,Organ/tiss replacmnt NEC
55229,Obstr ventral hernia NEC
6383,Attem abort w renal fail
44772,Abdominal aortic ectasia
65923,Pyrexia in labor-antepar
65363,Hydroceph fetus-antepart
64133,Coag def hemorr-antepart
41511,Iatrogen pulm emb/infarc
37443,Abnorm innervation synd
67453,Peripartum card-antepart
71954,Jt stiffness NEC-hand
E9972,War injury:gas/fum/chem
2882,Genetic anomaly leukocyt
92421,Contusion of ankle
27489,Gout w manifestation NEC
71127,Behcet arthritis-ankle
1761,Sft tisue - kpsi's srcma
37834,Monofixation syndrome
82533,Fx cuboid-open
85214,Op subarach hem-prol com
52133,Erosion-pulp
64784,Infect dis NEC-postpart
5903,Pyeloureteritis cystica
1338,Acariasis NEC
E8585,Acc poisn-metabol agnt
74600,Pulmonary valve anom NOS
E9792,"Terrorism,explosions"
37274,Conjunctiva vasc anomaly
E8206,Snow veh acc-ped cycl
45350,Ch DVT/embl low ext NOS
85174,Opn cerebe lac-prol coma
V4364,Joint replaced hip
20290,Unsp lym unsp xtrndl org
7504,Esophageal anomaly NEC
51281,Prim spont pneumothorax
01356,TB sp crd absc-oth test
71195,Inf arthrit NOS-pelvis
38603,"Actv Meniere, vestibular"
76415,Lt-date w/mal 1250-1499g
48231,Pneumonia strptococcus a
99593,SIRS-noninf w/o ac or ds
67600,Retract nipple preg-unsp
05921,Tanapox
52552,"Part edentulism,class II"
0460,Kuru
5182,Compensatory emphysema
7715,Neonatal infec mastitis
5691,Rectal prolapse
51669,Oth intrst lung dis chld
2984,Psychogen paranoid psych
34280,Ot sp hmiplga unspf side
53470,Chr marginal ulcer NOS
1640,Malignant neopl thymus
30560,Cocaine abuse-unspec
29604,Bipo I sin man-sev w psy
80393,Opn skul fx NEC-mod coma
01573,TB of bone NEC-micro dx
80446,Cl skl w oth fx-coma NOS
01355,TB sp crd absc-histo dx
E9371,Adv eff chloral hydrate
67482,Puerp comp NEC-del w p/p
6163,Bartholin's glnd abscess
5202,Abnormal tooth size/form
7350,Hallux valgus
9947,Asphyxiation/strangulat
37945,Argyll robertson pupil
59681,Infection of cystostomy
470,Deviated nasal septum
76407,Lt-for-dates 1750-1999g
5228,Radicular cyst
30490,Drug depend NOS-unspec
30521,Cannabis abuse-contin
74446,Preauricular sinus/fistu
28411,Antin chemo indcd pancyt
E8721,Failure sterile infusion
80511,Fx c1 vertebra-open
11512,Histoplasm dubois retina
30483,Comb drug dep NEC-remiss
30182,Avoidant personality dis
36114,Secondary retinal cysts
9082,Late eff int injury NEC
78051,Insomn w sleep apnea NOS
94457,3rd burn w loss-wrist
73681,Unequal leg length
2871,Thrombocytopathy
E9790,"Terrorism,marine weapons"
5229,Pulp/periapical dis NEC
V1584,Hx-contct/expos asbestos
1534,Malignant neoplasm cecum
66903,Matern distress-antepar
71948,Joint pain-jt NEC
52872,Keratin ridge muc-excess
34671,Ch mgr wo ara w nt wo st
V4964,Status amput wrist
6246,Polyp of labia and vulva
8620,Diaphragm injury-closed
81509,Mult fx metacarpus-close
V039,Vaccin for bact dis NOS
4742,Adenoid vegetations
5836,Renal cort necrosis NOS
7050,Anhidrosis
7675,Facial nerve inj-birth
80403,Cl skl w oth fx-mod coma
29690,Episodic mood disord NOS
5712,Alcohol cirrhosis liver
33981,Hypnic headache
E0044,Hang gliding
1452,Malig neo hard palate
V241,Postpart care-lactation
4465,Giant cell arteritis
43381,Ocl spcf art w infrct
83664,Lat disl prox tibia-open
73689,Oth acq limb deformity
80151,Opn skl base fx w/o coma
55221,Obstr incisional hernia
9750,Poisoning-oxytocic agent
7867,Abnormal chest sounds
0902,Early congen syph NOS
9793,Pois-yellow fever vaccin
32702,Insomnia dt mental disor
V7619,Scrn mal neo breast NEC
32734,Circadian rhym-free run
94453,3rd brn w loss-mult fngr
8702,Lac eyelid inv lacrm pas
01195,Pulmon TB NOS-histo dx
01735,TB of eye-histo dx
6828,"Cellulitis, site NEC"
66310,Cord around neck-unspec
01524,TB of knee-cult dx
1893,Malign neopl urethra
36914,One eye-sev/oth-prfnd
64964,Uterine size descrep-p/p
2258,Benign neo nerv sys NEC
75479,Cong foot deform NEC
E8715,Postcatheter forgn body
7622,Abn plac NEC/NOS aff NB
73343,Asept necro femur condyl
4510,Superfic phlebitis-leg
734,Flat foot
9871,Tox ef hydrocarb gas NEC
0392,Abdominal actinomycosis
677,Late effct cmplcatn preg
81340,Fx lower forearm NOS-cl
66393,Cord compl NOS-antepart
65411,Uterine tumor-delivered
40200,Mal hyp ht dis w/o hf
76382,Ab ftl hrt rt/rh dur lab
52101,Dental caries - enamel
80352,Opn skul fx NEC-brf coma
52124,Abrasion-localized
99809,"Postop shock, other"
28268,Hb-S dis w/o crisis NEC
V252,Sterilization
38903,Conduc hear loss mid ear
90452,Inj anterior tibial vein
E974,Legal interven-cut instr
01324,Tubrcloma brain-cult dx
01201,TB pleurisy-no exam
69274,Oth chr drmtit solar rad
05679,Rubella complication NEC
V470,Intern organ deficiency
7313,Major osseous defects
V5331,Ftng cardiac pacemaker
36603,Cortical cataract
57410,Cholelith w cholecys NEC
85229,Subdural hem-concussion
60011,Nod prostate w ur obst
76062,In utero proc NEC aff NB
7423,Congenital hydrocephalus
01101,TB lung infiltr-no exam
55102,Bilat fem hern w gang
72765,Rupture quadricep tendon
1472,Mal neo lat nasopharynx
5829,Chronic nephritis NOS
20935,Merkel cell ca-trunk
64214,Renal hyperten-postpart
05911,Bovine stomatitis
74424,Eustachian tube anom NEC
V139,Hx of disease NOS
V659,Reason for consult NOS
07020,Hpt B acte coma wo dlta
9029,Inj abdominal vessel NOS
2165,Benign neo skin trunk
5262,Cysts of jaws NEC
6200,Follicular cyst of ovary
7828,Changes in skin texture
00863,Int inf norwalk virus
52189,Dis hard tiss teeth NEC
78760,Full incontinence-feces
71517,Loc prim osteoarth-ankle
80625,T7-t12 fx-cl/crd inj NOS
53981,Inf d/t ot bariatrc proc
94434,3 deg burn fingr w thumb
E8496,Accident in public bldg
80410,Cl sk w oth fx/cereb lac
48289,Pneumonia oth spcf bact
20042,Mantle cell lymph thorax
01643,TB epididymis-micro dx
17329,Neo skin ear/ex canl NEC
58881,Sec hyperparathyrd-renal
2819,Deficiency anemia NOS
37489,Disorders of eyelid NEC
7536,Congen urethral stenosis
84513,Sprain interphalang toe
94131,3rd deg burn ear
V232,Preg w hx of abortion
38583,Foreign body middle ear
9269,Crushing inj trunk NOS
66303,Cord prolapse-antepartum
37634,Intermittnt exophthalmos
87372,Open wound gum-compl
V5332,Ftng autmtc dfibrillator
30750,Eating disorder NOS
29042,Vasc dementia w delusion
01795,TB of organ NEC-histo dx
1488,Mal neo hypopharynx NEC
2449,Hypothyroidism NOS
36284,Retinal ischemia
V499,Probl influ health NOS
78904,Abdmnal pain lt lwr quad
57450,Choledocholithiasis NOS
5306,Acq esophag diverticulum
05900,Orthopoxvirus infect NOS
V159,Hx-health hazard NOS
24911,Sec DM ketoacd uncntrld
V5970,Egg donor NEC
0792,Coxsackie virus inf NOS
64740,Malaria in preg-unspec
V233,Grand multiparity
47821,Cellulitis of pharynx
9151,Abrasion finger-infected
79401,Abnorm echoencephalogram
38870,Otalgia NOS
1873,Malig neo penis body
0569,Rubella uncomplicated
E8248,N-traf brd/alit-pers NEC
2883,Eosinophilia
9182,Superfic inj conjunctiva
8675,Uterus injury-open
4778,Allergic rhinitis NEC
65991,Complic labor NOS-deliv
65301,Pelvic deform NOS-deliv
80123,Cl skul base fx-mod coma
3502,Atypical face pain
70700,"Pressure ulcer, site NOS"
25091,DMI unspf nt st uncntrld
E9440,Adv eff mercury diuretic
E8640,Acc pois-corrosiv aromat
0628,Mosquit-borne enceph NEC
7899,Abdomen/pelvis symp NEC
E8788,Abn react-surg proc NEC
49122,Obs chr bronc w ac bronc
94546,Deep 3rd deg burn thigh
04503,Ac bulbar polio-type 3
E8532,Acc poisn-benzdiaz tranq
73022,Osteomyelitis NOS-up/arm
7380,Acq nose deformity
3211,Mening in oth fungal dis
67333,Ob pyemic embol-antepart
37824,Intermit altrn exotropia
4928,Emphysema NEC
62409,Dystrophy of vulva NEC
0786,Hem nephrosonephritis
5274,Salivary gland fistula
V1521,Hx in utero proc in preg
V434,Blood vessel replac NEC
7851,Palpitations
65670,Oth placent cond-unspec
V763,Screen mal neop-bladder
81201,Fx surg nck humerus-clos
87354,Open wound jaw-complicat
80326,Cl skull fx NEC-coma NOS
09169,Second syph viscera NEC
95202,Anterior cord synd/c1-c4
87262,Open wound of ossicles
80344,Cl skl fx NEC-proln coma
V672,Chemotherapy follow-up
8180,Fx arm mult/NOS-closed
71649,Trans arthropathy-mult
33385,Subac dyskinesa d/t drug
2310,Ca in situ larynx
01623,TB of ureter-micro dx
E8194,Traffic acc NOS-st car
36272,Ret dystrph in syst dis
29595,Schizophrenia NOS-remiss
47830,Vocal cord paralysis NOS
3594,Toxic myopathy
42091,Ac idiopath pericarditis
0319,Mycobacterial dis NOS
30151,Chr factitious illness
01786,TB esophagus-oth test
1992,Malig neopl-transp organ
9659,Pois-analges/antipyr NOS
3362,Comb deg cord in oth dis
V8829,Acq absence of oth joint
1220,Echinococc granul liver
65990,Complic labor NOS-unsp
9173,Blister foot & toe-infec
5162,Pulm alveolar microlith
64852,Congen CV dis-del w p/p
6060,Azoospermia
83212,Post disloc elbow-open
70721,"Pressure ulcer, stage I"
E8310,Boat acc inj NEC-unpower
7707,Perinatal chr resp dis
33901,Episodc cluster headache
V8745,Hx systemc steroid thrpy
71815,Loose body-pelvis
64961,Uterine size descrep-del
E8237,Oth coll stnd obj-pedest
1622,Malig neo main bronchus
80069,Op skl vlt fx-concus NOS
E8150,Mv coll w oth obj-driver
64841,Mental disorder-deliver
71666,Monoarthritis NOS-l/leg
E8048,Fall from train-pers NEC
28866,Bandemia
07053,Hpt E wo hepat Coma
64224,Old hyperten NEC-postpar
65191,Mult gestation NOS-deliv
E9427,Adv eff antivaricose
67494,Puerp compl NOS-postpart
2251,Benign neo cranial nerve
20202,Nodular lymphoma thorax
83502,Obturator disloc hip-cl
38906,"Condctv hear loss, bilat"
48812,Flu-2009 H1N1 w oth resp
30989,Adjustment reaction NEC
7020,Actinic keratosis
5724,Hepatorenal syndrome
5217,Intrin posteruptv color
9755,Poisoning-expectorants
37751,Opt chiasm w pituit dis
V028,Venereal dis carrier NEC
30748,Repetit sleep intrusion
94850,50-59% bdy brn/3 deg NOS
E9330,Adv eff anallrg/antemet
V9031,Retained quills/spines
78630,Hemoptysis NOS
5109,Empyema w/o fistula
01333,TB brain absc-micro dx
1839,Mal neo adnexa NOS
V170,Fam hx-psychiatric cond
72142,Spond compr lumb sp cord
3433,Congenital monoplegia
29605,Bipol I sing man rem NOS
E9571,Injury-jump fm struc NEC
1842,Mal neo labia minora
V4972,Status amput othr toe(s)
36621,Local traumatic opacity
6829,Cellulitis NOS
51853,Ac/chr rsp flr fol tr/sg
72881,Interstitial myositis
9132,Blister forearm
V442,Ileostomy status
1449,Mal neo mouth floor NOS
65113,Triplet preg-antepartum
6263,Pubertal menorrhagia
5260,Devel odontogenic cysts
9541,Inj sympath nerve NEC
9933,Caisson disease
73071,Polio osteopathy-shlder
65703,Polyhydramnios-antepart
E9671,Child abuse by pers NEC
83971,Dislocation sternum-open
9578,Injury to mult nerves
17352,Squam cell ca skin trunk
29543,Schizo dis-subchr/exacer
1946,Mal neo paraganglia NEC
V638,No med facilities NEC
46619,Acu brnchlts d/t oth org
66380,Cord complicat NEC-unsp
65331,Outlet contraction-deliv
25030,DMII o cm nt st uncntrld
V481,Deficiencies neck/trunk
71878,Dev disloc jt-site NEC
95899,Trauma compart synd NEC
8505,Concussion w coma NOS
3612,Serous retina detachment
83303,Disloca midcarpal-closed
8961,"Amput foot, unilat-compl"
03285,Cutaneous diphtheria
4321,Subdural hemorrhage
1210,Opisthorchiasis
53901,Inf d/t gastrc band proc
7852,Cardiac murmurs NEC
4160,Prim pulm hypertension
01672,TB fem gen NEC-exam unkn
94139,3rd deg burn head-mult
27481,Gouty tophi of ear
E8749,Instrmnt fail-proced NOS
36524,Residual angl-clos glauc
79982,Appar life threat-infant
7601,Matern urine dis aff NB
30463,Drug depend NEC-in rem
80503,Fx c3 vertebra-closed
05479,H simplex complicat NEC
01513,TB of hip-micro dx
E0101,"Push-ups,pull-ups,sit-up"
74781,Cerebrovascular anomaly
67510,Breast abscess preg-unsp
37807,Alt esotropia w v pattrn
72972,Nontraum comp syn-low ex
37502,Chronic dacryoadenitis
E9328,Adv eff antithyroid agnt
65891,Amniotic prob NOS-deliv
71656,Polyarthritis NOS-l/leg
V705,Health exam-group survey
31223,Social conduct dis-sev
V5973,Egg donor age 35+ anon
E9320,Adv eff corticosteroids
88102,Open wound of wrist
3213,Trypanosomiasis meningit
4463,Lethal midline granuloma
38915,Sensorneur hear loss uni
E9457,Adv eff antiasthmatics
67634,Breast dis NEC-postpart
V4363,Joint replaced wrist
75655,Chondroectoderm dysplas
V6443,Arthroscopc conv to open
94418,1st deg burn hand-mult
6827,Cellulitis of foot
V708,General medical exam NEC
1176,Allescheriosis
V471,Mech prob w internal org
65930,Septicemia in labor-unsp
1275,Capillariasis
38535,Diffuse cholesteatosis
66330,Cord entangle NEC-unspec
V1369,Hx-congenital malfor NEC
9923,Heat exhaust-anhydrotic
V5722,Encntr vocational thrpy
5760,Postcholecystectomy synd
94336,3rd deg burn scapula
94545,Deep 3rd deg burn knee
52434,Vertical displace-teeth
7772,Intest obst-inspiss milk
85405,Brain inj NEC-deep coma
0471,Echo virus meningitis
E9373,Adv eff bromine compnds
67000,Maj puerp inf NOS-unsp
5939,Renal & ureteral dis NOS
04510,Paral polio NEC-type NOS
V6142,Substance abuse-family
36354,Tot cent choroid atrophy
37742,Optic nerve sheath hemor
E8195,Traff acc NOS-anim rider
6108,Benign mamm dysplas NEC
71870,Dev dislocat jt site NOS
0658,Arthropod hem fever NEC
29643,Bipol I manc-sev w/o psy
60884,"Chylocele, tunic vaginal"
83312,Disloc radiocarpal-open
3210,Cryptococcal meningitis
V509,Elective surgery NOS
7483,Laryngotrach anomaly NEC
80714,Fracture four ribs-open
7083,Dermatographic urticaria
37511,Dacryops
E9055,Venomous arthropods NEC
E8079,RR acc NOS-person NOS
4320,Nontraum extradural hem
73392,Chondromalacia
6014,Prostatitis in oth dis
30002,Generalized anxiety dis
40201,Mal hypert hrt dis w hf
7875,Abnormal bowel sounds
0952,Syphilitic peritonitis
71825,Pathol dislocat-pelvis
V5412,Aftrcre traum fx low arm
67130,Deep thromb antepar-unsp
83979,Dislocat site NEC-open
63691,Illeg abort uncompl-inc
6241,Atrophy of vulva
75610,Anomaly of spine NOS
V3400,Oth mult lb-hosp w/o cs
52801,Mucosits d/t antineo rx
8069,Vert fx NOS-op w crd inj
69555,Exfl d/t eryth 50-59 bdy
6265,Ovulation bleeding
8729,Open wound ear NOS-compl
01166,TB pneumonia-oth test
80005,Cl skul vlt fx-deep coma
30744,Persistent hypersomnia
90253,Injury iliac artery
1880,Mal neo bladder-trigone
78903,Abdmnal pain rt lwr quad
V4321,Heart assist dev replace
E8355,W/craft fall NOS-swim
36452,Iridoschisis
01892,Miliary TB NOS-exam unkn
84849,Sprain of sternum NEC
25010,DMII keto nt st uncntrld
0844,Malaria NEC
9613,Pois-quinoline/hydroxyqu
01161,TB pneumonia-no exam
74336,Anomalies of lens shape
9069,Late effect of burn NOS
81504,Fx metacarpal neck-close
8054,Fx lumbar vertebra-close
20116,Hodgkins granulom pelvic
30442,Amphetamin depend-episod
E9042,Lack of water
78491,Postnasal drip
80115,Cl skl base fx-deep coma
65913,Fail induct NOS-antepart
E9358,Adv eff analgesics NEC
E8711,Postinfusion foreign bdy
94156,3rd deg brn w loss-scalp
2971,Delusional disorder
36266,Sec vitreoretina degen
66583,Ob trauma NEC-antepartum
E8782,Abn react-anastom/graft
E8203,Snow veh acc-mcycl psgr
07999,Viral infection NOS
52525,Atrophy maxilla-moderate
3209,Bacterial meningitis NOS
78943,Abdmnal rgdt rt lwr quad
24291,Thyrotox NOS w crisis
431,Intracerebral hemorrhage
65320,Inlet contraction-unspec
41419,Aneurysm of heart NEC
V780,Screen-iron defic anemia
3831,Chronic mastoiditis
70722,"Pressure ulcer, stage II"
01594,TB bone/jt NOS-cult dx
77581,NB acidosis NEC
37334,Disc lup erythematos lid
85109,Cortex contus-concus NOS
317,Mild intellect disabilty
38634,Toxic labyrinthitis
2376,Unc behav neo meninges
37530,Dacryocystitis NOS
2793,Immunity deficiency NOS
E0170,Roller coaster riding
65471,Abnorm vagina-delivered
81252,"Fx humer, lat condyl-opn"
46430,Ac epiglottitis no obstr
9922,Heat cramps
E8931,Clothing fire-bldg NEC
85102,Cortex contus-brief coma
7480,Choanal atresia
77982,Neonatal tachycardia
6850,Pilonidal cyst w abscess
E9681,Asslt-push from hi place
67633,Breast dis NEC-antepart
9782,Poisoning-cholera vaccin
6926,Dermatitis due to plant
42292,Septic myocarditis
75671,Prune belly syndrome
17319,Mal neo eyelid/canth NEC
3910,Acute rheumatic pericard
2384,Polycythemia vera
3564,Idio prog polyneuropathy
36722,Irregular astigmatism
5713,Alcohol liver damage NOS
01480,Intestinal TB NEC-unspec
V043,Vaccin for rubella
71889,Jt derangement NEC-mult
E8269,Ped cycle acc-pers NOS
61800,Vaginal wall prolpse NOS
8065,Opn lumbar fx w cord inj
78762,Fecal smearing
37413,Spastic ectropion
73315,Path fx oth spcf prt fmr
5832,Membranoprolif nephr NOS
V5359,Fit/adjust gi app-device
75249,Cervix/fem gen anom NEC
81408,Fx hamate bone-closed
71509,General osteoarthrosis
2241,Benign neoplasm orbit
71695,Arthropathy NOS-pelvis
94353,3rd brn w loss-upper arm
73007,Ac osteomyelitis-ankle
V1272,Prsnl hst colonic polyps
45386,Ac embl internl jug vein
5734,Hepatic infarction
99732,Postproc aspiration pneu
7420,Encephalocele
31381,Opposition defiant disor
28311,Hemolytic uremic synd
9464,Deep 3 deg brn mult site
E8177,Mv brd/alight-pedestrian
80183,Opn skl base fx-mod coma
E9312,Adv eff metal anti-inf
1262,Ancylostoma braziliense
E9583,Injury-extreme cold
V218,Constit state in dev NEC
66881,Anesth compl NEC-deliver
04110,Staphylococcus unspcfied
20592,Myel leuk NOS in relapse
30924,Adjustment dis w anxiety
28489,Aplastic anemias NEC
9691,Pois-phenothiazine tranq
E9303,Adv eff erythromycin
6942,Juven dermat herpetiform
27801,Morbid obesity
76711,Epicranial subapo hemorr
36289,Retinal disorders NEC
2908,Senile psychosis NEC
63310,Tubal preg w/o intra prg
55303,Recur bilat femoral hern
E8667,Acc poison-cosmetics
E9538,Injury-strang/suff NEC
7626,Umbil cond NEC aff NB
E9239,Explosives accident NOS
2246,Benign neoplasm choroid
74762,Renal vessel anomaly
99560,Anphylct react food NOS
1529,Mal neo small bowel NOS
7841,Throat pain
71513,Loc prim osteoart-forarm
07031,Hpt B acte wo cm w dlta
41401,Crnry athrscl natve vssl
7233,Cervicobrachial syndrome
E9232,Explosive gases accident
76506,Extreme immat 1500-1749g
1921,Mal neo cerebral mening
73014,Chr osteomyelit-hand
31221,Social conduct dis-mild
37762,Vis path dis w vasc dis
52107,Dentl caries-smooth surf
V7647,Screen malig neop-vagina
0361,Meningococc encephalitis
80409,Cl skul w oth fx-concuss
0320,Faucial diphtheria
66561,Damage to pelvic jt-del
94101,Burn NOS ear
V0253,Meth susc Staph carrier
0052,Food pois d/t c. perfrin
1009,Leptospirosis NOS
36811,Sudden visual loss
38501,Tympanoscl-tympanic memb
64704,Syphilis-postpartum
5284,Oral soft tissue cyst
64863,CV dis NEC-antepartum
5238,Periodontal disease NEC
81002,Fx clavicle shaft-closed
6187,Old lacer pelvic muscle
80679,Fx sacrum-op/crd inj NEC
94444,Deep 3rd brn fngr w thmb
129,Intestin parasitism NOS
E892,Fire not in building
2775,Mucopolysaccharidosis
V2502,Initiate contracept NEC
01740,TB of ear-unspec
85215,Op subarach hem-deep com
69557,Exfl d/t eryth 70-79 bdy
E8108,Mv-train coll-pers NEC
E9539,Injury-strang/suff NOS
514,Pulm congest/hypostasis
20273,Periph T cell lym abdom
2891,Chronic lymphadenitis
7917,Oth cells/casts in urine
96905,Pois tricyclc antidepres
76418,Lt-date w/mal 2000-2499g
2719,Dis carbohydr metab NOS
73093,Bone infect NOS-forearm
E8010,RR coll w oth obj-employ
28953,Neutropenic splenomegaly
E8053,Hit by train-ped cyclist
01571,TB of bone NEC-no exam
47832,Vocal paral unilat total
650,Normal delivery
5204,Tooth formation disturb
27400,Gouty arthropathy NOS
096,Late syphilis latent
65901,Fail mech induct-deliver
92711,Crushing injury elbow
E9811,Undet pois-container gas
7452,Tetralogy of fallot
75617,Spina bifida occulta
65423,Prev c-delivery-antepart
37033,Keratoconjunctivit sicca
E9260,Radiofreq radiat exposur
0278,Zoonotic bact dis NEC
36357,Tot gen choroid dyst NEC
36910,Blindness/low vision
7234,Brachial neuritis NOS
V424,Bone transplant status
90001,Inj common carotid arter
03840,Gram-neg septicemia NOS
E907,Acc due to lightning
81322,Fx ulna shaft-closed
66592,Ob trauma NOS-del w p/p
83313,Dislocat midcarpal-open
73730,Idiopathic scoliosis
56731,Psoas muscle abscess
V1060,Hx of leukemia NOS
80396,Opn skul fx NEC-coma NOS
01885,Miliary TB NEC-histo dx
83114,Disloc acromioclavic-opn
86393,"Pancreas, tail inj-open"
65700,Polyhydramnios-unspec
9137,Foreign body forearm-inf
79412,Abnorm electro-oculogram
73023,Osteomyelit NOS-forearm
64083,Hem early pg NEC-antepar
7685,Severe birth asphyxia
V2621,Fertility testing
3548,Mononeuritis arm NEC
V1042,Hx-uterus malignancy NEC
4417,Thracabd anurysm wo rupt
66220,Prolonged 2nd stage-unsp
20521,Sbac myl leuk w rmsion
3158,Development delays NEC
E8830,Diving accident
72290,Disc dis NEC/NOS-unspec
64932,Coagulatn def-del w p/p
20501,Act myl leuk w rmsion
71223,Pyrophosph cryst-forearm
37105,Phthisical cornea
7455,Secundum atrial sept def
73719,Kyphosis NEC
11514,Histoplasm dub endocard
E8417,Aircraft acc-parachutist
46421,Ac laryngotrach w obstr
27541,Hypocalcemia
8461,Sprain sacroiliac
1468,Mal neo oropharynx NEC
37931,Aphakia
01116,TB lung nodular-oth test
9163,Blister hip & leg-infect
2652,Pellagra
73382,Nonunion of fracture
67502,Infect nipple-del w p/p
53642,Gastrostomy comp - mech
6040,Orchitis with abscess
E9455,Adv eff expectorants
2814,Protein defic anemia
64622,Renal dis NOS-del w p/p
181,Malignant neopl placenta
34680,Othr migrne wo ntrc mgrn
2322,Ca in situ skin ear
3313,Communicat hydrocephalus
38840,Abn auditory percept NOS
36000,Purulent endophthalm NOS
E8353,Wtrcraft fall NOS-pasngr
63761,Ab NOS w embolism-inc
88011,Open wound scapula-compl
E8323,Submers NEC-passenger
71856,Ankylosis-lower/leg
E9474,Adv eff pharmaceut excip
36355,Choroideremia
71859,Ankylosis-mult joints
46410,Ac tracheitis no obstruc
80609,C5-c7 fx-cl/cord inj NEC
37113,Post cornea pigmentation
3484,Compression of brain
1618,Malignant neo larynx NEC
40300,Mal hy kid w cr kid I-IV
74100,Spin bif w hydroceph NOS
01336,TB brain absc-oth test
71628,Allerg arthritis NEC
99799,Surg compl-body syst NEC
44382,Erythromelalgia
78061,Fever in other diseases
V716,Observ-inflicted inj NEC
74361,Congenital ptosis
27911,Digeorge's syndrome
7237,Ossification cerv lig
32752,Sleep related leg cramps
V421,Heart transplant status
E9458,Adv eff resp drg NEC/NOS
7085,Cholinergic urticaria
80330,Cl skull fx NEC/hem NEC
20280,Oth lymp unsp xtrndl org
53013,Eosinophilic esophagitis
7481,Nose anomaly NEC
V8001,Screen-traumtc brain inj
20282,Lymphomas NEC thorax
2755,Hungry bone syndrome
80015,Cl skul vlt fx-deep coma
20227,Sezary's disease spleen
2572,Testicular hypofunc NEC
66130,Precipitate labor-unspec
00802,Int inf e coli entrtoxgn
36642,Tetanic cataract
64782,Infect dis NEC-del w p/p
48802,Flu dt avian w oth resp
80391,Opn skul fx NEC w/o coma
35782,Crit illness neuropathy
38871,Otogenic pain
64962,Uterine size-del w p/p
7912,Hemoglobinuria
71801,Artic cartil dis-shlder
E8539,Acc poisn-tranquilzr NOS
9953,"Allergy, unspecified"
63632,Illeg ab w ren fail-comp
22389,Benign neo urinary NEC
20270,Periph T cell lym xtrndl
36400,Acute iridocyclitis NOS
V351,Oth mult sb-before adm
4471,Stricture of artery
29571,Schizoaffectv dis-subchr
V284,Screen-fetal retardation
01895,Miliary TB NOS-histo dx
84509,Sprain of ankle NEC
E9968,War inj:nucl weapon NEC
80191,Op skul base fx w/o coma
49120,Obst chr bronc w/o exac
4619,Acute sinusitis NOS
01722,TB periph lymph-exam unk
37773,Vis cortex dis w inflam
80461,Opn skul/oth fx w/o coma
01186,Pulmon TB NEC-oth test
01321,Tubrcloma brain-no exam
74191,Spina bifida-cerv
79507,Sat cerv smr-no trnsfrm
29211,Drug psych disor w delus
47834,Vocal paral bilat total
E8652,Acc poison-fish NEC
61610,Vaginitis NOS
7236,Panniculitis of neck
7389,Acq deformity NOS
78063,Postvaccination fever
3004,Dysthymic disorder
5951,Chr interstit cystitis
5521,Umbilical hernia w obstr
V667,Encountr palliative care
53171,Chr stomach ulc NOS-obst
E8000,RR collision NOS-employ
36106,"Old detachment, partial"
E8135,Mv-oth veh coll-anim rid
37851,Partial third nerv palsy
80615,C5-c7 fx-op/cord inj NOS
11509,Histoplasma capsulat NEC
78931,Abdmnal mass rt upr quad
25032,DMII oth coma uncontrold
2362,Unc behav neo ovary
81317,Fx up radius NEC/NOS-opn
E9131,Suffocation-plastic bag
20071,Large cell lymphoma head
6908,Erythmtsquamous derm NEC
31289,Other conduct disorder
75489,Nonteratogenic anom NEC
E9435,Adv eff antidiarrhea agt
72293,Disc dis NEC/NOS-lumbar
83903,Disloc 3rd cerv vert-cl
V4611,Respirator depend status
6233,Tight hymenal ring
4532,Oth inf vena cava thromb
66511,Rupture uterus NOS-deliv
2532,Panhypopituitarism
64853,Congen CV dis-antepartum
1984,Sec malig neo nerve NEC
E8552,Acc poisn-local anesthet
24901,Sec DM wo comp uncontrld
78829,Oth spcf retention urine
37703,Papilledema w retina dis
72883,Nontraum muscle rupture
29020,Senile delusion
6869,Local skin infection NOS
71660,Monoarthritis NOS-unspec
65961,Elderly multigravida-del
V4977,Status amput hip
9129,Superf inj shldr NEC-inf
71913,Hemarthrosis-forearm
9089,Late effect injury NOS
75681,Absence of muscle/tendon
71631,Climact arthritis-shlder
7725,NB adrenal hemorrhage
V5842,Aftercare neoplasm surg
20114,Hodgkins granulom axilla
7264,Enthesopathy of wrist
87202,Opn wound auditory canal
5550,"Reg enteritis, sm intest"
65920,Pyrexia in labor-unspec
80486,Opn skul/oth fx-coma NOS
87340,Open wound of face NOS
81211,Fx surg neck humerus-opn
9471,Burn larynx/trachea/lung
E8505,Acc poison-pyrazole derv
E9949,War inj:aircrft dest NOS
4711,Polypoid sinus degen
28481,Red cell aplasia
9198,Superficial injury NEC
74423,Microtia
80145,Cl skl base fx-deep coma
60000,BPH w/o urinary obs/LUTS
80359,Opn skull fx NEC-concuss
V4360,Joint replaced unspcf
9740,Pois-mercurial diuretics
2777,Dysmetabolic syndrome x
78761,Incomplete defecation
V426,Lung transplant status
68600,Pyoderma NOS
08889,Oth arthropod-borne dis
65211,Cephalic vers NOS-deliv
78964,Abdmnal tndr lt lwr quad
E9018,Excessive cold NEC
6389,Attempted abort uncompl
81111,"Fx scapul, acrom proc-op"
V8741,Hx antineoplastic chemo
63780,Ab NOS w compl NOS-unsp
V5871,Aft surg sense org NEC
4370,Cerebral atherosclerosis
7098,Skin disorders NEC
2851,Ac posthemorrhag anemia
E8638,Acc poison-fumigants
80227,Fx alveolar bord mand-cl
3139,Emotional dis child NOS
36062,FB in iris or ciliary
71296,Cryst arthrop NOS-l/leg
4612,Ac ethmoidal sinusitis
E9029,Air pressure change NOS
67653,Suppr lactation-antepar
64293,Hypertens NOS-antepartum
7365,Genu recurvatum
6961,Other psoriasis
38502,Tympnoscler-tymp/ossicle
2136,Benign neo pelvic girdle
40490,Hy ht/kd NOS I-IV w/o hf
V148,Hx-drug allergy NEC
E8381,Watercraft acc NEC-power
V536,Fitting urinary devices
E9337,IV bisphosphonates
67193,Venous compl NOS-antepar
37481,Hemorrhage of eyelid
99931,Oth/uns inf-cen ven cath
7500,Tongue tie
95204,C1-c4 spin cord inj NEC
0942,Syphilitic meningitis
80436,Cl skl w oth fx-coma NOS
52551,"Part edentulism,class I"
94400,Burn NOS hand-unspec
42822,Chr systolic hrt failure
E9853,Undet circ-military arms
36130,Retinal defect NOS
E9914,War inj:munition fragmnt
65840,Amniotic infection-unsp
41002,"AMI anterolateral,subseq"
63711,Abort NOS w hemorr-inc
3124,Mix dis conduct/emotion
E8717,FB post-catheter removal
E9821,Undetermin poison-co NEC
4295,Chordae tendinae rupture
59010,Ac pyelonephritis NOS
30150,Histrionic person NOS
1505,Mal neo lower 3rd esoph
1590,Malig neo intestine NOS
78901,Abdmnal pain rt upr quad
E8337,W/crf stair fall-militry
85226,Subdural hemorr-coma NOS
86389,GI injury NEC-closed
75322,Cong obst ureteroves jnc
6144,Chronic parametritis
1624,Mal neo middle lobe lung
23989,Neoplasm other sites NOS
8708,Opn wnd ocular adnex NEC
8431,Sprain ischiocapsular
6102,Fibroadenosis of breast
2366,Unc behav neo male NEC
53291,Duodenal ulcer NOS-obstr
5954,Cystitis in oth dis
52424,Open anterior occlusion
44401,Saddle embolus abd aorta
36034,Flat anterior chamber
31322,Introverted dis-child
37732,Retrobulbar neuritis
01775,TB of spleen-histo dx
20144,Hodg lymph-histio axilla
7618,Matern compl NEC aff NB
V1542,Hx of emotional abuse
63600,Illeg ab w pelv inf-unsp
36513,Pigmentary glaucoma
01644,TB epididymis-cult dx
80171,Opn skl base fx w/o coma
1500,Mal neo cervical esophag
V555,Atten to cystostomy
2900,Senile dementia uncomp
V556,Atten to urinostomy NEC
V6442,Thoracoscop conv to open
E9387,Adv eff spinal anesthet
78960,Abdmnal tndr unspcf site
63402,Spon abor w pel inf-comp
7620,Placenta previa aff NB
E9316,Adv eff anthelmintics
20400,Ac lym leuk wo achv rmsn
41020,"AMI inferolateral,unspec"
82391,Fx fibula NOS-open
71297,Cryst arthrop NOS-ankle
66454,Perin hematoma-postpart
6216,Malposition of uterus
75689,Soft tissue anomaly NEC
E8375,Watercraft explos-swim
66210,Prolonged labor NOS-unsp
7320,Juv osteochondros spine
73621,Boutonniere deformity
99655,Comp-artificial skin grf
73345,Aseptic necrosis of jaw
94417,1st deg burn wrist
8738,Open wound of head NEC
36975,One eye-mod/oth-nr norm
64891,Oth curr cond-delivered
09842,Gonococcal endophthalmia
2373,Unc behav neo paragang
94100,Burn NOS head-unspec
E9911,War injury:pellets
36442,Rubeosis iridis
85404,Brain inj NEC-proln coma
E0134,Floor mopping/cleaning
37855,External ophthalmoplegia
E8223,Oth coll mov obj-cyc psg
V6406,No vaccination-pt refuse
E8729,Fail sterile proced NOS
55321,Incisional hernia
30022,Agoraphobia w/o panic
53200,Ac duodenal ulcer w hem
9586,Volkmann's isch contract
63420,Spon ab w pel damag-unsp
1768,Spf sts - kpsi's sarcoma
V2133,Low birthwt 1000-1499g
E9454,Adv eff antitussives
E9051,Venomous spider bite
24200,Tox dif goiter no crisis
38423,Marginal perf tymp NEC
37646,Enlargement of orbit
V1508,Hx-radiogrphc dye allrgy
E0083,Frisbee
0819,Typhus NOS
17380,Mal neo skn site NEC/NOS
9583,Posttraum wnd infec NEC
78839,Oth urinry incontinence
30113,Cyclothymic disorder
E9880,Undeterm circ-moving obj
11510,Histoplasma duboisii NOS
0558,Measles complication NOS
30743,Transient hypersomnia
67402,Cerebvas dis-deliv w p/p
38922,"Mixed hearing loss,bilat"
29545,Schizophrenic dis-remiss
7084,Vibratory urticaria
0700,Hepatitis A with coma
6225,Incompetence of cervix
05601,Rubella encephalitis
73631,Coxa valga
23879,Lymph/hematpoitc tis NEC
01200,TB pleurisy-unspec
1222,Echinococc gran thyroid
0662,Venezuelan equine fever
9593,Elb/forearm/wrst inj NOS
01226,Isolat trach tb-oth test
E9445,Adv eff electrolyte agnt
71153,Viral arthritis-forearm
0321,Nasopharynx diphtheria
3363,Myelopathy in oth dis
7608,Maternal cond NEC aff NB
69275,Dis sup actnc porokrtsis
73674,"Claw foot, acquired"
86603,Kidney disruption-closed
99569,Anphyl react oth sp food
7011,"Keratoderma, acquired"
0085,Bacterial enteritis NOS
41512,Septic pulmonary embolsm
49381,Exercse ind bronchospasm
9564,Inj cutan senso nerv/leg
45620,Bleed esoph var oth dis
V483,Mech prob w neck & trunk
27902,Selective IgM immunodef
8052,Fx dorsal vertebra-close
8469,Sprain sacroiliac NOS
04141,Shiga txn-produce E.coli
6217,Chr inversion of uterus
0659,Arthropod hem fever NOS
33524,Prim lateral sclerosis
V490,Deficiencies of limbs
5959,Cystitis NOS
82529,Fx foot bone NEC-closed
73039,Periostitis-mult
E8653,Acc poison-berries/seeds
E9486,Adv eff pertussis vaccin
73671,Acq equinovarus
0221,Pulmonary anthrax
01796,TB of organ NEC-oth test
38420,Perforat tympan memb NOS
9897,Tox eff aflatox/mycotox
65590,Fetal abnorm NOS-unspec
09850,Gonococcal arthritis
7661,Heavy-for-date infan NEC
2811,B12 defic anemia NEC
1765,Lym nds - kpsi's sarcoma
61883,Pelvic muscle wasting
85200,Traum subarachnoid hem
67111,Varicose vulva-delivered
5582,Toxic gastroenteritis
80411,Cl skl w oth fx w/o coma
E8322,Submers NEC-crew
72759,Rupture of synovium NEC
5279,Salivary gland dis NOS
17310,Mal neo eyelid/canth NOS
71693,Arthropathy NOS-forearm
20284,Lymphomas NEC axilla
9784,Poisoning-tetanus vaccin
66983,Compl deliv NEC-antepar
80315,Cl skul fx NEC-deep coma
67601,Retracted nipple-deliver
4011,Benign hypertension
7787,NB breast engorgement
42982,Hyperkinetic heart dis
01310,Tubrclma meninges-unspec
E0182,String instrument play
75261,Hypospadias
2711,Galactosemia
3769,Orbital disorder NOS
9148,Superficial inj hand NEC
E9791,"Terrorism,dest aircraft"
E0066,Non-running track/field
64201,Essen hyperten-delivered
9056,Late effect dislocation
94309,Burn NOS arm-multiple
53550,Gstr/ddnts NOS w/o hmrhg
E9509,Poison-solid/liquid NEC
85129,Cortex lacerat-concuss
71923,Villonod synovit-forearm
E9879,Undet circ-fall site NOS
29699,Episodic mood disord NEC
20038,Margin zone lymph multip
6003,Cyst of prostate
0828,Tick-borne ricketts NEC
E9466,Adv eff ent anti-inf/drg
V3300,Twin-NOS-in hosp w/o cs
2469,Disorder of thyroid NOS
80508,Fx mult cervical vert-cl
75263,Congenital chordee
E8362,Machinery accident-crew
E0180,Piano playing
86819,Intra-abdom inj NEC-open
65223,Breech present-antepart
E9439,Adv eff GI agent NOS
67180,Ven compl preg NEC-unsp
27912,Wiskott-aldrich syndrome
71827,Pathol dislocat-ankle
V258,Contraceptive mangmt NEC
87329,Mult open wound nose
V7284,Preop exam unspcf
79439,Abn cardiovasc study NEC
E8169,Loss control mv-pers NOS
5110,Pleurisy w/o effus or TB
0519,Paravaccinia NOS
V1029,Hx-intrathoracic mal NEC
31323,Selective mutism
85205,Subarach hem-deep coma
30410,"Sed,hyp,anxiolyt dep-NOS"
44103,Dsct of thoracoabd aorta
20296,Lymphoid mal NEC pelvic
83314,Disloc carpometacarp-opn
20691,Uns mono leuk w rmsion
3331,Tremor NEC
3531,Lumbosacral plex lesion
59081,Pyelonephrit in oth dis
36281,Retinal hemorrhage
01884,Miliary TB NEC-cult dx
55120,Gangr ventral hernia NOS
1229,Echinococcosis NEC/NOS
1552,Malignant neo liver NOS
45389,Ac embolism veins NEC
0415,H. influenzae infect NOS
4258,Cardiomyopath in oth dis
80852,Fracture of ischium-open
9156,Foreign body finger
86121,Lung contusion-closed
37487,Dermatochalasis
90255,Injury uterine artery
74310,Microphthalmos NOS
2979,Paranoid state NOS
3870,Otoscler-oval wnd nonobl
83940,Dislocat vertebra NOS-cl
64851,Congen CV dis-delivered
6393,Postabort kidney failure
1538,Malignant neo colon NEC
2842,Myelophthisis
V2384,Suprv young multigravida
53290,Duodenal ulcer NOS
E9400,Adv eff analeptics
55320,Ventral hernia NOS
66970,Cesarean deliv NOS-unsp
5181,Interstitial emphysema
E8694,Scndhnd tbcco smoke
3014,Obsessive-compulsive dis
80515,Fx c5 vertebra-open
E8418,Aircraft acc-ground crew
5929,Urinary calculus NOS
38655,Loss labyrn react unilat
V443,Colostomy status
71147,Bact arthritis-ankle
70909,Other dyschromia
9588,Early complic trauma NEC
79952,Cog communicate deficit
94886,80-89% bdy brn/60-69% 3d
V5869,Long-term use meds NEC
64871,Bone disorder-delivered
52435,Rotation of teeth
51289,Other pneumothorax
8242,Fx lateral malleolus-cl
V664,Fracture treatmnt conval
20177,Hodg lymph deplet spleen
66554,Inj pelv org NEC-postpar
01891,Miliary TB NOS-no exam
75524,Longitudin defic humerus
V823,Screen-cong hip dislocat
2113,Benign neoplasm lg bowel
37116,Argentous cornea deposit
29910,Childhd disintegr-active
V1011,Hx-bronchogenic malignan
79921,Nervousness
80106,Cl skul base fx-coma NOS
2862,Cong factor xi disorder
80715,Fracture five ribs-open
2106,Benign neo oropharyn NEC
4660,Acute bronchitis
07051,Hpt C acute wo hpat coma
67104,Varic vein leg-postpart
6270,Premenopause menorrhagia
E9917,War inj:fragment IED NEC
1030,Pinta primary lesions
23772,Neurofibromatosis typ II
94240,Deep 3rd burn trunk NOS
E9676,Battering by grandparent
8798,Open wound site NOS
32739,Circadian rhym sleep NEC
53541,Oth spf gastrt w hmrhg
36600,Nonsenile cataract NOS
30122,Schizotypal person dis
66421,Del w 3 deg lacerat-del
36810,Subj visual disturb NOS
9769,Pois-skin/membr agnt NOS
01521,TB of knee-no exam
37145,Keratomalacia NOS
V289,Antenatal screening NOS
30440,Amphetamin depend-unspec
7821,Nonspecif skin erupt NEC
13100,Urogenital trichomon NOS
24980,Sec DM oth nt st uncontr
94432,3rd deg burn thumb
80620,T1-t6 fx-cl/cord inj NOS
E8201,Snow veh acc-pasngr
37845,Alternating hyperphoria
V803,Screening for ear dis
64103,Placenta previa-antepart
V8281,Screen - osteoporosis
69550,Exfol d/t eryth <10% bdy
E8011,RR coll w oth obj-pasngr
3670,Hypermetropia
3569,Idio periph neurpthy NOS
52474,Alveolar mandb hypoplsia
71892,Jt derangment NOS-up/arm
E8401,Tk off/land-milit craft
9473,Burn of GI tract
37739,Optic neuritis NEC
37206,Ac chem conjunctivitis
64833,Drug dependence-antepart
E8750,Contaminated transfusion
03843,Pseudomonas septicemia
33902,Chronic cluster headache
28741,Posttransfusion purpura
5273,Salivary gland abscess
V8536,"BMI 36.0-36.9,adult"
V5390,Fit/adjust device NOS
25542,Mineralcorticoid defcnt
52662,Endodontic overfill
2319,Ca in situ resp sys NOS
V1389,Hx diseases NEC
7217,Traumatic spondylopathy
78191,Loss of height
V1559,Hx injury NEC
99969,Abo incompat reactn NEC
53781,Pylorospasm
29512,Hebephrenia-chronic
7108,Diff connect tis dis NEC
64601,Papyraceous fetus-deliv
99670,Comp-unsp device/graft
73675,Acq cavovarus deformity
78820,Retention urine NOS
V1303,Personl hx nephrotic syn
56729,Suppurat peritonitis NEC
5932,"Cyst of kidney, acquired"
57491,Gall&bil cal w/o ch w ob
7771,Meconium obstruction
76411,Lt-for-date w/mal <500g
2330,Ca in situ breast
8783,Opn wnd scrot/test-compl
17339,Mal neo skn face NEC/NOS
60821,Extravag tors sperm cord
V8719,Cont/exp haz aromat NEC
7571,Ichthyosis congenita
V8904,Sus fetal growth not fnd
01715,Erythem nod tb-histo dx
24941,Sec DM renal uncontrld
E8212,Oth off-road mv-mocycl
01190,Pulmonary TB NOS-unspec
36905,One eye-profound/oth-NOS
53310,Ac peptic ulcer w perfor
V015,Rabies contact
7370,Adoles postural kyphosis
20102,Hodgkins paragran thorax
80490,Op skl/oth fx/br inj NEC
V1251,Hx-ven thrombosis/embols
75535,Tibiofibula longit defic
0831,Trench fever
34710,Narclpsy w/o cat oth dis
73081,Bone infect NEC-shlder
E9484,Adv eff tetanus vaccine
71512,Loc prim osteoart-up/arm
67803,Fetal hematologic-ante
99981,Extravstn vesicant chemo
2159,Ben neo soft tissue NOS
71742,Derange ant lat meniscus
88013,Open wnd upper arm-compl
7177,Chondromalacia patellae
79955,Frontal lobe deficit
8370,Dislocation ankle-closed
66990,Compl lab/deliv NOS-unsp
41071,"Subendo infarct, initial"
64303,Mild hyperemesis-antepar
49311,Int asthma w status asth
28522,Anemia in neoplastic dis
99585,Oth adult abuse/neglect
8600,Traum pneumothorax-close
V2387,Preg w incon fetl viabil
9033,Injury ulnar vessels
E8932,Clothing fire not in bld
63550,Legal abort w shock-unsp
9392,Foreign bdy vulva/vagina
2299,Benign neoplasm NOS
85311,Brain hem opn w/o coma
67642,Lactation fail-del w p/p
E9090,Acc d/t earthquakes
71604,Kaschin-beck dis-hand
36261,Paving stone degenerat
71991,Joint dis NOS-shlder
85413,Opn brain inj-mod coma
V802,Screening-eye cond NEC
36032,Hypotony due to fistula
38619,Peripheral vertigo NEC
67611,Cracked nipple-delivered
1707,Mal neo long bones leg
0209,Plague NOS
51631,Idiopath pulmon fibrosis
53649,Gastrostomy comp NEC
52402,Mandibular hyperplasia
5821,Chr membranous nephritis
25052,DMII ophth uncntrld
E8320,Submers NEC-unpow boat
37956,Nystagmus NEC
94158,3rd deg burn w loss-neck
71158,Viral arthritis NEC
9249,Contusion NOS
04511,Paral polio NEC-type 1
1849,Mal neo female genit NOS
1274,Enterobiasis
V573,Speech-language therapy
E9620,Assault-pois w medic agt
60824,Torsion appy epididymis
53351,Chr peptic ulc perf-obst
E9101,Skin/scuba diving acc
17312,Squam cell ca lid/canth
1250,Bancroftian filariasis
3591,Hered prog musc dystrphy
78944,Abdmnal rgdt lt lwr quad
63531,Leg abor w ren fail-inc
9760,Pois-local anti-infect
64944,Epilepsy-postpartum
0208,Other types of plague
8714,Laceration of eye NOS
7639,Compl deliv NOS aff NB
76512,Preterm NEC 500-749g
78651,Precordial pain
20165,Hodgkins mix cell inguin
01393,Cns TB NOS-micro dx
9820,Toxic effect benzene
36024,"Other metallosis, eye"
2539,Pituitary disorder NOS
66071,Failed forceps NOS-deliv
V448,Artif open status NEC
40310,Ben hy kid w cr kid I-IV
7398,Somat dysfunc rib cage
05821,Human herpesvir 6 enceph
71185,Inf arthritis NEC-pelvis
3571,Neurpthy in col vasc dis
79411,Abn retinal funct study
74354,Cong fold/cyst post eye
6388,Attemp abort w compl NOS
53261,Chr duod ulc hem/perf-ob
8631,Stomach injury-open
8482,Sprain of thyroid region
74400,Ear anom NOS/impair hear
20510,Ch myl leuk wo achv rmsn
E8880,Fall striking sharp obj
0399,Actinomycosis NOS
36646,Cataract w radiation
5293,Hypertroph tongue papill
20011,Lymphosarcoma head
71986,Joint dis NEC-l/leg
20382,Oth imnprlf neo-relapse
E956,Injury-cut instrument
64231,Trans hyperten-delivered
37923,Vitreous hemorrhage
V623,Educational circumstance
01641,TB epididymis-no exam
20890,Leuk NOS w/o achv rmsn
36906,One eye-profound/oth-tot
E9507,Poison-corrosiv/caustic
55011,Recur unil ing hern-obst
1330,Scabies
99609,Malfunc card dev/grf NEC
9642,Poisoning-anticoagulants
75673,Gastroschisis
0901,Early congen syph latent
81003,"Fx clavicl, acrom end-cl"
33720,Unsp rflx sympth dystrph
28653,Antiphospholipid w hemor
V641,No proc/contraindication
79431,Abnorm electrocardiogram
5205,Heredit tooth struct NEC
81345,Torus fx radius-cl/alone
64644,Neuritis of preg-postpar
29553,Lat schizo-subchr/exacer
37821,Intermit monoc esotropia
E9553,Injury-military firearm
9248,Multiple contusions NEC
67123,Thrombophlebit-antepart
01511,TB of hip-no exam
981,Toxic eff petroleum prod
36504,Ocular hypertension
94503,Burn NOS ankle
71838,Recur dislocat-jt NEC
2110,Benign neo esophagus
37114,Kayser-fleischer ring
79531,Nonsp postv find-anthrax
84512,Sprain metatarsophalang
1741,Mal neo breast-central
34939,Dural tear NEC
V814,Screen-respir cond NEC
73097,Bone infect NOS-ankle
65404,Congen abn uter-postpart
66591,Ob trauma NOS-delivered
86409,Liver injury NEC-closed
99760,Amputat stump compl NOS
37205,Ac atopic conjunctivitis
01341,Tubrclma sp cord-no exam
E8911,Fire in bldg-pvc fumes
20002,Reticulosarcoma thorax
67643,Lactation fail-antepart
78945,Abdmnal rgdt periumbilic
53240,Chr duoden ulcer w hem
V729,Examination NOS
E8888,Fall NEC
496,Chr airway obstruct NEC
2155,Ben neo soft tis abdomen
37242,Periph progess pterygium
69513,Stevens-Johnson syndrome
59001,Chr pyeloneph w med necr
E0008,Externl cause status NEC
94542,Deep 3rd deg burn foot
36916,One eye-moderate/oth-tot
81249,Fx lower humerus NEC-cl
V6407,No vaccination-religion
V137,Hx-perinatal problems
65163,Mult ges w fet loss-ante
80103,Cl skul base fx-mod coma
9083,Late eff inj periph vess
99813,Seroma complicting proc
37189,Corneal disorder NEC
71282,Cryst arthrop NEC-up/arm
29520,Catatonia-unspec
3942,Mitral stenosis w insuff
44324,Dissect vertebral artery
20924,Malig carcinoid kidney
3659,Glaucoma NOS
7132,Arthropath w hematol dis
01570,TB of bone NEC-unspec
V141,Hx-antibiot allergy NEC
63642,Illeg ab w met dis-comp
8873,"Amput abv elb, unil-comp"
37143,Band-shaped keratopathy
23871,Essntial thrombocythemia
4958,Allerg alveol/pneum NEC
38902,Conduct hear loss tympan
6921,Oil & grease dermatitis
1391,Late effect of trachoma
0785,Cytomegaloviral disease
44422,Lower extremity embolism
2396,Brain neoplasm NOS
5961,Intestinovesical fistula
65630,Fetal distress-unspec
80703,Fracture three ribs-clos
66040,Shoulder dystocia-unspec
01634,TB urinary NEC-cult dx
8438,Sprain hip & thigh NEC
7179,Int derangement knee NOS
04100,Streptococcus unspecf
40511,Benign renovasc hyperten
E0032,"Ski,snow brd,sled,tobagn"
V9101,Twin gest-monochr/monoam
V502,Routine circumcision
8974,"Amputat leg, unilat NOS"
2519,Pancreatic disorder NOS
71294,Cryst arthrop NOS-hand
66704,Retain plac NOS-postpart
36423,Lens-induced iridocyclit
85410,Brain injury w opn wnd
53161,Chr stom ulc hem/perf-ob
7634,Cesarean delivery aff NB
45932,Chr venous hypr w inflam
V661,Radiotherapy convalescen
E9795,"Terrorism, nuc weapons"
74900,Cleft palate NOS
0468,Cns slow virus infec NEC
8401,Sprain coracoclavicular
94151,3rd deg burn w loss-ear
29514,Hebephrenia-chr/exacerb
38656,Loss labyrin react bilat
66922,Matern hypoten-del w p/p
79029,Abnormal glucose NEC
53121,Ac stom ulc hem/perf-obs
61181,Ptosis of breast
38101,Ac serous otitis media
5080,Ac pul manif d/t radiat
9122,Blister shoulder & arm
36964,One eye-near tot/oth-NOS
71591,Osteoarthros NOS-shlder
28739,Prim thrombocytopen NEC
36960,"Blindness, one eye"
01403,TB peritonitis-micro dx
87320,Open wound of nose NOS
75162,Cong cystic liver dis
6918,Other atopic dermatitis
4911,Mucopurul chr bronchitis
E9178,Stat obj w sub fall NEC
V1040,Hx-female genit malg NOS
37422,Mechanical lagophthalmos
E9420,Adv eff card rhyth regul
4387,Disturbances of vision
56881,Hemoperitoneum
36472,Anterior synechiae
7513,Hirschsprung's disease
7630,Breech del/extrac aff NB
41091,"AMI NOS, initial"
99586,Malignant hyperthermia
E8604,Acc poison-fusel oil
8418,Sprain elbow/forearm NEC
53231,Ac duodenal ulc NOS-obst
85130,Cortex lacer w opn wound
65581,Fetal abnorm NEC-deliver
38869,Otorrhea NEC
7326,Juv osteochondrosis NEC
76492,Fet growth ret 500-749g
E899,Fire accident NOS
1398,Late eff infect dis NEC
25081,DMI oth nt st uncntrld
75252,Retractile testis
1573,Mal neo pancreatic duct
E8444,Aircrft acc NEC-comm NEC
5731,Hepatitis in viral dis
01510,TB of hip-unspec
74710,Coarctation of aorta
E8742,Instrmnt fail-perfus NEC
9631,Pois-antineopl/immunosup
7969,Abnormal findings NEC
2156,Ben neo soft tis pelvis
E9658,Assault-explosive NEC
9522,Lumbar spinal cord injur
2379,Unc beh neo nerv sys NEC
29622,Depressive psychosis-mod
27700,Cystic fibros w/o ileus
01222,Isol trach tb-exam unkn
99690,Comp reattach extrem NOS
67624,Breast engorge-postpart
64781,Infect dis NEC-delivered
6953,Rosacea
37120,Corneal edema NOS
64511,Post term preg-del
52661,Perfor root canal space
65462,Abn cervix NEC-del w p/p
65190,Multi gestat NOS-unspec
51851,Ac resp flr fol trma/srg
E9508,Poison-arsenic
01562,TB of mastoid-exam unkn
66602,Thrd-stage hem-del w p/p
1543,Malignant neo anus NOS
V6751,High-risk rx NEC exam
2863,Cong def clot factor NEC
V1061,Hx of lymphoid leukemia
34210,Spstc hmiplga unspf side
74312,Microphth w oth eye anom
78551,Cardiogenic shock
V1240,Hx nerv sys/snse org NOS
E9339,Adv eff systemic agt NOS
E0100,Muscle strength mach
0861,Chagas dis of oth organ
01343,Tubrclma sp crd-micro dx
69281,Cosmetic dermatitis
72664,Patellar tendinitis
01150,TB bronchiectasis-unspec
5933,Stricture of ureter
72271,Cerv disc dis w myelopat
2518,Pancreatic disorder NEC
86229,Intrathoracic inj NEC-cl
01130,TB of bronchus-unspec
1208,Schistosomiasis NEC
92619,Crushing inj trunk NEC
V6511,Ped pre-brth vst-parent
5854,Chr kidney dis stage IV
01484,Intestin TB NEC-cult dx
E9196,Transmission machine acc
51884,Acute & chronc resp fail
74920,Cleft palate & lip NOS
1218,Trematode infection NEC
V1321,History-pre-term labor
7599,Congenital anomaly NOS
65291,Malposition NOS-deliver
99982,Extravasn vesicant NEC
20271,Periph T cell lymph head
86419,Liver injury NEC-open
80055,Opn skl vlt fx-deep coma
65253,High head term-antepart
80454,Opn skl/oth fx-prol coma
30983,Adjust react-withdrawal
7441,Accessory auricle
1462,Mal neo tonsil pillars
09849,Gonococcal eye NEC
73074,Polio osteopathy-hand
80179,Opn skul base fx-concuss
63602,Illeg ab w pelv inf-comp
71688,Arthropathy NEC-oth site
0869,Trypanosomiasis NOS
05312,Postherpes trigem neural
80053,Opn skul vlt fx-mod coma
63542,Leg ab w metab dis-comp
20500,Ac myl leuk wo achv rmsn
E9177,Furniture acc w sub fall
V2032,Health supv nb 8-28 days
0073,Intest trichomoniasis
36852,Deutan defect
66530,Lacerat of cervix-unspec
37843,Vertical heterophoria
30275,Premature ejaculation
36920,"Low vision, 2 eyes NOS"
V1021,Hx-laryngeal malignancy
80064,Opn skl vlt fx-proln com
E8334,W/craft stair fall-skier
6939,Dermat d/t int agent NOS
6318,Oth abn prod conception
37432,Myogenic ptosis
30751,Bulimia nervosa
94312,1st deg burn elbow
71814,Loose body-hand
5304,Perforation of esophagus
36965,Near-tot imp/near-normal
80080,Opn skull vlt fx/hem NEC
65813,Prem rupt memb-antepart
1611,Malig neo supraglottis
3202,Streptococcal meningitis
92821,Crushing injury ankle
80616,C5-c7 fx-op/com cord les
7924,Abn findings-saliva
0929,Early syphil latent NOS
9729,Pois-cardiovasc agt NEC
64390,Vomit of preg NOS-unspec
29623,Depress psychosis-severe
29634,Rec depr psych-psychotic
99562,Anphylct react crstacns
E8174,Mv acc brd/alight-st car
5859,Chronic kidney dis NOS
83309,Disloc wrist NEC-closed
95217,Anterior cord syn/t7-t12
3839,Mastoiditis NOS
79399,Nonsp abn find-body NEC
E9364,Adv eff anti-parkinson
20193,Hodgkins dis NOS abdom
99663,React-nerv sys dev/graft
2134,Ben neo long bones arm
66630,Postpart coagul def-unsp
77017,NB asp w/o resp symp NEC
20422,Sbac lym leuk in relapse
4111,Intermed coronary synd
80402,Cl skl w oth fx-brf coma
71961,Joint symptom NEC-shlder
44282,Subclavian aneurysm
65270,Prolapsed arm-unspec
E9091,Acc d/t volcanic erupt
0088,Viral enteritis NOS
25070,DMII circ nt st uncntrld
6387,Attemp abort w compl NEC
73601,Cubitus valgus
7465,Congen mitral stenosis
38920,Mixed hearing loss NOS
V489,Prob-head/neck/trunk NOS
78838,Overflow incontinence
7681,Fet death-anoxia dur lab
99882,Ctrct frgmt frm ctr surg
1881,Mal neo bladder-dome
57451,Choledochlith NOS w obst
73603,Valgus deformity wrist
7636,Precipitate del aff NB
E0027,"Surf,windsrf,boogie brd"
V6111,Cnsl victm partner abuse
88100,Open wound of forearm
55010,Unilat ing hernia w obst
30159,Histrionic person NEC
80134,Cl skl base fx-prol coma
V7260,Laboratory exam NOS
67663,Galactorrhea-antepartum
V4284,Trnspl status-intestines
1971,Sec mal neo mediastinum
V9109,Twin gest-plac/sac undet
71683,Arthropathy NEC-forearm
V8701,Contact/exposure arsenic
9721,Poisoning-cardiotonics
65260,Mult gest malpresen-unsp
E8713,Postinjection forgn body
83921,Disloc thoracic vert-cl
1955,Malign neopl leg
30759,Eating disorder NEC
25803,Mult endo neop type IIB
E8211,Oth off-road mv acc-psgr
20969,Bengn carcinoid oth site
30284,Sexual sadism
V6546,Insulin pump training
32722,High altitude breathing
01122,TB lung cavity-exam unkn
1124,Candidiasis of lung
20221,Sezary's disease head
E9796,"Terrorism, biologicals"
75444,Cong bowing leg NOS
2243,Benign neo conjunctiva
V1505,Hx-other food allergy
82001,Fx up femur epiphy-clos
8410,Sprain radial collat lig
7631,Malpos/dispro NEC aff NB
V5351,Fit/adj gastric lap band
2351,Unc behav neo oral/phar
37140,Corneal degeneration NOS
1279,Intest helminthiasis NOS
71179,Helminth arthrit-mult
0549,Herpes simplex NOS
07041,Hpt C acute w hepat Coma
8851,Amputation thumb-compl
81401,"Fx navicular, wrist-clos"
44101,Dsct of thoracic aorta
81416,Fx trapezoid bone-open
E9399,Adv eff psychotropic NOS
36912,One eye-severe/oth-total
94118,1st deg burn neck
28749,Sec thrombocytpenia NEC
20155,Hodg nodul sclero inguin
8406,Sprain supraspinatus
04082,Toxic shock syndrome
7765,Congenital anemia
78965,Abdmnal tndr periumbilic
32342,Oth myelitis ot inf else
5551,"Reg enteritis, lg intest"
73742,Lordosis in oth dis
2128,Benign neo resp sys NEC
31389,Emotional dis child NEC
82122,Fx low femur epiphy-clos
9189,Superficial inj eye NEC
E9089,Acc d/t storm/flood NOS
20016,Lymphosarcoma pelvic
71940,Joint pain-unspec
74740,Great vein anomaly NOS
28981,Prim hypercoagulable st
E9801,Undeterm pois-barbiturat
70402,Telogen effluvium
37731,Optic papillitis
64940,Epilepsy-unspecified
01716,Erythem nod tb-oth test
5192,Mediastinitis
75564,Cong knee deformity
29625,Depr psychos-part remiss
37156,Strom cornea dystrph NEC
E8761,Wrong fluid in infusion
5070,Food/vomit pneumonitis
0957,Syphilis of tendon/bursa
37532,Acute dacryocystitis
2589,Polyglandul dysfunc NOS
3577,Neurpthy toxic agent NEC
64963,Uterine size des-antepar
36561,Glauc w pupillary block
09162,Syphilitic hepatitis
78701,Nausea with vomiting
9556,Injury digital nerve
V820,Screen for skin cond
05919,Parapoxvirus infectn NEC
51909,Tracheostomy comp NEC
2450,Acute thyroiditis
79679,Oth abn Pap smr anus/HPV
43300,Ocl bslr art wo infrct
E8919,Fire in bldg-accid NOS
07033,Hpt B chrn wo cm w dlta
36751,Paresis of accommodation
66121,Uterine inert NEC-deliv
20802,Ac leuk uns cl relapse
80610,C1-c4 fx-op/cord inj NOS
9794,Poisoning-measles vaccin
2562,Postablativ ovarian fail
8485,Sprain of pelvis
1024,"Gummata and ulcers, yaws"
64273,Tox w old hyper-antepart
E8167,Loss control mv-pedest
V9119,Tripl gest-plac/sac und
71966,Joint symptom NEC-l/leg
8751,Open wound chest-compl
E0077,"Volleyball (beach,court)"
99686,Compl pancreas transplnt
9530,Cervical root injury
0959,Late sympt syphilis NOS
71136,Dysenter arthrit-l/leg
E9521,Poison-co NEC
7059,Sweat gland disorder NOS
E9973,War inj:WMD NOS
5219,Hard tiss dis teeth NOS
9672,Poisoning-paraldehyde
6282,Infertility-tubal origin
80129,Cl skull base fx-concuss
E8760,Mismatch blood-transfusn
78262,Flushing
09481,Syphilitic encephalitis
8474,Sprain of coccyx
6173,Pelv perit endometriosis
9176,Foreign body foot & toe
67681,Lactation dis NEC-deliv
V1361,Hx-hypospadias
E9657,Assault-letter bomb
V1323,Hx vaginal dysplasia
2693,Mineral deficiency NEC
01386,Cns TB NEC-oth test
71823,Pathol dislocat-forearm
35800,Mysthna grvs w/o ac exac
00865,Enteritis d/t calicivirs
9745,Pois-electro/cal/wat agt
92710,Crushing injury forearm
29591,Schizophrenia NOS-subchr
E9299,Late eff accident NOS
03844,Serratia septicemia
81514,Fx metacarpal neck-open
V1586,Hx-contact/exposure lead
8673,Ureter injury-open
94144,Deep 3rd deg burn chin
85144,Cerebel contus-prol coma
36335,Disseminated retina scar
65443,Abn uterus NEC-antepart
2103,Benign neo mouth floor
75650,Osteodystrophy NOS
80669,Fx sacrum-cl/crd inj NEC
52476,Occlusal plane deviation
80051,Opn skul vlt fx w/o coma
E8765,Perfrm wrong op/right pt
79675,Anal hi risk HPV-DNA pos
80228,Fx mandible body NEC-cl
2630,Malnutrition mod degree
40492,Hy ht/kd NOS st V w/o hf
73722,Oth postsurgery lordosis
78864,Urinary hesitancy
0822,North asian tick fever
9954,Shock due to anesthesia
1918,Malig neo brain NEC
64881,Abn glucose toler-deliv
20085,Mixed lymphosarc inguin
6080,Seminal vesiculitis
36464,Exudat cyst pars plana
75500,Polydactyly NOS
9228,Multiple contusion trunk
36911,1 eye-sev/oth-blind NOS
80176,Opn skl base fx-coma NOS
66203,Prolong 1st stage-antepa
V1501,Hx-peanut allergy
0810,Murine typhus
E9354,Adv eff arom analgsc NEC
37022,Macular keratitis
44409,Ot art emb/thrm abd aort
94833,30-39% bdy brn/30-39% 3d
7897,Colic
5764,Fistula of bile duct
90082,Inj mlt head/neck vessel
9524,Cauda equina injury
90240,Injury renal vessel NOS
0383,Anaerobic septicemia
36842,Scotoma of blind spot
1369,Infect/parasite dis NOS
81419,Fx carpal bone NEC-open
01526,TB of knee-oth test
20082,Mixed lymphosarc thorax
5960,Bladder neck obstruction
2127,Benign neoplasm heart
81323,Fx shaft rad w ulna-clos
41041,"AMI inferior wall, init"
37812,Monoc exotrop w a pattrn
64801,Diabetes-delivered
36404,"Second iritis, noninfec"
0980,Acute gc infect lower gu
67594,Breast inf NOS-postpart
99972,Rh incompat/acute HTR
V134,Hx of arthritis
73303,Disuse osteoporosis
80370,Opn skl fx NEC/menin hem
37149,Cornea degeneration NEC
7518,Anom digestive syst NEC
01013,Prim TB pleuris-micro dx
20926,Mal carcinoid midgut NOS
85160,Cerebel/brain stem lacer
94322,2nd deg burn elbow
67314,Amniotic embol-postpart
9600,Poisoning-penicillins
85182,Brain lac NEC-brief coma
E8458,Spacecraft acc-grnd crew
V2633,Genetic counseling
E8449,Aircrft acc NEC-pers NEC
E8734,Dosag fail-shock therapy
30081,Somatization disorder
80141,Cl skul base fx w/o coma
72479,Disorder of coccyx NEC
57510,Cholecystitis NOS
25060,DMII neuro nt st uncntrl
9052,Late effect arm fx
83669,Dislocat knee NEC-open
0416,Proteus infection NOS
80306,Cl skull fx NEC-coma NOS
7038,Diseases of nail NEC
E9889,Undetermin circumst NOS
4262,Left bb hemiblock
V4585,Insulin pump status
01126,TB lung w cavit-oth test
9532,Lumbar root injury
81330,Fx shaft forearm NOS-opn
3749,Disorder of eyelid NOS
67404,Cerebrovasc dis-postpart
66030,Persist occipitpost-unsp
2558,Adrenal disorder NEC
E9268,Radiation exposure NEC
1234,Diphyllobothrias intest
82131,Fx femoral condyle-open
V5863,Lng use antiplte/thrmbtc
51911,Acute bronchospasm
37689,Orbital disorders NEC
V417,Sexual function problem
7710,Congenital rubella
1110,Pityriasis versicolor
64813,Thyroid dysfunc-antepart
1404,"Mal neo lower lip, inner"
55013,Recur bil ing hern-obstr
7854,Gangrene
75231,Agenesis of uterus
65310,Contract pelv NOS-unspec
64730,TB in preg-unspecified
33822,Chron post-thoracot pain
71283,Crys arthrop NEC-forearm
01205,TB pleurisy-histolog dx
9460,Burn NOS multiple site
90259,Injury iliac vessel NEC
64252,Sev preeclamp-del w p/p
3888,Disorders of ear NEC
64703,Syphilis-antepartum
99695,Compl reattached foot
20821,Sbac leuk uns cl w rmson
45340,Ac DVT/embl low ext NOS
4400,Aortic atherosclerosis
71910,Hemarthrosis-unspec
57430,Choledocholith/ac gb inf
V2543,Srvl mplnt sbdrm cntrcep
62210,Dysplasia of cervix NOS
90000,Injur carotid artery NOS
83310,Dislocat wrist NOS-open
135,Sarcoidosis
3151,Mathematics disorder
33828,Chronic postop pain NEC
80704,Fracture four ribs-close
78704,Bilious emesis
94110,1st deg burn head NOS
E9462,Adv eff local astringent
6801,Carbuncle of neck
7018,Skin hypertro/atroph NEC
09940,Unspcf nongnccl urethrts
78052,Insomnia NOS
73711,Radiation kyphosis
42612,Atrioven block-mobitz ii
V760,Screen mal neop-resp org
20287,Lymphomas NEC spleen
67322,Pulm embol NOS-del w p/p
76425,Fetal mal 1250-1499g
9119,Superf inj trnk NEC-inf
37850,Paralytic strabismus NOS
56985,Angio intes w hmrhg
9727,Poison-antivaricose drug
80346,Cl skull fx NEC-coma NOS
79094,Euthyroid sick syndrome
E8682,Acc poison-exhaust gas
94210,1st deg burn trunk NOS
38500,Tympanosclerosis NOS
74601,Cong pulmon valv atresia
3682,Diplopia
V701,Psych exam-authority req
7837,Failure to thrive-adult
86804,Retroperitoneum inj-cl
71617,Traum arthropathy-ankle
9680,Pois-cns muscle depress
30923,Academic/work inhibition
33372,Acute dystonia d/t drugs
20053,Primary CNS lymph abdom
7874,Visible peristalsis
45829,Iatrogenc hypotnsion NEC
95215,T7-t12 spin cord inj NOS
33384,Organic writers' cramp
1746,Mal neo breast-axillary
20212,Mycosis fungoides thorax
36613,Ant subcaps senile catar
3643,Iridocyclitis NOS
V3101,Twin-mate lb-in hos w cs
94102,Burn NOS eye
81392,Fracture ulna NOS-open
20083,Mixed lymphosarc abdom
2888,Wbc disease NEC
20258,Letterer-siwe dis mult
38604,Inactive Meniere's dis
87359,Open wnd face NEC-compl
64742,Malaria-delivered w p/p
34501,Gen nonconv ep w intr ep
80412,Cl skl w oth fx-brf coma
01146,TB lung fibros-oth test
E8376,Watercraft explos-docker
66020,Abn pelv tiss obstr-unsp
80364,Opn skl fx NEC-proln com
80019,Cl skl vlt fx-concus NOS
1142,Coccidioidal meningitis
20146,Hodg lymph-histio pelvic
01894,Miliary TB NOS-cult dx
65153,Quads w fetal loss-ante
07889,Oth spec dis viruses
33821,Chronc pain d/t trauma
77088,NB hypoxia
71156,Viral arthritis-l/leg
05473,H simplex otitis externa
07989,Oth specf viral infectn
V4581,Aortocoronary bypass
86343,Descending colon inj-cl
99762,Infection amputat stump
73082,Bone infect NEC-up/arm
71982,Joint dis NEC-up/arm
E8509,Acc poison-analgesic NOS
80506,Fx c6 vertebra-closed
01553,TB limb bones-micro dx
E9248,Hot substance accid NEC
88002,Open wound of axilla
37552,Lacriml punctum stenosis
5721,Portal pyemia
6114,Atrophy of breast
52469,Other specf TMJ disordrs
3109,Nonpsychot brain syn NOS
20936,Merkel cell ca-oth sites
87330,Open wnd nose NOS-compl
36918,One eye-mod/oth-profound
94553,3 deg burn w loss-ankle
01584,TB of joint NEC-cult dx
94554,3 deg brn w loss-low leg
E8003,RR coll NOS-ped cyclist
9043,Injury saphenous vein
30402,Opioid dependence-episod
39891,Rheumatic heart failure
64300,Mild hyperem grav-unspec
79959,Cognition sign/sympt NEC
35579,Oth mononeur lower limb
E9580,Injury-moving object
34402,"Quadrplg c1-c4, incomplt"
01523,TB of knee-micro dx
V8279,Genetic screening NEC
9070,Lt eff intracranial inj
01602,TB of kidney-exam unkn
5804,Ac rapidly progr nephrit
E8723,Fail sterile injection
67122,Thrombophleb-deliv w p/p
V276,"Del-mult brth, some live"
38481,Atrophic flaccid tympan
72871,Plantar fibromatosis
80340,Cl skl fx NEC/br inj NEC
65463,Abn cervix NEC-antepart
9764,Poison-hair/scalp prep
8413,Sprain ulnohumeral
E9659,Assault-explosive NOS
E8043,Fall from train-ped cycl
20026,Burkitt's tumor pelvic
70706,"Pressure ulcer, ankle"
53110,Ac stomach ulcer w perf
00803,Int inf e coli entrnvsv
94865,60-69% bdy brn/50-59% 3d
6255,Pelvic congestion synd
1717,Mal neopl trunk NOS
V474,Urinary problems NEC
80453,Opn skul/oth fx-mod coma
20058,Primary CNS lymph multip
1905,Malign neopl retina
87273,Opn wnd eustach tb-compl
38011,Acute infection of pinna
1982,Secondary malig neo skin
E0138,Personal hygiene NEC
20295,Lymphoid mal NEC inguin
463,Acute tonsillitis
52681,Exostosis of jaw
E8810,Fall from ladder
80413,Cl skl w oth fx-mod coma
76517,Preterm NEC 1750-1999g
V1255,Hx pulmonary embolism
81307,Fx up radius NEC/NOS-cl
01211,TB thorax node-no exam
5307,Mallory-weiss syndrome
66913,Obstetric shock-antepar
V0184,Meningococcus contact
92311,Contusion of elbow
64663,Gu infection-antepartum
13103,Trichomonal prostatitis
E8113,Reentrant coll-mcyc psgr
36802,Deprivation amblyopia
01752,TB of thyroid-exam unkn
075,Infectious mononucleosis
4918,Chronic bronchitis NEC
E8736,Nonadmin necess medicine
9288,Mult crushing injury leg
2643,Vit A cornea ulcer/xeros
3080,"Stress react, emotional"
71170,Helminth arthrit-unspec
4267,Anomalous av excitation
65960,Elderly multigravida-uns
60782,"Vascular disorder, penis"
2290,Benign neo lymph nodes
5276,Salivary gland mucocele
9584,Traumatic shock
4610,Ac maxillary sinusitis
E8030,RR acc w explosion-empl
9279,Crushing injury arm NOS
99932,Blood inf dt cen ven cth
0631,Louping ill
73397,Stress fx shaft femur
V08,Asymp hiv infectn status
63411,Spon abort w hemorr-inc
4423,Lower extremity aneurysm
V1367,Hx-cong malform-digest
7782,NB cold injury syndrome
V2681,Assist repro fertility
94123,2nd deg burn lip
31211,Unsocial unaggress-mild
E0190,Walking an animal
52511,Loss of teeth d/t trauma
3154,Devel coordination dis
99749,Oth digestv system comp
6978,Lichen NEC
94883,80-89% bdy brn/30-39% 3d
32082,Mningts gram-neg bct NEC
9791,Poison-rabies vaccine
1422,Malig neo sublingual
V292,Obsrv NB suspc resp cond
V4031,Wandering-dis elsewhere
87379,Open wnd mouth NOS-compl
70219,Other sborheic keratosis
20293,Lymphoid mal NEC abdom
E8148,Mv coll w pedes-pers NEC
8691,Internal injury NOS-open
52482,Posterior soft tiss impg
22802,Hemangioma intracranial
37313,Abscess of eyelid
09853,Gonococcal spondylitis
75534,Longitudinal defic femur
V332,Twin NOS-nonhosp
37332,Contact dermatit eyelid
04523,Nonparalyt polio-type 3
78321,Abnormal loss of weight
64931,Coagulation def-deliv
0782,Sweating fever
7706,NB transitory tachypnea
01216,TB thorax node-oth test
73006,Ac osteomyelitis-l/leg
5969,Bladder disorder NOS
20700,Ac erth/erlk wo ach rmsn
37862,Mech strab d/t muscl dis
E9550,Injury-handgun
7537,Anomalies of urachus
71833,Recur dislocat-forearm
E9259,Electric current acc NOS
88120,Open wnd forearm w tendn
87322,Open wound nasal cavity
29513,Hebephren-subchr/exacerb
37403,Spastic entropion
E8331,W/craft stair fall-power
2825,Sickle-cell trait
2578,Testicular dysfunct NEC
1108,Dermatophytosis site NEC
6012,Abscess of prostate
1874,Malig neo penis NOS
3897,"Deaf, nonspeaking NEC"
5982,Postop urethral strictur
80415,Cl skul/oth fx-deep coma
65890,Amniotic prob NOS-unspec
31210,Unsocial unaggress-unsp
36574,Indeterm stage glaucoma
E9948,War inj:aircrft dest NEC
63730,Ab NOS w renal fail-unsp
36463,Primary cyst pars plana
E8581,Acc poisn-systemic agent
80066,Opn skul vlt fx-coma NOS
6825,Cellulitis of buttock
65231,Transver/obliq lie-deliv
E8720,Failure sterile surgery
01776,TB of spleen-oth test
1364,Psorospermiasis
2409,Goiter NOS
53440,Chr marginal ulcer w hem
V549,Orthopedic aftercare NOS
6224,Stricture of cervix
67664,Galactorrhea-postpartum
83109,Disloc shoulder NEC-clos
99602,Malfunc prosth hrt valve
1371,Late effect cns TB
E9343,Adv eff vitamin k
66991,Comp lab/deliv NOS-deliv
09323,Syphil tricuspid valve
84201,Sprain carpal
57411,Cholelith/gb inf NEC-obs
7731,NB hemolyt dis-abo isoim
64653,Asy bacteriuria-antepart
25510,Hyperaldosteronism NOS
V5881,Fit/adj vascular cathetr
4550,Int hemorrhoid w/o compl
66590,Ob trauma NOS-unspec
V1041,Hx-cervical malignancy
36630,Cataracta complicata NOS
60001,BPH w urinary obs/LUTS
E9493,Adv eff yellow fever vac
E9064,Nonvenom arthropod bite
36617,Mature cataract
29535,Paranoid schizo-remiss
7734,NB kernicterus:isoimmun
E9069,Inj NOS caused by animal
20268,Mal mastocytosis mult
E8440,Aircrft acc NEC-spcrft
37251,Pinguecula
49322,Ch obst asth w (ac) exac
7294,Fasciitis NOS
32732,Circadian rhy-advc sleep
67500,Infect nipple preg-unsp
28862,Leukemoid reaction
67691,Lactation dis NOS-deliv
40210,Benign hyp ht dis w/o hf
94326,2nd deg burn scapula
1470,Mal neo super nasopharyn
90251,Inj hypogastric artery
V757,Screen for helminthiasis
48240,Staphylococcal pneu NOS
85210,Subarach hem w opn wound
81112,"Fx scapul, corac proc-op"
11519,Histoplasma duboisii NEC
38650,Labyrinthine dysfunc NOS
34882,Brain death
42499,Endocarditis NEC
66441,Ob perineal lac NOS-del
V4576,Acq absence of lung
V7398,Scrn unspcf chlmyd dis
63451,Spon abort w shock-inc
85412,Opn brain inj-brief coma
65983,Compl labor NEC-antepart
E8178,Mv board/alight-pers NEC
27419,Gouty nephropathy NEC
30001,Panic dis w/o agorphobia
03641,Meningococc pericarditis
1720,Malig melanoma lip
34400,"Quadriplegia, unspecifd"
9647,Poisoning-blood product
V778,Screening for obesity
78440,Voice/resonance dis NOS
94898,90% + bdy brn/80-89% 3rd
65430,Retrovert uterus-unspec
32382,Myelitis cause NEC
V602,Economic problem
37953,Visual deprivatn nystagm
78060,Fever NOS
71612,Traum arthropathy-up/arm
3536,Phantom limb (syndrome)
83113,Infer disloc humerus-opn
E9284,Ext constriction-hair
29601,Bipol I single manc-mild
5641,Irritable bowel syndrome
45351,Ch DVT/embl prox low ext
1503,Mal neo upper 3rd esoph
32740,Organic parasomnia NOS
71643,Trans arthropath-forearm
94311,1st deg burn forearm
65431,Retrovert uterus-deliver
5561,Ulcerative ileocolitis
04590,Ac polio NOS-type NOS
5992,Urethral diverticulum
2400,Simple goiter
52342,"Chron periodontitis,gen"
V1072,Hx-hodgkin's disease
66430,Del w 4 deg lacerat-unsp
94150,3rd burn w loss-head NOS
3510,Bell's palsy
8972,"Amput above knee, unilat"
38422,Attic perf tympanic memb
53640,Gastrostomy comp NOS
00861,Intes infec rotavirus
V1363,Hx-cong malform-nervous
V453,Intestinal bypass status
7092,Scar & fibrosis of skin
1365,Sarcosporidiosis
9528,Spin cord inj-mult site
E8187,Mv traff acc NEC-pedest
09487,Syph rupt cereb aneurysm
34881,Temporal sclerosis
73010,Chr osteomyelitis-unsp
0851,Cutan leishmanias urban
01181,Pulmonary TB NEC-no exam
80016,Cl skull vlt fx-coma NOS
E8222,Oth coll mov obj-mocycl
77430,Delay conjugat jaund NOS
3911,Acute rheumatic endocard
9713,Poisoning-sympatholytics
29633,Recur depr psych-severe
85239,Opn subdur hem-concuss
V8909,Oth sus mat/ftl nt fnd
V1585,Hx-cont/exps haz bdy fld
38302,Ac mastoiditis-compl NEC
8785,Open wound vulva-compl
64743,Malaria-antepartum
78499,Head & neck symptoms NEC
E0078,"School recess,camp"
7384,Acq spondylolisthesis
2915,Alcoh psych dis w delus
5373,Duodenal obstruction NEC
4530,Budd-chiari syndrome
E9340,Adv eff iron & compounds
2536,Neurohypophysis dis NEC
9910,Frostbite of face
37455,Hypotrichosis of eyelid
71963,Joint sympt NEC-forearm
9555,Inj cutan senso nerv/arm
2212,Benign neoplasm vulva
36340,Choroidal degen NOS
94239,3rd deg burn trunk NEC
20246,Hairy-cell leukem pelvic
9597,Lower leg injury NOS
99769,Amputat stump compl NEC
55129,Gang ventral hernia NEC
75469,Cong valgus foot def NEC
38531,Cholesteatoma of attic
1106,Deep dermatophytosis
80184,Op skl base fx-prol coma
64943,Epilepsy-antepartum
E9309,Adv eff antibiotic NOS
7621,Placenta hem NEC aff NB
01173,TB pneumothorax-micro dx
01234,TB laryngitis-cult dx
64190,Antepart hem NOS-unspec
36853,Tritan defect
V7269,Laboratory exam NEC
44329,Dissection artery NEC
71125,Behcet arthritis-pelvis
1309,Toxoplasmosis NOS
7767,Neonatal neutropenia
30562,Cocaine abuse-episodic
71818,Loose body-joint NEC
30020,Phobia NOS
E9483,Adv eff plague vaccine
37702,Papilledema w decr press
60883,Male gen vascul dis NEC
6204,Prolapse of ovary & tube
29041,Vasc dementia w delirium
37803,Monoc esotrop w v pattrn
37872,Prog ext ophthalmoplegia
01652,TB male gen NEC-ex unkn
69460,Bn mucous memb pemph NOS
43883,Facial weakness
07810,Viral warts NOS
01633,TB urinary NEC-micro dx
64323,Late vomit preg-antepart
27800,Obesity NOS
36459,Iris atrophy NEC
52479,Oth spcf alveolar anmaly
80425,Cl skul/oth fx-deep coma
V599,Org or tissue donor NOS
65472,Abnorm vagina-del w p/p
9771,Poison-lipotropic drugs
E8459,Spacecraft acc-pers NEC
V4583,Breast impl remov status
5839,Nephritis NOS
04109,Other streptococcus
27905,Immunodefic w hyper-igm
00804,Int inf e coli entrhmrg
83915,Disloc 5th cerv vert-opn
3368,Myelopathy NEC
9050,Late effec skull/face fx
E9453,Adv eff musc agt NEC/NOS
80349,Cl skull fx NEC-concuss
80239,Mult fx mandible-open
57461,Gall&bil cal w/ac w obs
80466,Opn skul/oth fx-coma NOS
76412,Lt-date w/mal 500-749g
20218,Mycosis fungoides mult
09486,Syphil acoustic neuritis
E9269,Radiation exposure NOS
E0081,Wrestling
73391,Arrest of bone growth
3016,Dependent personality
79391,Image test incon d/t fat
31383,Academic underachievment
41072,"Subendo infarct, subseq"
28260,Sickle cell disease NOS
36013,Parasitic endophthal NOS
72751,Popliteal synovial cyst
71638,Climact arthritis NEC
9552,Injury ulnar nerve
36441,Hyphema
80386,Opn skul fx NEC-coma NOS
3453,Grand mal status
20381,Oth imnprfl npl w rmsn
V4981,Asympt postmeno status
V1081,Hx of bone malignancy
5111,Bact pleur/effus not TB
48282,Pneumonia e coli
64001,Threatened abort-deliver
1748,Malign neopl breast NEC
81102,"Fx scapul, corac proc-cl"
0491,Adenoviral meningitis
7933,Nonsp abn fd-bilry tract
9066,Late eff wrist/hand burn
0823,Queensland tick typhus
33382,Orofacial dyskinesia
71897,Jt derangement NOS-ankle
6232,Stricture of vagina
2982,Reactive confusion
5953,Trigonitis
71227,Pyrophosph cryst-ankle
9124,Insect bite shoulder/arm
85181,Brain lacer NEC w/o coma
7333,Hyperostosis of skull
0019,Cholera NOS
E8163,Loss control mv-mcyc psg
6039,Hydrocele NOS
0270,Listeriosis
E8356,Wtrcraft fall NOS-docker
7245,Backache NOS
E8408,Tk off/land-ground crew
64123,Prem separ plac-antepart
E9194,Woodworking machine acc
E8123,Mv coll NOS-mcycl psngr
75982,Marfan syndrome
34292,Unsp hmiplga nondmnt sde
59381,Renal vascular disorder
63422,Spon ab w pel damag-comp
81221,Fx humerus shaft-closed
2781,Localized adiposity
27913,Nezelof's syndrome
9830,Tox eff corrosive aromat
73310,Path fx unspecified site
2823,Enzyme defic anemia NEC
82000,Fx femur intrcaps NOS-cl
V2503,Contracept mgmt-emergncy
79093,Elvtd prstate spcf antgn
2218,Ben neo fem genital NEC
V0970,Inf mcr rst oth ag nt ml
83913,Disloc 3rd cerv vert-opn
E973,Legal interven-blunt obj
45342,Ac DVT/emb distl low ext
88029,Mlt opn wnd shldr w tend
4592,Compression of vein
0463,Prog multifoc leukoencep
38119,Chr serous OM NEC
V2682,Fertility preserv proc
36482,Plateau iris syndrome
65230,Transv/obliq lie-unspec
E8063,RR acc NEC-ped cyclist
V180,Fam hx-diabetes mellitus
67183,Venous compl NEC-antepar
36731,Anisometropia
E9132,Suffocation-lack of air
7842,Swelling in head & neck
65353,Fetal dispro NOS-antepar
85106,Cortex contus-coma NOS
7877,Abnormal feces
36236,Venous tributary occlus
9142,Blister hand
20192,Hodgkins dis NOS thorax
E8149,Mv coll w pedes-pers NOS
63320,Ovarn preg w/o intra prg
36089,Disorder of globe NEC
20168,Hodgkins mix cell mult
01220,Isol tracheal tb-unspec
76429,Fetal malnutr 2500+g
80612,C1-c4 fx-op/ant cord syn
E8326,Submers NEC-docker
V435,Bladder replacement NEC
52325,Gingival recess-general
80706,Fracture six ribs-closed
4461,Mucocutan lymph node syn
28859,Decreased WBC count NEC
37960,Inflam postproc bleb NOS
4430,Raynaud's syndrome
53020,Ulc esophagus w/o bleed
94253,3rd brn w loss-abdom wll
01334,TB brain abscess-cult dx
V042,Vaccin for measles
80608,C5-c7 fx-cl/cen cord syn
65593,Fetal abnorm NOS-antepar
86100,Heart injury NOS-closed
V789,Screen-blood dis NOS
7735,NB late anemia:isoimmun
V872,Cont/exp hazard chem NEC
74729,Cong anom of aorta NEC
4720,Chronic rhinitis
85153,Opn cerebe cont-mod coma
8784,Open wound of vulva
V1049,Hx-male genit malig NEC
3552,Femoral nerve lesion NEC
V8801,Acq absnce cervix/uterus
33829,Chronic pain NEC
73033,Periostitis-forearm
53430,Ac marginal ulcer NOS
71239,Chondrocalcin NOS-mult
5644,Postop GI funct dis NEC
3859,Dis mid ear/mastoid NOS
E8659,Acc poisn-food/plant NOS
01153,TB bronchiect-micro dx
86519,Spleen injury NEC-open
2463,Hemorr/infarc thyroid
66901,Maternal distress-deliv
V361,Mult nb/sb-before adm
8480,Sprain of nasal septum
V253,Menstrual extraction
99731,Ventltr assoc pneumonia
75012,Cong adhesions of tongue
66424,Del w 3 deg lac-postpart
42291,Idiopathic myocarditis
75889,Oth con d/t chrm anm NEC
37954,Nystagms w vestibulr dis
80624,T1-t6 fx-cl/cord inj NEC
E9810,Undeter pois-piped gas
9351,Foreign body esophagus
38801,Presbyacusis
0393,Cervicofac actinomycosis
E9503,Poison-psychotropic agt
99679,Comp-int prost devic NEC
48242,Meth res pneu d/t Staph
E9685,Asslt-transport vehicle
20005,Reticulosarcoma inguin
65370,Oth abn fet disprop-unsp
2892,Mesenteric lymphadenitis
20064,Anaplastic lymph axilla
29511,Hebephrenia-subchronic
65940,Grand multiparity-unspec
72231,Schmorls node-thoracic
6214,Hematometra
01006,Prim TB complex-oth test
E8332,Wtrcraft stair fall-crew
9858,Toxic effect metals NEC
E8661,Acc poisoning-mercury
2801,Iron def anemia dietary
09841,Gonococcal iridocyclitis
01140,TB lung fibrosis-unspec
65951,Elderly primigravida-del
V7641,Screen mal neop-rectum
66123,Uterine inert NEC-antepa
29640,Bipol I currnt manic NOS
1259,Filariasis NOS
6103,Fibrosclerosis of breast
8025,Fx malar/maxillary-open
75311,Congenital renal cyst
92702,Crush inj axillary reg
62920,Genital mutilation NOS
36832,Visual percept w/o fusn
E8841,Fall from cliff
73721,Postlaminectomy lordosis
36001,Acute endophthalmitis
V8489,Genetic suscept dis NEC
25031,DMI o cm nt st uncntrld
23339,Ca in situ fem gen NEC
01223,Isolat trach tb-micro dx
45931,Chr venous hyper w ulcer
07022,Hpt B chrn coma wo dlta
28733,Cong/herid thromb purpra
01340,Tubrclma sp cord-unspec
2143,Lipoma intra-abdominal
V2130,Low birthwt status NOS
E8658,Acc poison-food NEC
04512,Paral polio NEC-type 2
77182,NB urinary tract infectn
4733,Chr sphenoidal sinusitis
19882,Second malig neo genital
7042,Abnormalities of hair
73017,Chr osteomyelit-ankle
3070,Adult onset flncy disord
76491,Fet growth retard <500g
67401,Puerp cerebvas dis-deliv
3309,Cereb degen in child NOS
71873,Dev dislocat jt-forearm
44773,Thoracoabd aortc ectasia
83802,Disloc midtarsal-closed
73031,Periostitis-shlder
65641,Intrauter death-deliver
81519,Mult fx metacarpus-open
71595,Osteoarthros NOS-pelvis
00845,Int inf clstrdium dfcile
9470,Burn of mouth & pharynx
E8142,Mv coll w pedest-motcycl
V0980,Inf mcr rst ot drg nt ml
94512,1st deg burn foot
85173,Opn cerebel lac-mod coma
0511,Pseudocowpox
2116,Benign neoplasm pancreas
76061,Amniocentesis affect NB
51883,Chronic respiratory fail
87341,Open wound of cheek
36064,Foreign body in vitreous
99604,Mch cmp autm mplnt dfbrl
9778,Poison-medicinal agt NEC
32735,Circadian rhythm-jetlag
20286,Lymphomas NEC pelvic
4241,Aortic valve disorder
30015,Dissociative react NOS
3708,Keratitis NEC
52564,Fx dentl material w loss
E8374,Watercraft explos-skier
71894,Jt derangement NOS-hand
71432,Pauciart juv rheum arthr
V0254,Meth resis Staph carrier
65482,Abnormal vulva-del w p/p
01883,Miliary TB NEC-micro dx
74924,Bilat clft palat/lip-inc
05311,Geniculate herpes zoster
0402,Whipple's disease
09815,Gc cervicitis (acute)
07888,Oth spec dis chlamydiae
20933,Merkel cell ca-up limb
7093,Degenerative skin disord
5165,Adlt pul Langs cell hist
37933,Ant dislocation of lens
9038,Injury arm vessels NEC
1533,Mal neo sigmoid colon
82010,Fx femur intrcap NOS-opn
1830,Malign neopl ovary
99963,Abo incompat/delay HTR
1981,Sec malig neo urin NEC
1879,Mal neo male genital NOS
8404,Sprain rotator cuff
V550,Atten to tracheostomy
1502,Mal neo abdomin esophag
36720,Astigmatism NOS
4571,Other lymphedema
7280,Infective myositis
85414,Opn brain inj-proln coma
4568,Varices of other sites
25071,DMI circ nt st uncntrld
V0739,Other prophylac chemothr
52561,Open restoration margins
E9040,Abandonment/lack of care
55003,Recur bil ing hern-gang
4771,Allergic rhinitis-food
48281,Pneumonia anaerobes
11515,Histoplasm dub pneumonia
73077,Polio osteopathy-ankle
81313,Monteggia's fx-open
37050,Interstit keratitis NOS
8241,Fx medial malleolus-open
25950,Androgen insensitvty NOS
3735,Infec dermatitis lid NEC
07812,Plantar wart
30272,Inhibited sex excitement
71960,Joint sympt NEC-unsp jt
9744,Poisoning-diuretics NEC
V3700,Mult brth NOS-hos w/o cs
E8249,N-traf brd/alit-pers NOS
E8137,Mv-oth veh coll-pedest
1536,Malig neo ascend colon
E8859,Fall from slipping NEC
20172,Hodg lymph deplet thorax
8670,Bladder/urethra inj-clos
2210,Ben neo fallopian tube
20225,Sezary's disease inguin
01632,TB urinary NEC-exam unkn
4439,Periph vascular dis NOS
51662,Pulm interstitl glycogen
7312,Hypertroph osteoarthrop
E8318,Boat inj NEC-person NEC
66391,Cord complicat NOS-deliv
2181,Intramural leiomyoma
71534,Loc osteoarth NOS-hand
20532,Myel sarcoma in relapse
01002,Prim TB complex-exm unkn
67513,Breast abscess-antepart
67422,Disrupt perin-del w p/p
07054,Chrnc hpt C wo hpat coma
94120,2nd deg burn head NOS
37991,Pain in or around eye
73734,Thoracogenic scoliosis
6109,Benign mamm dysplas NOS
37273,Conjunctival edema
9493,3rd degree burn NOS
E9041,Lack of food
20220,Szry dis unsp xtrndl org
1401,Mal neo lower vermilion
75269,Penile anomalies NEC
30423,Cocaine depend-remiss
9116,Foreign body trunk
63692,Illeg abort uncompl-comp
94121,2nd deg burn ear
2849,Aplastic anemia NOS
78342,Delayed milestones
81315,Fx radius head-open
24940,Sec DM renl nt st uncntr
85300,Traumatic brain hem NEC
E0062,Golf
37522,Epiphora d/t insuf drain
9999,Complic med care NEC/NOS
36563,Glaucoma w vascular dis
V7219,Exam ears & hearing NEC
V7212,Hearing conservatn/trtmt
V437,Limb replacement NEC
3554,Med popliteal nerve les
2349,Ca in situ NOS
2813,Megaloblastic anemia NEC
61681,"Mucositis cerv,vag,vulva"
1800,Malig neo endocervix
8244,Fx bimalleolar-closed
86331,Duodenum injury-open
632,Missed abortion
55841,Eosinophilic gastroent
53451,Chr margin ulc perf-obst
73341,Aseptic necrosis humerus
V1009,Hx of GI malignancy NEC
66820,Cns compl labor/del-unsp
90226,Inj brnch sup mesent art
V140,Hx-penicillin allergy
20927,Mal carcnoid hindgut NOS
79581,Elev ca-embryoic antigen
71225,Pyrophosph cryst-pelvis
0223,Anthrax septicemia
6164,Abscess of vulva NEC
8841,Open wound arm NOS-compl
E9489,Adv eff mix bact vaccine
9655,Poisoning-pyrazole deriv
E9301,Adv eff antifung antbiot
80033,Cl skull vlt fx-mod coma
3824,Suppur otitis media NOS
29411,Dementia w behavior dist
64181,Antepartum hem NEC-deliv
5791,Tropical sprue
E9392,Adv eff butyrophen tranq
64403,Thrt prem labor-antepart
4373,Nonrupt cerebral aneurym
71122,Behcet arthritis-up/arm
V5420,Aftrcare path fx arm NOS
V5482,Aftcr explantatn jt pros
63522,Leg ab w pelv damag-comp
8021,Nasal bone fx-open
2641,Vit A bitot's spot
36352,Tot circmpap choroid dys
63771,Ab NOS w compl NEC-inc
74739,Oth anom pul artery/circ
71613,Traum arthropath-forearm
83819,Dislocat foot NEC-open
80105,Cl skl base fx-deep coma
E9307,Adv eff antineop antbiot
63462,Spon abort w embol-comp
4299,Heart disease NOS
0040,Shigella dysenteriae
3559,Mononeuritis NOS
36900,Both eyes blind-who def
00800,Intest infec e coli NOS
V771,Screen-diabetes mellitus
07998,Chlamydial infection NOS
6253,Dysmenorrhea
67110,Varic vulva preg-unspec
66010,Bony pelv obstruc-unspec
59960,Urinary obstruction NOS
7508,Upper GI anomaly NEC
3141,Hyperkinet w devel delay
3019,Personality disorder NOS
1648,Mal neo mediastinum NEC
01143,TB lung fibros-micro dx
3207,Mening in oth bact dis
47826,Cyst pharynx/nasopharynx
01104,TB lung infiltr-cult dx
72292,Disc dis NEC/NOS-thorac
E8450,Spacecraft acc-occupant
38845,Acq auditory process dis
3912,Ac rheumatic myocarditis
4130,Angina decubitus
71811,Loose body-shlder
94115,1st deg burn nose
3308,Cereb degen in child NEC
37158,Post cornea dystrphy NEC
38014,Malignant otitis externa
83401,Disloc metacarpophaln-cl
E8301,Boat acc w submers-power
80185,Op skl base fx-deep coma
01760,TB of adrenal-unspec
67190,Ven compl preg NOS-unsp
36283,Retinal edema
67154,Thrombosis NEC-postpart
E9270,Overxrt-sudn stren mvmt
4519,Thrombophlebitis NOS
36131,Round hole of retina
29421,Demen NOS w behav distrb
75565,Macrodactylia of toes
86404,"Liver laceration, major"
20266,Mal mastocytosis pelvic
0955,Syphilis of bone
01661,TB ovary & tube-no exam
63751,Abort NOS w shock-inc
17342,Sqam cell ca sclp/skn nk
23874,Myelodyspls syn w 5q del
E9680,Assault-fire
71992,Joint dis NOS-up/arm
09489,Neurosyphilis NEC
66191,Abnormal labor NOS-deliv
45352,Ch DVT/embl dstl low ext
36815,Visual distortions NEC
30285,"Gend iden dis,adol/adult"
65494,Abn pelv org NEC-postpar
90224,Injury celiac axis NEC
42651,Rt bbb/lft post fasc blk
1431,Malig neo lower gum
V1322,Hx of cervical dysplasia
37456,Degen dis eyelid NEC
2768,Hypopotassemia
E966,Assault-cutting instr
20491,Uns lym leuk w rmsion
99683,Compl heart transplant
V2652,Vasectomy status
74357,Optic disc anomalies
5981,Traum urethral stricture
7105,Eosinophilia myalgia snd
1175,Cryptococcosis
1898,Mal neo urinary NEC
3149,Hyperkinetic synd NOS
80135,Cl skl base fx-deep coma
66522,Invers uterus-del w p/p
37433,Mechanical ptosis
37800,Esotropia NOS
2380,Unc behav neo bone
01193,Pulmon TB NOS-micro dx
20480,Oth lym leu wo achv rmsn
78441,Aphonia
7527,Indeterminate sex
86351,Ascending colon inj-open
3431,Congenital hemiplegia
1848,Mal neo female genit NEC
2461,Dyshormonogenic goiter
79519,Oth abn Pap smr vag/HPV
1535,Malignant neo appendix
37915,Ring staphyloma
5121,Iatrogenic pneumothorax
8791,Open wound breast-compl
94324,2nd deg burn axilla
0512,Contagious pustular derm
V733,Screening for rubella
36132,Horseshoe tear of retina
20021,Burkitt's tumor head
0210,Ulceroglandul tularemia
01182,Pulmon TB NEC-exam unkn
99674,Comp-oth vasc dev/graft
7795,NB drug withdrawal syndr
99970,Rh incompat reaction NOS
67632,Breast dis NEC-del w p/p
20512,Chr myel leuk in relapse
67191,Venous compl NOS-deliver
V4973,Status amput foot
V6102,Fmily dsrpt-ret military
67623,Breast engorge-antepart
1122,Candidias urogenital NEC
94351,3rd burn w loss-forearm
80517,Fx c7 vertebra-open
51900,Tracheostomy comp NOS
E0022,Water polo
5583,Allrgic gastro & colitis
01162,TB pneumonia-exam unkn
94870,70-79% bdy brn/3 deg NOS
538,GI mucositis (ulceratve)
E9674,Battering by child
3551,Meralgia paresthetica
36271,Ret dystrph in lipidoses
86504,Spleen disruption-clos
E8227,Oth coll mov obj-pedest
3869,Vertiginous synd NOS
9648,Poisoning-blood agt NEC
80708,Fx eight/more rib-closed
73710,Kyphosis NOS
20931,Merkel cell ca-face
E8766,Proc-pt not sched surg
7395,Somat dysfunc pelvic reg
47870,Disease of larynx NOS
36474,Pupillary membranes
E8542,Acc poisn-psychstimulant
34590,Epilep NOS w/o intr epil
3899,Hearing loss NOS
67604,Retract nipple-postpart
01236,TB laryngitis-oth test
7861,Stridor
64870,Bone disord in preg-unsp
29289,Drug mental disorder NEC
7391,Somat dysfunc cervic reg
20260,Mlg mast unsp xtrndl org
E9464,Adv eff hair/scalp prep
32713,Recurrent hypersomnia
94864,60-69% bdy brn/40-49% 3d
3090,Adjustmnt dis w depressn
81613,"Fx mult phalan, hand-opn"
58289,Chronic nephritis NEC
9878,Toxic eff gas/vapor NEC
5689,Peritoneal disorder NOS
74403,Middle ear anomaly NEC
53460,Chr margin ulc hem/perf
37822,Intermit altrn esotropia
3131,Misery & unhappiness dis
64310,Hyperem w metab dis-unsp
E9684,Assault-criminal neglect
E8501,Acc poison-methadone
99680,Comp organ transplnt NOS
75731,Cong ectodermal dysplas
36520,Prim angl-clos glauc NOS
E8902,Priv dwel fire-fumes NOS
42682,Long QT syndrome
71858,Ankylosis-joint NEC
37752,Opt chiasm dis/neopl NEC
V609,Housing/econo circum NOS
8364,Dislocation patella-open
V4575,Acq absence of stomach
01402,TB peritonitis-exam unkn
65221,Breech presentat-deliver
6805,Carbuncle of buttock
32729,Organic sleep apnea NEC
E9327,Adv eff thyroid & deriv
V1580,Hx failed mod sedation
01486,Intestin TB NEC-oth test
3071,Anorexia nervosa
8797,Open wnd trunk NEC-compl
80002,Cl skull vlt fx-brf coma
83210,Dislocat elbow NOS-open
01391,Cns TB NOS-no exam
38901,Conduc hear loss ext ear
E8712,Postperfusion forgn body
80003,Cl skull vlt fx-mod coma
64901,Tobacco use disor-delliv
37840,Heterophoria NOS
31534,Speech del d/t hear loss
1642,Mal neo ant mediastinum
7290,Rheumatism NOS
7677,Nerve inj NEC at birth
V7241,Pregnancy test negative
38843,Impairm auditory discrim
71528,Loc 2nd osteoarthros NEC
62921,Genital mutilatn type I
86131,Lung contusion-open
V558,Attn to artif open NEC
11513,Histoplasm dub pericard
6235,Noninfect vag leukorrhea
9058,Late effec tendon injury
V1352,Hx stress fracture
68110,"Cellulitis, toe NOS"
85245,Extradural hem-deep coma
81412,"Fx lunate, wrist-open"
V022,Amebiasis carrier
5278,Salivary gland dis NEC
78936,Abdmnal mass epigastric
E8538,Acc poisn-tranquilzr NEC
8842,Opn wnd arm NOS w tendon
7818,Neurologic neglect syndr
36411,Chr iridocyl in oth dis
87369,Open wound mouth NEC
73080,Bone infect NEC-unspec
2305,Ca in situ anal canal
30461,Drug depend NEC-contin
1123,Cutaneous candidiasis
86610,Kidney injury NOS-open
05313,Postherpes polyneuropath
94342,Deep 3 deg burn elbow
4464,Wegener's granulomatosis
73012,Chr osteomyelit-up/arm
37932,Subluxation of lens
2949,Mental disor NOS oth dis
36834,Abn retina correspond
9134,Insect bite forearm
V690,Lack of physical exercse
7136,Arthrop w hypersen react
85142,Cerebell contus-brf coma
0417,Pseudomonas infect NOS
2661,Vitamin b6 deficiency
83941,Dislocat coccyx-closed
36505,Opn ang w brdrlne hi rsk
E9314,Adv eff antimalarials
V8709,Cntct/exp hazrd metl NEC
36308,Periph focal retinitis
2325,Ca in situ skin trunk
64884,Abn glucose-postpartum
75611,Lumbosacr spondylolysis
3341,Hered spastic paraplegia
85201,Subarachnoid hem-no coma
80091,Opn skul vlt fx w/o coma
6826,Cellulitis of leg
29533,Paran schizo-subchr/exac
1254,Dipetalonemiasis
20037,Margin zone lymph spleen
36863,Abn dark adaptat curve
7104,Polymyositis
38162,Intrinsic eustach obstr
5523,Diaphragm hernia w obstr
94225,2nd deg burn genitalia
E8126,Mv coll NOS-ped cycl
2521,Hypoparathyroidism
44770,"Aortic ectasia, site NOS"
2370,Unc behav neo pituitary
72252,Lumb/lumbosac disc degen
33511,Kugelberg-welander dis
87323,Open wound nasal sinus
3582,Toxic myoneural disorder
V6284,Suicidal ideation
V691,Inapprt diet eat habits
36029,Degenerative globe NEC
62134,Ben endomet hyperplasia
2703,Bran-chain amin-acid dis
7292,Neuralgia/neuritis NOS
E8103,Mv-train coll-mcycl psgr
59080,Pyelonephritis NOS
36189,Retinal detachment NEC
48230,Streptococcal pneumn NOS
70725,"Pressure ulcer,unstagebl"
65963,Elderly multigravd-antep
82123,Supracondyl fx femur-cl
34431,Monplga lwr lmb dmnt sde
72633,Olecranon bursitis
2571,Postablat testic hypofun
32301,Enceph/encephmye oth dis
E8247,N-traf brd/alit-pedest
52181,Cracked tooth
99645,Periprosthetc osteolysis
64681,Preg compl NEC-delivered
29900,Autistic disord-current
E8654,Acc poison-plants NEC
E9938,War inj:explosion NEC
36065,FB in posterior wall
E9436,Adv eff emetics
90454,Inj post tibial vein
E9655,Assault-antiperson bomb
7937,Nonsp abn find-ms system
82012,"Fx femur, midcervic-open"
E8344,W/craft fall NEC-skier
7673,Bone injury NEC at birth
V551,Atten to gastrostomy
E9292,Late eff acc poisoning
74344,Anom anter chamber-eye
V790,Screening for depression
52473,Alveolar maxil hypoplsia
66813,Heart complic-antepart
71633,Climact arthrit-forearm
2922,Pathologic drug intox
V8289,Screen for condition NEC
81241,Suprcondyl fx humerus-cl
80335,Cl skul fx NEC-deep coma
4466,Thrombot microangiopathy
E0140,Caregiving-bathing
64120,Prem separ placen-unspec
71655,Polyarthritis NOS-pelvis
75512,Syndactyl fing w fusion
01886,Miliary TB NEC-oth test
1141,Prim cutan coccidioid
53471,Chr marginal ulc NOS-obs
E8719,Post-op foreign body NOS
V742,Screening for leprosy
87200,Opn wound extern ear NOS
E8339,W/crf stair fall-per NOS
64670,Liver/bil trct disr-unsp
E9470,Adv eff dietetics
7049,Hair disease NOS
9557,Inj nerve shldr/arm NEC
5063,Fum/vap ac resp cond NEC
V0183,E. coli contact/exp
29525,Catatonia-remission
E8363,Machinery acc-pasngr
20060,Anaplastic lymph xtrndl
5401,Abscess of appendix
2468,Disorders of thyroid NEC
5834,Rapidly prog nephrit NOS
71291,Cryst arthrop NOS-shldr
8243,Fx lateral malleolus-opn
80614,C1-c4 fx-op/cord inj NEC
33392,Neuroleptic malgnt synd
4272,Parox tachycardia NOS
73085,Bone infect NEC-pelvis
87402,Open wound of trachea
80320,Cl skl fx NEC/mening hem
80483,Opn skul/oth fx-mod coma
70900,"Dyschromia, unspecified"
01302,TB meningitis-exam unkn
64922,Bariatric surg-del w p/p
E8121,Mv collision NOS-pasngr
74921,Unil cleft palat/lip-com
E9672,Abuse by mther/stpmth/gf
34673,Ch mgr wo ara w ntr w st
66063,Fail trial lab NOS-antep
4732,Chr ethmoidal sinusitis
64693,Preg compl NOS-antepart
36351,Prt circmpap choroid dys
E897,Burn acc not in bldg
63700,Abort NOS w pel inf-unsp
90453,Inj post tibial artery
0051,Botulism food poisoning
71137,Dysenter arthrit-ankle
E8584,Acc poison-gi agent
80222,Subcondylar fx mandib-cl
E9922,War inj:marine mines
E8352,Wtrcraft fall NOS-crew
64873,Bone disorder-antepartum
7773,Swallowed blood syndrome
80849,Pelvic fracture NEC-clos
9951,Angioneurotic edema
74429,Ear anomalies NEC
932,Foreign body in nose
E8314,Boat acc inj NEC-skier
9212,Contusion orbital tissue
V5049,Prphylct orgn rmvl other
99699,Compl reattach part NEC
1120,Thrush
3303,Cerb deg chld in oth dis
52114,Excess attrition-local
E9481,Adv eff typhoid vaccine
E8748,Instrmnt fail-proced NEC
73311,Path fx humerus
75550,Upper limb anomaly NOS
85206,Subarach hem-coma NOS
V9110,Tripl gest-plac/sac NOS
2361,Unc behav neo placenta
38831,Subjective tinnitus
38002,Chr perichondritis pinna
67801,Fetal hematologic-deliv
36264,Senile reticular degen
09320,Syphil endocarditis NOS
38912,"Neural hearng loss,bilat"
64260,Eclampsia-unspecified
05471,Visceral herpes simplex
6160,Cervicitis
V189,Fam hx genet dis carrier
29561,Schizoph dis resid-subch
2782,Hypervitaminosis a
37063,Deep vasculariza cornea
6198,Fem genital fistula NEC
72706,Tenosynovitis foot/ankle
E8849,Fall-1 level to oth NEC
37153,Granular cornea dystrphy
80451,Opn skul/oth fx w/o coma
29542,Schizophren dis-chronic
2375,Unc beh neo brain/spinal
56944,Dysplasia of anus
36604,Nuclear cataract
V5865,Long-term use steroids
E8430,Fall-occ spacecraft
V4500,Status cardc dvce unspcf
3239,Encephalitis NOS
3759,Lacrimal syst dis NOS
36816,Psychophysic visual dist
8788,Open wound genital NEC
1608,Mal neo access sinus NEC
7604,Matern nutrit dis aff NB
71181,Inf arthritis NEC-shlder
45119,Deep phlebitis-leg NEC
32730,Circadian rhym sleep NOS
E8368,Machinery acc-pers NEC
2869,Coagulat defect NEC/NOS
2302,Ca in situ stomach
74409,Ear anom NEC/impair hear
71959,Jt stiffness NEC-mult jt
0501,Alastrim
9099,Late eff exter cause NEC
66081,Obstruct labor NEC-deliv
86354,Sigmoid colon inj-open
82021,Intertrochanteric fx-cl
36543,Glauc w ant seg anom NEC
20222,Sezary's disease thorax
99881,Emphysema rsult frm proc
V713,Observ-work accident
220,Benign neoplasm ovary
E8784,Abn react-plast surg NEC
64923,Bariatrc surg stat-antep
20034,Margin zone lym axilla
83204,Lat disloc elbow-closed
37589,Lacrimal syst dis NEC
90222,Injury hepatic artery
85234,Opn subdur hem-prol coma
1876,Mal neo spermatic cord
V2881,Scrn fetal anatmc survey
74343,Cong corneal opacit NEC
4871,Flu w resp manifest NEC
17309,Malig neo skin lip NEC
V1504,Hx-seafood allergy
32361,Inf ac dis encephalomyel
E8013,RR coll w oth obj-cycl
E9800,Undeterm pois-analgesics
66883,Anesth compl antepartum
6824,Cellulitis of hand
V372,Mult birth NOS-nonhosp
20141,Hodg lymph-histio head
3694,Legal blindness-usa def
73088,Bone infect NEC-oth site
20164,Hodgkins mix cell axilla
7888,Extravasation of urine
81203,Fx gr tuberos humerus-cl
20967,Ben crcnoid hindgut NOS
20954,Ben crcinoid trans colon
36650,After-cataract NOS
32710,Organic hypersomnia NOS
38089,Dis external ear NEC
8271,Fx lower limb NEC-open
74443,Cervical auricle
2399,Neoplasm NOS
37170,Corneal deformity NOS
53130,Acute stomach ulcer NOS
77011,Meconium asp wo resp sym
V285,Screen-isoimmunization
52132,Erosion-dentine
73398,Stress fx pelvis
60781,Balanitis xerotica oblit
71782,Old disrupt med collat
9698,Poison-psychotropic NEC
1801,Malig neo exocervix
9853,Toxic effect beryllium
1562,Mal neo ampulla of vater
5376,Hourglass stricture stom
78032,Complx febrile convulsns
27950,Graft-versus-host NOS
V617,Unwanted pregnancy NEC
53391,Peptic ulcer NOS-obstruc
94531,3rd deg burn toe
99559,Child abuse/neglect NEC
57141,Chr persistent hepatitis
66572,Pelvic hematom-del w pp
56986,"Dieulafoy les, intestine"
80365,Opn skl fx NEC-deep coma
43885,Vertigo
5772,Pancreat cyst/pseudocyst
0232,Brucella suis
71914,Hemarthrosis-hand
36002,Panophthalmitis
77210,NB intraven hem NOS
01330,TB brain abscess-unspec
36453,Pigment iris degenerat
63390,Ect preg NOS w/o int prg
66480,Ob perin traum NEC-unsp
8208,Fx neck of femur NOS-cl
20720,Mgkrcyt leuk wo ach rmsn
63532,Leg abor w ren fail-comp
V589,Aftercare NOS
6072,"Inflam dis, penis NEC"
E9497,Adv eff mixed viral-bact
23770,Neurofibromatosis NOS
78459,Speech disturbance NEC
E9426,Adv eff antihyperten agt
76427,Fetal malnutr 1750-1999g
53111,Ac stom ulc w perf-obst
38635,Viral labyrinthitis
5670,Peritonitis in infec dis
E8728,Fail sterile proced NEC
5552,Reg enterit sm/lg intest
28269,Hb-SS dis NEC w crisis
4210,Ac/subac bact endocard
71535,Loc osteoarth NOS-pelvis
75612,Spondylolisthesis
V810,Scrn-ischemic heart dis
E9589,Injury-NOS
769,Respiratory distress syn
9940,Effects of lightning
2640,Vit A conjunctiv xerosis
60010,Nod prostate w/o ur obst
76426,Fetal mal 1500-1749g
63502,Leg abor w pelv inf-comp
85170,Cerebel lacer w open wnd
31401,Attn deficit w hyperact
20215,Mycosis fungoides inguin
96970,Pois psychostimulant NOS
66814,Heart complic-postpart
7915,Glycosuria
4650,Acute laryngopharyngitis
9641,Poison-liver/antianemics
66100,Prim uterine inert-unsp
94231,3rd deg burn breast
4449,Arterial embolism NOS
59971,Gross hematuria
E9913,War inj:antiperson bomb
V035,Vaccin for diphtheria
65653,Poor fetal grth-antepart
53220,Ac duoden ulc w hem/perf
67032,Prp sptc thrmb-del w p/p
1307,Toxoplasmosis site NEC
96502,Poisoning-methadone
65444,Abn uterus NEC-postpart
72767,Rupture achilles tendon
9409,Burn eye & adnexa NOS
64520,Prolonged preg-unsp
01172,TB pneumothorx-exam unkn
75566,Anomalies of toes NEC
80313,Cl skull fx NEC-mod coma
1920,Mal neo cranial nerves
V717,Obs-susp cardiovasc dis
V2629,Investigate & test NEC
V242,Rout postpart follow-up
V1090,Hx malig neoplasm NOS
64882,Abn glucose-deliv w p/p
V121,Hx-nutrition deficiency
E9802,Undet pois-sed/hypn NEC
85223,Subdural hemorr-mod coma
V3301,Twin-NOS-in hosp w cs
6941,Subcorneal pust dermatos
V0381,Nd vac hmophlus inflnz b
1884,Mal neo bladder-post
29602,Bipol I single manic-mod
01736,TB of eye-oth test
5649,Funct dis intestine NOS
9802,Toxic eff isopropyl alc
1919,Malig neo brain NOS
67811,Fetal conjoin twins-del
29522,Catatonia-chronic
E9319,Adv eff antinfct NEC/NOS
78093,Memory loss
5409,Acute appendicitis NOS
36915,One eye-mod/oth-blind
42099,Acute pericarditis NEC
7766,Anemia of prematurity
1320,Pediculus capitis
3021,Zoophilia
85171,Opn cerebel lac w/o coma
85319,Brain hem opn-concussion
938,Foreign body GI NOS
E9919,War inj:fragments NEC
17399,Oth mal neo skn site NOS
64090,Hemorr early preg-unspec
67612,Cracked nipple-del w p/p
71589,Osteoarthrosis-mult site
70400,Alopecia NOS
71691,Arthropathy NOS-shlder
E8250,Mv n-traff acc NEC-driv
4878,Flu w manifestation NEC
53531,Alchl gstritis w hmrhg
V1549,Psychological trauma NEC
5064,Fum/vapor chr resp cond
2250,Benign neoplasm brain
2180,Submucous leiomyoma
52410,Unspcf anm jaw cranl bse
82111,Fx femur shaft-open
01212,TB thorax node-exam unkn
E9883,Undeterm circ-extrm cold
71785,Old disrupt knee lig NEC
36110,Retinoschisis NOS
34441,Monplga upr lmb dmnt sde
9195,Insect bite NEC-infected
1570,Mal neo pancreas head
94259,3rd brn w loss-trunk NEC
7453,Common ventricle
6821,Cellulitis of neck
4565,Pelvic varices
44024,Ath ext ntv art gngrene
31509,Reading disorder NEC
E8176,Mv brd/alight-ped cycl
9538,Mult nerve root/plex inj
73642,Genu varum
V9103,Twin gest-dich/diamniotc
94831,30-39% bdy brn/10-19% 3d
2385,Mastocytoma NOS
71939,Palindrom rheum-mult jts
80605,C5-c7 fx-cl/cord inj NOS
37643,Orbt deform d/t bone dis
8731,Open wound scalp-compl
9725,Poison-vasodilator NEC
8026,Fx orbital floor-closed
0050,Staph food poisoning
33900,Cluster headache syn NOS
1101,Dermatophytosis of nail
75236,Arcuate uterus
E9794,"Terrorism, firearms"
29621,Depress psychosis-mild
85132,Opn cortx lac-brief coma
7015,Abnormal granulation NEC
69282,Dermatitis oth radiation
V1051,Hx of bladder malignancy
37414,Cicatricial ectropion
7946,Abn endocrine study NEC
05320,Herpes zoster of eyelid
E9855,Undeterm circ-explosive
63452,Spon abort w shock-comp
1305,Toxoplasma hepatitis
20942,Benign carcinoid jejunum
01400,TB peritonitis-unspec
9086,Late eff complic trauma
5820,Chr proliferat nephritis
3023,Transvestic fetishism
36060,Intraocular FB NOS
3674,Presbyopia
4269,Conduction disorder NOS
5715,Cirrhosis of liver NOS
V5631,Hemodialysis testing
37264,Scarring of conjunctiva
11591,Histoplasmosis meningit
29501,Simpl schizophren-subchr
7246,Disorders of sacrum
V1522,Hx in utero proc fetus
9491,1st degree burn NOS
71139,Dysenter arthrit-mult
7732,NB hemolyt dis-isoim NEC
87360,Open wound of mouth NOS
2728,Lipoid metabol dis NEC
V5424,Aftrcare path fx leg NOS
71230,Chondrocalcin NOS-unspec
36845,Gen visual contraction
2548,Diseases of thymus NEC
71886,Jt derangement NEC-l/leg
66434,Del w 4 deg lac-postpart
01110,TB lung nodular-unspec
20275,Periph T cell lym inguin
30981,Posttraumatic stress dis
37714,Cupping of optic disc
E9979,War inj-unconven war NOS
V194,Family hx-skin condition
29585,Schizophrenia NEC-remiss
9125,Insect bite shld/arm-inf
V5877,Aft surg skin/subcu NEC
E9499,Adv eff biologic NEC/NOS
41406,Cor ath natv art tp hrt
36460,Idiopathic cysts
6018,Prostatic inflam dis NEC
3533,Thoracic root lesion NEC
36506,Prim angle clos w/o dmg
64792,Infect NOS-deliver w p/p
E8389,Wtrcrft acc NEC-pers NOS
20711,Chr erythrm w remision
E8615,Acc poison-lead paints
9136,Foreign body forearm
99960,Abo incompat react NOS
80342,Cl skull fx NEC-brf coma
67204,Puerp pyrexia-postpartum
94249,Deep 3rd burn trunk NEC
71743,Derang post lat meniscus
66824,Cns compl in del-postpar
65921,Pyrexia in labor-deliver
57420,Cholelithiasis NOS
42610,Atriovent block NOS
83931,Disloc thoracic vert-opn
07981,Hantavirus infection
0329,Diphtheria NOS
9723,Pois-ganglion block agt
1270,Ascariasis
9494,Deep 3rd deg burn NOS
71162,Mycotic arthritis-up/arm
9882,Tox eff berry/plant NEC
80152,Opn skl base fx-brf coma
64321,Late vomit of preg-deliv
85110,Cortex contusion/opn wnd
3229,Meningitis NOS
36050,"Old magnet fb, eye NOS"
20073,Large cell lymph abdom
99592,Severe sepsis
73679,Acq ankle-foot def NEC
11594,Histoplasmosis endocard
31382,Identity disorder
6207,Broad ligament hematoma
E851,Acc poison-barbiturates
36282,Retina exudates/deposits
81308,Fx up radius w ulna-clos
V449,Artif open status NOS
2867,Acq coagul factor defic
75563,Cong hip deformity NEC
1458,Malig neoplasm mouth NEC
2783,Hypercarotinemia
7790,Convulsions in newborn
29611,Recur manic dis-mild
V4365,Joint replaced knee
78967,Abdmnal tndr generalized
22809,Hemangioma NEC
94243,Deep 3rd burn abdom wall
36523,Chr angle-clos glaucoma
V559,Attn to artif open NOS
9191,Abrasion NEC-infected
9938,Effect air pressure NEC
83914,Disloc 4th cerv vert-opn
78609,Respiratory abnorm NEC
45376,Ch embl internl jug vein
64751,Rubella-delivered
7942,Abn pulmonary func study
1978,Sec mal neo GI NEC
9565,Inj nerve pelv/leg NEC
80166,Opn skl base fx-coma NOS
V665,Convalescence NEC
01615,TB of bladder-histo dx
01142,TB lung fibros-exam unkn
7385,Other acq back deformity
80226,Fx symphy mandib body-cl
01651,TB male gen NEC-no exam
90189,Inj thoracic vessel NEC
4375,Moyamoya disease
V0950,Inf mcr rst qn flr nt ml
1710,Mal neo soft tissue head
7994,Cachexia
09042,Congen syph meningitis
99681,Compl kidney transplant
5259,Dental disorder NOS
4419,Aortic aneurysm NOS
74353,Cong chorioretinal degen
20612,Chr mono leuk in relapse
25083,DMI oth uncntrld
32709,Organic insomnia NEC
79417,Abnorm electromyogram
99659,Malfunc oth device/graft
36470,Adhesions of iris NOS
E9921,War inj:depth charge
20680,Ot mono leu wo achv rmsn
E916,Struck by falling object
37421,Paralytic lagophthalmos
76405,Lt-for-dates 1250-1499g
2581,Comb endocr dysfunct NEC
9167,Foreign bdy hip/leg-inf
6119,Breast disorder NOS
0654,Mosquito-borne hem fever
65281,Malposition NEC-deliver
71907,Joint effusion-ankle
73020,Osteomyelitis NOS-unspec
V2383,Suprv young primigravida
5372,Chronic duodenal ileus
2321,Ca in situ eyelid
2318,Ca in situ resp sys NEC
64753,Rubella-antepartum
37031,Phlycten keratoconjunct
37885,Anomalies of divergence
0842,Quartan malaria
6258,Fem genital symptoms NEC
24960,Sec DM neuro nt st uncn
8082,Fracture of pubis-closed
79095,Elev C-reactive protein
64673,Liver/bil trct disr-ante
38300,Ac mastoiditis w/o compl
7080,Allergic urticaria
78833,Mixed incontinence
92321,Contusion of wrist
V1091,Hx malig neuroendo tumor
40519,Benign second hypert NEC
62135,Endomet intraepithl neop
01745,TB of ear-histo dx
34401,"Quadrplg c1-c4, complete"
80013,Cl skull vlt fx-mod coma
E8642,Acc poisn-caustic alkali
E9600,Unarmed fight or brawl
80085,Opn skl vlt fx-deep coma
V6404,No vaccin-allergy to vac
5564,Pseudopolyposis colon
09950,Oth VD chlm trch unsp st
E8600,Acc poisn-alcohol bevrag
36235,Cent retinal vein occlus
0864,Rhodesian trypanosomias
64100,Placenta previa-unspec
75321,Congen obst urtroplv jnc
20237,Mal histiocytosis spleen
E9478,Adv eff medicinal NEC
9765,Pois-eye anti-infec/drug
20962,Benign carcinoid thymus
0845,Mixed malaria
7094,Foreign body granul-skin
99550,Child abuse NOS
92703,Crushing inj upper arm
2822,Glutathione dis anemia
4431,Thromboangiit obliterans
80319,Cl skull fx NEC-concuss
64613,Edema in preg-antepartum
9768,Pois-skin/membr agnt NEC
0023,Paratyphoid fever c
71602,Kaschin-beck dis-up/arm
64654,Asy bacteriuria-postpart
3383,Neoplasm related pain
81383,Fx radius w ulna NOS-cl
94235,3rd deg burn genitalia
1987,Second malig neo adrenal
11595,Histoplasmosis pneumonia
E8610,Acc pois-synth detergent
01616,TB of bladder-oth test
2148,Lipoma NEC
31203,Unsocial aggress-severe
48232,Pneumonia strptococcus b
66011,Bony pelv obstruct-deliv
32719,Organic hypersomnia NEC
23876,Myelofi w myelo metaplas
17340,Mal neo sclp/skn nck NOS
E8304,Boat submers-water skier
81240,Fx lower humerus NOS-cl
32736,Circadian rhy-shift work
82130,Fx low end femur NOS-opn
37055,Corneal abscess
E8846,Fall from commode
74364,Spec lacrimal gland anom
34831,Metabolic encephalopathy
28659,Ot hem d/t circ anticoag
E8052,Hit by train-pedestrian
11511,Histoplasm dubois mening
E9882,Undeterm circ-scald
20226,Sezary's disease pelvic
69271,Sunburn
9752,Pois-skelet muscle relax
94314,1st deg burn axilla
9821,Toxic eff carbon tetrach
66360,Vasc lesion cord-unspec
37842,Exophoria
78702,Nausea alone
41042,"AMI inferior wall,subseq"
78966,Abdmnal tndr epigastric
52542,"Comp edentulism,class II"
V7102,Obsv-adolesc antisoc beh
E8705,Acc cut/hem w catheteriz
20267,Mal mastocytosis spleen
2448,Acquired hypothyroid NEC
E8637,Acc poison-rodenticides
37024,Photokeratitis
63670,Illg ab w compl NEC-unsp
V8271,Screen-gentc dis carrier
V447,Artificial vagina status
01655,TB male gen NEC-histo dx
1980,Second malig neo kidney
9168,Superfic inj hip/leg NEC
E0199,Animal care NEC
V1069,Hx of leukemia NEC
71196,Inf arthrit NOS-l/leg
92302,Contusion axillary reg
V8749,Hx drug therapy NEC
77085,Stomch cont asp w/o resp
E8419,Aircrft acc NOS-pers NEC
81101,"Fx scapul, acrom proc-cl"
20252,Letterer-siwe dis thorax
2738,Dis plas protein met NEC
01232,TB laryngitis-exam unkn
9949,Effect external caus NEC
36610,Senile cataract NOS
45912,Postphlebtc syn w inflam
5754,Perforation gallbladder
2894,Hypersplenism
7170,Old bucket tear med men
01576,TB of bone NEC-oth test
36471,Posterior synechiae
0880,Bartonellosis
86120,Lung injury NOS-closed
20166,Hodgkins mix cell pelvic
94450,3rd brn w loss-hand NOS
7457,Cor biloculare
88003,Open wound of upper arm
E970,Legal intervent-firearm
09485,Syph retrobulb neuritis
52461,Adhesns/ankylosis - TMJ
99952,Ot serum react d/t vacc
66021,Abn pelv tis obstr-deliv
E8229,Oth coll mov obj-per NOS
5680,Peritoneal adhesions
V1002,Hx-oral/pharynx malg NEC
E8541,Acc poison-hallucinogens
64640,Neuritis of preg-unspec
30580,Antidepress abuse-unspec
E8383,Watercrft acc NEC-pasngr
7310,Osteitis deformans NOS
3970,Tricuspid valve disease
3344,Cerebel atax in oth dis
9075,Lt eff nerv inj pelv/leg
6239,Noninflam dis vagina NOS
59981,Urethral hypermobility
33390,Extrapyramidal dis NOS
V131,Hx-trophoblastic disease
94442,Deep 3 deg burn thumb
V142,Hx-sulfonamides allergy
72670,Ankle enthesopathy NOS
36043,Hemophthalmos
E9011,"Excessive cold, man-made"
83901,Disloc 1st cerv vert-cl
1528,Mal neo small bowel NEC
45374,Ch emblsm axillary veins
E8371,Explosion-occ power boat
56962,Colosty/enter comp-mech
V277,"Del-mult birth, all sb"
5374,Gastric/duodenal fistula
30922,Emancipation disorder
01204,TB pleurisy-cult dx
E9915,War inj:prsn-brn fragmnt
8068,Vert fx NOS-cl w crd inj
07799,Unsp ds conjuc viruses
E8001,RR coll NOS-passenger
4414,Abdom aortic aneurysm
E8219,Oth off-road mv-pers NOS
20205,Nodular lymphoma inguin
V029,Carrier NEC
85400,Brain injury NEC
52553,"Part edentulsm,class III"
99949,Anaph react d/t ot serum
20892,Leukemia NOS in relapse
9991,Air embol comp med care
9779,Poison-medicinal agt NOS
41404,Cor ath artry bypas grft
452,Portal vein thrombosis
40509,Mal second hyperten NEC
1202,Schistosoma japonicum
78933,Abdmnal mass rt lwr quad
94107,Burn NOS face NEC
1480,Mal neo postcricoid
83119,Disloc shoulder NEC-open
94438,3rd deg burn hand-mult
42821,Ac systolic hrt failure
65303,Pelv deform NOS-antepart
56882,Peritoneal effusion
V7399,Scrn unspcf viral dis
1727,Malig melanoma leg
52411,Maxillary asymmetry
73038,Periostitis NEC
29554,Latent schizo-chr/exacer
80384,Opn skl fx NEC-prol coma
8362,Tear meniscus NEC-curren
7102,Sicca syndrome
E9265,Radioact isotope exposur
71532,Loc osteoarth NOS-up/arm
37946,Tonic pupillary reaction
7597,Mult congen anomal NEC
94893,90% + bdy brn/30-39% 3rd
64941,Epilepsy-delivered
81351,Colles' fracture-open
36300,Focal chorioretinit NOS
2411,Nontox multinodul goiter
6823,Cellulitis of arm
37021,Punctate keratitis
7847,Epistaxis
V7283,Oth spcf preop exam
25541,Glucocorticoid deficient
1233,Taeniasis NOS
20956,Ben carcinoid sig colon
01221,Isol tracheal tb-no exam
75329,Obst def ren plv&urt NEC
52809,Stomatits & mucosits NEC
0624,Australian encephalitis
85236,Opn subdur hem-coma NOS
17350,Malig neo skin trunk NOS
20256,Letterer-siwe dis pelvic
36305,Juxtapap focal retinitis
V9102,Twin gest-monochr/diamni
71847,Jt contracture-ankle
01693,Gu TB NOS-micro dx
V371,Mult brth NOS-before adm
82535,Fx metatarsal-open
81251,Supracondyl fx humer-opn
E8234,Oth coll stnd obj-st car
63381,Ectpc prg NEC w int preg
64652,Asy bacteruria-del w p/p
85216,Op subarach hem-coma NOS
1719,Mal neo soft tissue NOS
01593,TB bone/jt NOS-micro dx
69279,Oth dermatitis solar rad
86500,Spleen injury NOS-closed
0551,Postmeasles pneumonia
38910,Sensorneur hear loss NOS
7769,NB hematological dis NOS
7812,Abnormality of gait
3499,Cns disorder NOS
E9092,Acc d/t avalanche
9651,Poisoning-salicylates
66804,Pulm complicat-postpart
71618,Traum arthropathy NEC
81612,"Fx distal phal, hand-opn"
79415,Abn auditory funct study
1515,Mal neo stom lesser curv
04672,Fatal familial insomnia
17382,Sqm cell ca skn site NEC
9889,Tox eff noxious food NOS
E8200,Snow veh acc-driver
481,Pneumococcal pneumonia
85136,Opn cortx lacer-coma NOS
80445,Cl skul/oth fx-deep coma
V4451,Cutaneous-vesicos status
7833,Feeding problem
2760,Hyperosmolality
92700,Crush inj shoulder reg
E8118,Reentrant coll-pers NEC
5225,Periapical abscess
32081,Anaerobic meningitis
55203,Rec bil fem hern w obstr
9112,Blister trunk
E9531,Injury-suff w plas bag
9946,Motion sickness
7283,Muscle disorders NEC
9611,Pois-arsenic anti-infec
0069,Amebiasis NOS
8483,Sprain of ribs
E0075,Soccer
E887,"Fracture, cause NOS"
65371,Oth abn fet dispro-deliv
85202,Subarach hem-brief coma
92310,Contusion of forearm
9801,Toxic eff methyl alcohol
86399,GI injury NEC-open
2903,Senile delirium
V0260,Viral hep carrier NOS
E8270,Animal drawn veh-pedest
78652,Painful respiration
V593,Bone marrow donor
66803,Pulm complicat-antepart
94891,90% + bdy brn/10-19% 3rd
V798,Screen-mental dis NEC
94422,2nd deg burn thumb
67084,Maj puerp infec NEC-p/p
8411,Sprain ulnar collat lig
46400,Ac laryngitis w/o obst
85156,Opn cerebe cont-coma NOS
71647,Trans arthropathy-ankle
52341,"Chr periodontitis, local"
80075,Opn skl vlt fx-deep coma
E8236,Oth coll stn obj-ped cyc
71481,Rheumatoid lung
V1201,Prsnl hst tuberculosis
37211,Simpl chr conjunctivitis
20891,Leukemia NOS w remission
E9329,Adv eff hormones NEC/NOS
E8764,Fail introd/remove tube
V4569,Post-proc st eye/adn NEC
66041,Shoulder dystocia-deliv
01720,TB periph lymph-unspec
V047,Vaccin for common cold
81303,Monteggia's fx-closed
V281,Screen-alphafetoprotein
E8274,Anim drawn-occ st car
6140,Ac salpingo-oophoritis
53641,Gastrostomy infection
76508,Extreme immat 2000-2499g
3918,Ac rheumat hrt dis NEC
2866,Defibrination syndrome
01145,TB lung fibros-histo dx
2810,Pernicious anemia
64911,Obesity-delivered
1561,Mal neo extrahepat ducts
36206,Sev nonprolf db retinoph
80096,Opn skul vlt fx-coma NOS
V7689,Screen neoplasm NEC
63540,Leg ab w metab dis-unsp
V133,Hx-skin/subcutan tis dis
4238,Pericardial disease NEC
11592,Histoplasmosis retinitis
8463,Sprain sacrotuberous
67651,Suppr lactation-deliver
20191,Hodgkins dis NOS head
E8633,Acc poisn-mixed pesticid
40491,Hyp ht/kd NOS I-IV w hf
7061,Acne NEC
01771,TB of spleen-no exam
60887,Retrograde ejaculation
7243,Sciatica
0905,Late congen syph symptom
79551,Nonsp rea skn test wo tb
63562,Legal abort w embol-comp
40211,Benign hyp ht dis w hf
67620,Breast engorge-unspec
5813,Minimal change nephrosis
5993,Urethral caruncle
01744,TB of ear-cult dx
64824,Anemia-postpartum
80332,Cl skull fx NEC-brf coma
8440,Sprain lateral coll lig
75537,Longitudin defic fibula
76523,25-26 comp wks gestation
36514,Glaucoma of childhood
V7231,Routine gyn examination
6142,Salpingo-oophoritis NOS
E9441,Adv eff purine diuretics
63480,Spon ab w compl NOS-unsp
99694,Compl reattached arm NEC
20811,Chr leuk uns cl w rmson
7820,Skin sensation disturb
01165,TB pneumonia-histo dx
85112,Opn cort contus-brf coma
9512,Injury trigeminal nerve
38911,"Sensry hearng loss,bilat"
1102,Dermatophytosis of hand
59982,Intrinsc sphnctr dficncy
9159,Suprf inj finger NEC-inf
E9797,"Terrorism, chemicals"
77212,"NB intraven hem,grade ii"
71810,Loose body-unspec
9128,Superf inj shldr/arm NEC
20035,Margin zone lym inguin
65193,Multi gest NOS-antepart
E0061,Horseback riding
63720,Ab NOS w pelv damag-unsp
V429,Transplant status NOS
25021,DMI hprsm nt st uncntrld
66484,Perin traum NEC-postpart
E8306,Boat submers-dockers
V4984,Bed confinement status
6390,Postabortion gu infect
V0731,Prophylac fluoride admin
20081,Mixed lymphosarc head
80452,Opn skul/oth fx-brf coma
7774,Transitory ileus of NB
73301,Senile osteoporosis
79001,"Drop, hematocrit, precip"
36515,Residual opn ang glaucma
62923,Genital muilatn type III
33722,Rflx sym dystrph lwr lmb
V302,Single liveborn-nonhosp
7776,Perinatal intest perfor
80707,Fracture seven ribs-clos
03842,E coli septicemia
78720,Dysphagia NOS
90142,Injury pulmonary vein
V312,"Twin, mate lb-nonhosp"
81254,"Fx humer, condyl NOS-opn"
30413,"Sed,hyp,anxiolyt dep-rem"
V071,Desensitiza to allergens
94541,Deep 3rd deg burn toe
E9043,Exposure NEC
80009,Cl skl vlt fx-concus NOS
01382,Cns TB NEC-exam unkn
94521,2nd deg burn toe
65280,Malposition NEC-unspec
E8179,Mv board/alight-pers NOS
81354,Fx low radius w ulna-opn
36602,Post subcaps pol catarct
8449,Sprain of knee & leg NOS
85243,Extradural hem-mod coma
6264,Irregular menstruation
E847,Cabl car acc not on rail
V6549,Other specfd counseling
36255,Toxic maculopathy
7361,Mallet finger
80322,Cl skull fx NEC-brf coma
1834,Malig neo parametrium
9919,Effect reduced temp NOS
0855,Mucocutan leishmaniasis
94415,1st deg burn palm
67511,Breast abscess-delivered
37925,Vitreous membranes
0490,Lymphocytic choriomening
3599,Myopathy NOS
47402,Chronic tonsils&adenoids
81310,Fx upper forearm NOS-opn
E9356,Adv eff antirheumatics
5081,Chr pul manif d/t radiat
66911,Obstetric shock-deliver
88023,Open wnd up arm w tendon
2798,Immune mechanism dis NEC
5779,Pancreatic disease NOS
80619,C5-c7 fx-op/cord inj NEC
64243,Mild/NOS preeclamp-antep
9251,Crush inj face scalp
66594,Ob trauma NOS-postpartum
24950,Sec DM ophth nt st uncn
75482,Pectus carinatum
36225,"Retinoph prematr,stage 3"
0529,Varicella uncomplicated
04103,Streptococcus group c
66880,Anesth comp del NEC-unsp
94534,3rd deg burn low leg
32089,Meningitis oth spcf bact
8481,Sprain of jaw
9210,Black eye NOS
64754,Rubella-postpartum
37333,Xeroderma of eyelid
20411,Chr lym leuk w rmsion
01406,TB peritonitis-oth test
01363,TB encephalitis-micro dx
9143,Blister hand-infected
V182,Family hx-anemia
44481,Iliac artery embolism
29592,Schizophrenia NOS-chr
3520,Olfactory nerve disorder
V531,Fit contact lens/glasses
4952,Bird-fanciers' lung
2451,Subacute thyroiditis
6010,Acute prostatitis
71949,Joint pain-mult jts
40599,Second hypertension NEC
45372,Ch DVT/embl up ext
64930,Coagulation def-unspec
V1083,Hx-skin malignancy NEC
74910,Cleft lip NOS
8402,Sprain coracohumeral
52423,Malocc-Angle's class III
01793,TB of organ NEC-micro dx
27785,Disorders acid oxidation
71958,Jt stiffness NEC-oth jt
0029,Paratyphoid fever NOS
63701,Abort NOS w pel inf-inc
E9807,Undet pois-agricult agnt
E9191,Machine accid-mining
5300,Achalasia & cardiospasm
25952,Part androgen insnsitvty
65131,Twins w fetal loss-del
80700,Fracture rib NOS-closed
V4961,Status amput thumb
24281,Thyrotox orig NEC w cris
77983,Delay separate umbl cord
1908,Malign neopl eye NEC
67192,Ven comp NOS-deliv w p/p
78193,Ocular torticollis
8181,Fx arm mult/NOS-open
36921,One eye-severe/oth-NOS
57480,Gal&bil cal w/ac&chr w/o
E0179,External motion NEC
V1088,Hx-endocrine malign NEC
66932,Ac kidney fail-del w p/p
36609,Nonsenile cataract NEC
V171,Family hx-stroke
65393,Dispropor NOS-antepartum
9309,Foreign bdy ext eye NOS
70401,Alopecia areata
0650,Crimean hemorrhagic fev
V720,Eye & vision examination
20128,Hodgkins sarcoma mult
90231,Inj superior mesent vein
64263,Eclampsia-antepartum
56212,Dvrtclo colon w hmrhg
7836,Polyphagia
78832,Stress incontinence male
25013,DMI ketoacd uncontrold
8280,Fx legs w arm/rib-closed
45913,Postphl syn w ulc&inflam
87321,Open wound nasal septum
V1301,Prsnl hst urnr dsrd calc
85105,Cortex contus-deep coma
20104,Hodgkins paragran axilla
04101,Streptococcus group a
41032,"AMI inferopost, subseq"
52420,Anomaly dental arch NOS
71983,Joint dis NEC-forearm
72402,"Spin sten,lumbr wo claud"
74322,Buphthal w oth eye anom
36320,Chorioretinitis NOS
01083,Prim prg TB NEC-micro dx
65993,Compl labor NOS-antepart
31212,Unsocial unaggress-mod
1844,Malign neopl vulva NOS
36101,Part detach-singl defec
E9080,Accident d/t hurricane
179,Malig neopl uterus NOS
V1259,Hx-circulatory dis NEC
4019,Hypertension NOS
64620,Renal dis preg NOS-unsp
2169,Benign neoplasm skin NOS
66490,Ob perin traum NOS-unsp
6175,Intestinal endometriosis
6971,Lichen nitidus
03643,Meningococc myocarditis
V298,NB obsrv oth suspct cond
E9473,Adv eff alcohol deter
3062,Psychogen cardiovasc dis
0394,Madura foot
64763,Oth viral dis-antepartum
V1859,Fam hx digest disord NEC
71642,Trans arthropathy-up/arm
67592,Breast inf NOS-del w p/p
62989,Female genital disor NEC
9595,Finger injury NOS
V2031,Health supvsn nb <8 days
E8120,Mv collision NOS-driver
591,Hydronephrosis
74359,Post segmnt anom NEC-eye
20682,Oth mono leuk in relapse
E0092,"Aerobic,step exercise"
71980,Joint dis NEC-unspec
20143,Hodg lymph-histio abdom
36202,Prolif diab retinopathy
9602,Poison-chloramphenicol
2514,Abn secretion glucagon
37716,Hereditary optic atrophy
5244,Malocclusion NOS
6278,Menopausal disorder NEC
94454,3rd brn w loss-fngr/thmb
V240,Postpart care after del
94349,Deep 3 deg burn arm-mult
E9211,Gas cylinder explosion
99682,Compl liver transplant
53221,Ac duod ulc hem/perf-obs
1219,Trematode infection NOS
71741,Old bucket tear lat men
9624,Pois-ant pituitary horm
80042,Cl skull vlt fx-brf coma
94209,Burn NOS trunk NEC
V1260,Hx resp system dis NOS
E8692,Acc poison-freon
E9805,Undet pois-med agnt NOS
0793,Rhinovirus infect NOS
24900,Sec DM wo cmp nt st uncn
V1007,Hx of liver malignancy
2850,Sideroblastic anemia
V0481,Vaccin for influenza
52120,Abrasion NOS
76509,Extreme immat 2500+g
V8409,Genetic susc mal neo NEC
03812,MRSA septicemia
01235,TB laryngitis-histo dx
71663,Monoarthrit NOS-forearm
80381,Opn skul fx NEC w/o coma
20965,Ben crcinoid foregut NOS
0832,Rickettsialpox
04183,Clostridium perfringens
7369,Acq limb deformity NOS
99959,Other serum reaction
20911,Malig carcinoid appendix
01175,TB pneumothorax-histo dx
4536,Embl suprfcl ves low ext
99580,Adult maltreatment NOS
7982,Death within 24 hr sympt
E8666,Acc poison-glues
41513,Saddle embol pulmon art
7679,Birth trauma NOS
1702,Malig neo vertebrae
65491,Abn pelv org NEC-deliver
E9678,Batter by non-relative
71188,Inf arthrit NEC-oth site
71224,Pyrophosph cryst-hand
37772,Vis cortx dis w vasc dis
700,Corns and callosities
9490,Burn NOS
9067,Late eff burn extrem NEC
81010,Fx clavicle NOS-open
8760,Open wound of back
33984,Prim exertion headache
V4322,Artficial heart replace
E8732,Therap radiation overdos
99951,Ot serum react d/t blood
69272,Act drmtitis solar rdiat
33523,Pseudobulbar palsy
V3701,Mult birth NOS-hosp w cs
85246,Extradural hem-coma NOS
63680,Illg ab w compl NOS-unsp
7574,Hair anomalies NEC
2190,Benign neo cervix uteri
82019,Fx femur intrcap NEC-opn
E0099,Cardioresp exercise NEC
71865,Protrusio acetabuli NOS
4541,Leg varicosity w inflam
75243,Cervical agenesis
1721,Malig melanoma eyelid
65591,Fetal abnorm NOS-deliver
28242,Thlassemia Hb-S w crisis
20420,Sbac lym leu wo ach rmsn
7248,Other back symptoms
36813,Visual discomfort
29389,Transient mental dis NEC
63652,Illeg abort w shock-comp
81220,Fx humerus NOS-closed
E8437,Fall-parachutist
2191,Benign neo corpus uteri
73034,Periostitis-hand
V219,Constit state in dev NOS
53410,Ac marginal ulcer w perf
76505,Extreme immat 1250-1499g
34643,Menstl mgrn w ntrc w st
72882,FB granuloma of muscle
2320,Ca in situ skin lip
E9981,War inj:expl bomb-cease
E9881,"Undeterm circ-burn, fire"
74447,Preauricular cyst
20961,Ben carcinoid bronc/lung
V6441,Lap surg convert to open
1415,Mal neo tongue junction
E8196,Traffic acc NOS-ped cycl
8074,Flail chest
V4587,Trnsplnt orgn rem status
09830,Chr gc upper gu NOS
79513,Pap smear vagina w LGSIL
90287,Inj mult abd/pelv vessel
74861,Congen bronchiectasis
29572,Schizoaffective dis-chr
E8369,Machinery acc-pers NOS
20010,Lymphsrc unsp xtrndl org
V480,Deficiencies of head
1216,Heterophyiasis
86501,Spleen hematoma-closed
78907,Abdmnal pain generalized
6248,Noninflam dis vulva NEC
52523,Atrophy mandible-severe
E8621,Acc poisn-petroleum fuel
82525,Fx metatarsal-closed
07881,Epidemic vertigo
9199,Superfic inj NEC-infect
4710,Polyp of nasal cavity
52450,Dentofac funct abnor NOS
0309,Leprosy NOS
78606,Tachypnea
V7109,Observ-mental cond NEC
63511,Legal abort w hemorr-inc
V114,Hx combat/stress reactn
34120,Acute myelitis NOS
9181,Superficial inj cornea
94437,3rd deg burn wrist
V163,Family hx-breast malig
V8404,Genetc susc mal neo endo
8715,Penetrat magnet FB eye
90300,Inj axillary vessel NOS
36908,Profound impair both eye
V0482,Vaccination for RSV
64793,Infect NOS-antepartum
65434,Retrovert uter-postpart
E0041,Rappelling
35839,Lambert-Eaton syn ot dis
E8209,Snow veh acc-pers NOS
27802,Overweight
87361,Open wound buccal mucosa
E9176,Crowd accidnt w sub fall
9513,Injury abducens nerve
4564,Scrotal varices
1031,Pinta intermed lesions
5756,Gb cholesterolosis
83100,Disloc shoulder NOS-clos
86101,Heart contusion-closed
4476,Arteritis NOS
20975,Secondary Merkel cell ca
E9326,Adv eff parathyroid
71687,Arthropathy NEC-ankle
E8609,Acc poison-alcohol NOS
67492,Puerp comp NOS-del w p/p
01316,Tubrclma mening-oth test
09814,Gc sem vesiculit (acute)
20602,Act mono leuk in relapse
E0072,Rugby
5089,Resp cond: ext agent NOS
80020,Cl skl vlt fx/mening hem
2328,Ca in situ skin NEC
05322,H zoster iridocyclitis
11502,Histoplasm capsul retina
67660,Galactorrhea preg-unspec
990,Effects radiation NOS
47411,Hypertrophy tonsils
71680,Arthropathy NEC-unspec
20171,Hodg lymph deplet head
9518,Injury cranial nerve NEC
28401,Constitution RBC aplasia
7030,Ingrowing nail
7089,Urticaria NOS
34691,Mgrn unsp w ntrc mgr std
09859,Gc infect joint NEC
8462,Sprain sacrospinatus
9832,Toxic eff caustic alkali
V8523,"BMI 27.0-27.9,adult"
7399,Somatic dysfunction NEC
2858,Anemia NEC
8503,Concussion-prolong coma
30390,Alcoh dep NEC/NOS-unspec
2774,Dis bilirubin excretion
47829,Disease of pharynx NEC
2303,Ca in situ colon
94202,Burn NOS chest wall
7717,Neonatal candida infect
6385,Attem abortion w shock
36917,One eye-mod/oth-near tot
1659,Mal neo resp system NOS
E0141,Caregiving-lifting
27549,Dis calcium metablsm NEC
71904,Joint effusion-hand
E8263,Ped cyc acc-occ anim veh
E8372,Watercraft explos-crew
V743,Screening for diphtheria
01754,TB of thyroid-cult dx
E8138,Mv-oth veh coll-pers NEC
79380,Ab mammogram NOS
5940,Blad diverticulum calcul
V707,Exam-clincal trial
36276,Vitelliform dystrophy
67610,Cracked nipple preg-unsp
74349,Anom anter seg NEC-eye
6269,Menstrual disorder NOS
E9240,Acc-hot liquid & steam
67400,Puerp cerebvasc dis-unsp
79430,Abn cardiovasc study NOS
6242,Hypertrophy of clitoris
58181,Nephrotic syn in oth dis
2691,Vitamin Deficiency NEC
0048,Shigella infection NEC
2141,Lipoma skin NEC
20012,Lymphosarcoma thorax
75739,Skin anomaly NEC
7506,Congenital hiatus hernia
8950,Amputation toe
1560,Malig neo gallbladder
20101,Hodgkins paragran head
86222,Esophagus injury-closed
36331,Solar retinopathy
85150,Cerebel contus w opn wnd
74763,Upr limb vessel anomaly
37500,Dacryoadenitis NOS
37202,Ac follic conjunctivitis
80122,Cl skul base fx/brf coma
73733,Radiation scoliosis
64650,Bacteriuria preg-unspec
38844,Auditory recruitment
3534,Lumbsacral root les NEC
66053,Locked twins-antepartum
8713,Avulsion of eye
79902,Hypoxemia
V2509,Contraceptive mangmt NEC
9950,Other anaphylactic react
75443,Cong bowing tibia/fibula
8057,Fx sacrum/coccyx-open
04520,Nonparaly polio-type NOS
63601,Illeg ab w pelv inf-inc
6983,Lichenification
V562,Fit/adj perit dial cath
9640,Poisoning-iron/compounds
66823,Cns compl in del-antepar
95208,Central cord synd/c5-c7
71175,Helminth arthrit-pelvis
92300,Contusion shoulder reg
V161,Fm hx-trach/bronchog mal
43840,Lte ef-mplga low lmb NOS
86611,Kidney hematoma-open
E8311,Boat acc inj NEC-power
52110,Excessive attrition NOS
E8207,Snow veh acc-pedest
66190,Abnormal labor NOS-unsp
2304,Ca in situ rectum
0527,Varicella complicat NEC
9516,Injury accessory nerve
94420,2nd deg burn hand NOS
2692,Vitamin Deficiency NOS
9048,Injury leg vessel NOS
66584,Ob trauma NEC-postpartum
62579,Other vulvodynia
44421,Upper extremity embolism
5846,"Ac kidny fail, cort necr"
38916,Sensoneur hear loss asym
5645,Functional diarrhea
84211,Sprain carpometacarpal
7062,Sebaceous cyst
E8188,Mv traff acc-pers NEC
85143,Cerebell contus-mod coma
0231,Brucella abortus
7514,Intestinal fixation anom
E8743,Instrumnt fail-endoscopy
E9224,Accident - air gun
36966,Near-total impair/normal
V7281,Preop cardiovsclr exam
E8655,Acc poison-mushrooms
064,Vir enceph arthropod NEC
85310,Brain hem NEC w opn wnd
9931,"Barotrauma, sinus"
53311,Ac peptic ulc w perf-obs
5921,Calculus of ureter
75558,Congenital cleft hand
36313,Gen dissem choroiditis
2350,Unc behav neo salivary
74358,Vascular anom post eye
V7611,Screen mammogram hi risk
37775,Cortical blindness
74369,Anom eyelid/lacr/orb NEC
8407,Sup glenoid labrm lesion
80380,Opn skull fx NEC/hem NEC
80345,Cl skul fx NEC-deep coma
65973,Abn ftl hrt rate/rhy-ant
20235,Mal histiocytosis inguin
7756,Neonatal hypoglycemia
V2381,Suprv elderly primigrav
V5414,Aftrcre traum fx leg NOS
2534,Anter pituitary dis NEC
74347,Anomalies of sclera
36541,Glauc w chamb angle anom
1340,Myiasis
69554,Exfl d/t eryth 40-49 bdy
94514,1st deg burn lower leg
64250,Severe preeclamp-unspec
V0181,Contact/exposure-anthrax
52456,Nonwork side interfrnce
86814,Retroperitoneum inj-open
95207,Anterior cord synd/c5-c7
82330,Fx tibia shaft-open
V020,Cholera carrier
7625,Oth umbil cord compress
86346,Colon inj mult site-clos
V5866,Long-term use of aspirin
V401,Prob with communication
52689,Jaw disease NEC
5209,Tooth devel/erup dis NOS
38652,Hyperact labyrinth bilat
80422,Cl skl w oth fx-brf coma
01625,TB of ureter-histo dx
9689,Pois-local anest NEC/NOS
V9012,Retain nonmag meta frag
01154,TB bronchiect-cult dx
20028,Burkitt's tumor mult
94113,1st deg burn lip
V034,Vaccin for tularemia
71128,Behcet arthritis NEC
7450,Common truncus
7144,Chr postrheum arthritis
34610,Mgrn wo aura wo ntrc mgr
32759,Organic sleep movemt NEC
4441,Thoracic aortic embolism
78054,Hypersomnia NOS
9671,Poisoning-chloral hydrat
6223,Old laceration of cervix
E9171,Crowd w/o sub fall
9709,Pois-cns stimulant NOS
76524,27-28 comp wks gestation
36831,Binocular vis suppress
E8224,Oth coll mov obj-st car
71951,Jt stiffness NEC-shlder
0092,Infectious diarrhea NOS
66450,Ob perineal hematom-unsp
2390,Digestive neoplasm NOS
99581,Adult physical abuse
V8538,"BMI 38.0-38.9,adult"
V460,Dependence on aspirator
99666,React-inter joint prost
6910,Diaper or napkin rash
76384,Meconium dur del aff NB
2441,Postablat hypothyr NEC
72081,Spondylopathy in oth dis
3668,Cataract NEC
9628,Poison-antithyroid agent
66900,Maternal distress-unspec
78550,Shock NOS
V2341,Preg w hx pre-term labor
36051,"Old magnet fb, ant chamb"
E8357,W/crft fall NEC/NOS-mil
6262,Excessive menstruation
74602,Cong pulmon valve stenos
01664,TB ovary & tube-cult dx
3182,Profnd intellct disablty
0038,Salmonella infection NEC
37541,Chronic canaliculitis
2875,Thrombocytopenia NOS
V410,Problems with sight
61689,"Inflm cerv,vag,vulva NEC"
9918,Effect reduced temp NEC
34701,Narcolepsy w cataplexy
80089,Op skl vlt fx-concus NOS
67800,Fetal hematologic-unspec
43400,Crbl thrmbs wo infrct
0390,Cutaneous actinomycosis
V1047,Hx-testicular malignancy
75242,Imperforate hymen
56981,Intestinal fistula
86800,Intra-abdom inj NOS-clos
71822,Pathol dislocat-up/arm
5752,Obstruction gallbladder
25092,DMII unspf uncntrld
5989,Urethral stricture NOS
42823,Ac on chr syst hrt fail
85415,Opn brain inj-deep coma
E8403,Tk off/land-psng aircrft
390,Rheum fev w/o hrt involv
9290,Crush inj mult site NEC
74782,Spinal vessel anomaly
01176,TB pneumothorax-oth test
V5812,Immunotherapy encounter
V192,Family hx-deafness
V630,Home remote from hospitl
67662,Galactorrhea-del w p/p
V861,Estrogen recep neg stat
82032,Subtrochanteric fx-open
63520,Leg ab w pelv damag-unsp
94109,Burn NOS head-mult
7703,NB pulmonary hemorrhage
5295,Plicated tongue
59589,Cystitis NEC
71854,Ankylosis-hand
71116,Reiter arthritis-l/leg
65293,Malposition NOS-antepart
8821,Opn wound hand-complicat
71286,Cryst arthrop NEC-l/leg
43390,Ocl art NOS wo infrct
2462,Cyst of thyroid
64410,Threat labor NEC-unspec
71665,Monoarthritis NOS-pelvis
38425,Total perf tympanic memb
36262,Microcystoid degenerat
87400,Opn wnd larynx w trachea
6120,Deformity reconst breast
80602,C1-c4 fx-cl/ant cord syn
1877,Malign neopl scrotum
92721,Crushing injury of wrist
8361,Tear lat menisc knee-cur
2119,Ben neo GI tract NEC/NOS
0620,Japanese encephalitis
55002,Bilat ing hernia w gang
71637,Climact arthritis-ankle
80150,Open skull base fracture
71624,Allerg arthritis-hand
33371,Athetoid cerebral palsy
3862,Central origin vertigo
E9482,Adv eff cholera vaccine
9663,Pois-anticonvul NEC/NOS
3319,Cereb degeneration NOS
76428,Fetal malnutr 2000-2499g
1610,Malignant neo glottis
1571,Mal neo pancreas body
83659,Dislocat knee NEC-closed
65683,Fet/plac prob NEC-antepa
5375,Gastroptosis
19889,Secondary malig neo NEC
V653,Dietary surveil/counsel
65613,Rh isoimmunizat-antepart
74449,Branchial cleft anom NEC
63682,Illg ab w compl NOS-comp
7686,Mild/mod birth asphyxia
9661,Poison-hydantoin derivat
1227,Echinococc multiloc NOS
52470,Unspf dent alvelr anmaly
83500,Dislocat hip NOS-closed
46411,Ac tracheitis w obstruct
7475,Umbilical artery absence
4841,Pneum w cytomeg incl dis
81402,"Fx lunate, wrist-closed"
05310,H zoster nerv syst NOS
E8939,Clothing fire NOS
64274,Tox w old hyper-postpart
V6809,Issue of med certif NEC
64202,Essen hyperten-del w p/p
81405,Fx trapezium bone-closed
66802,Pulm complic-del w p/p
E0150,Food prep & cleanup
64720,Other VD in preg-unspec
8830,Open wound of finger
E8253,Mv n-traff NEC-mcyc psgr
E8303,Boat acc w submers-psgr
37905,Scleritis w cornea invol
20298,Lymphoid mal NEC mult
E8386,Watercrft acc NEC-docker
2732,Paraproteinemia NEC
5847,"Ac kidny fail, medu necr"
30540,"Sed,hyp,anxiolytc ab-NOS"
56401,Slow transt constipation
96973,Poison by methylphendate
0760,"Trachoma, initial stage"
75239,Anomalies of uterus NEC
71828,Pathol dislocat-jt NEC
E8133,Mv-oth veh coll-mcyc psg
67582,Breast inf NEC-del w p/p
V4974,Status amput ankle
99660,Reaction-unsp devic/grft
66610,Postpartum hem NEC-unsp
30274,Male orgasmic disorder
27650,Volume depletion NOS
56210,Dvrtclo colon w/o hmrhg
0991,Lymphogranuloma venereum
66233,Delay del 2 twin-antepar
20820,Sbc leu un cl wo ah rmsn
27651,Dehydration
9165,Insect bite hip/leg-inf
73600,Forearm deformity NOS
4420,Upper extremity aneurysm
78607,Wheezing
5769,Dis of biliary tract NOS
72973,Nontrauma comp syn-abd
37715,Partial optic atrophy
E8261,Ped cycl acc-ped cyclist
E8373,Watercraft explos-pasngr
5360,Achlorhydria
60785,Peyronie's disease
5780,Hematemesis
67650,Suppr lactation-unspec
30303,Ac alcohol intox-remiss
V6107,Family dsrpt-death membr
V1004,Hx of gastric malignancy
64951,Spotting-delivered
71609,Kaschin-beck dis-mult
72879,Fibromatoses NEC
E8710,Post-surgical forgn body
31213,Unsocial unaggr-severe
73030,Periostitis-unspec
V8301,Asympt hemoph a carrier
E9980,War inj:expl mine-cease
94404,Burn NOS finger w thumb
20234,Mal histiocytosis axilla
53011,Reflux esophagitis
75435,Cong hip disloc w sublux
8875,"Amput arm, unil NOS-comp"
0338,Whooping cough NEC
E8783,Abn react-external stoma
73606,Claw hand
52452,Limited mandibular ROM
3813,Chr nonsup OM NOS/NEC
83918,Disloc mlt cerv vert-opn
74489,Cong face/neck anom NEC
1714,Mal neo soft tis thorax
73672,Acq equinus deformity
38012,Acute swimmers' ear
V352,Oth multiple sb-nonhosp
20052,Primary CNS lymph thorax
V741,Screening-pulmonary TB
80485,Opn skl/oth fx-deep coma
E9336,Oral bisphosphonates
58889,Impair ren funct dis NEC
2734,Alpha-1-antitrypsin def
V616,Illegitimate pregnancy
01591,TB bone/jt NOS-no exam
2570,Testicular hyperfunction
80331,Cl skull fx NEC w/o coma
E8230,Oth coll stndng obj-driv
5643,Vomiting post-gi surgery
38908,Cond hear loss comb type
36274,Pigment retina dystrophy
V8539,"BMI 39.0-39.9,adult"
29531,Paranoid schizo-subchr
80169,Opn skul base fx-concuss
E8327,Submersion NEC-military
V1552,Hx traumatc brain injury
09813,Gc orchitis (acute)
51636,Cryptogenic organiz pneu
44022,Ath ext ntv at w rst pn
80604,C1-c4 fx-cl/cord inj NEC
66571,Ob pelvic hematoma-deliv
64413,Threat labor NEC-antepar
37112,Stromal cornea pigment
01155,TB bronchiect-histo dx
01482,Intest TB NEC-exam unkn
V523,Fitting dental prosthes
74352,Fundus coloboma
E0103,Pilates
80190,Op sk base fx/br inj NEC
65220,Breech presentat-unspec
38161,Osseous eustachian obstr
69010,Sebrrheic dermatitis NOS
01332,TB brain absc-exam unkn
V4561,Cataract extract status
86809,Intra-abdom inj NEC-clos
66574,Pelvic hematoma-postpart
E8272,Anim drawn veh-anim rid
V4281,Trnspl status-bne marrow
30742,Persistent insomnia
V446,Urinostomy status NEC
83209,Dislocat elbow NEC-close
04184,Other anaerobes
65361,Hydroceph fetus-deliver
2731,Monoclon paraproteinemia
28730,Prim thrombocytopen NOS
E8145,Mv coll w ped-anim rid
E8225,Oth coll mov obj-rider
E9264,Laser exposure
85161,Cerebel lacerat w/o coma
81103,"Fx scap, glen cav/nck-cl"
9722,Poisoning-antilipemics
E8111,Reentrant mv coll-pasngr
37569,Lacrim passge change NEC
80132,Cl skul base fx-brf coma
85244,Extradur hem-proln coma
36616,Senile nuclear cataract
78962,Abdmnal tndr lft up quad
8770,Open wound of buttock
29583,Schizo NEC-subchr/exacer
99590,"SIRS, NOS"
V391,Liveborn NOS-before adm
V671,Radiotherapy follow-up
E9318,Adv eff antimycobac NEC
6820,Cellulitis of face
V0991,Infc mcrg drgrst mult
E8115,Reentrant coll-anim rid
937,Foreign body anus/rectum
E9923,War inj:seabase art shel
80311,Cl skull fx NEC w/o coma
20113,Hodgkins granulom abdom
67810,Fetal conjoin twins-unsp
9040,Inj common femoral arter
37711,Primary optic atrophy
V290,NB obsrv suspct infect
2710,Glycogenosis
86811,Adrenal gland injury-opn
V902,Retain plastic fragments
36257,Drusen (degenerative)
E9315,Adv eff antprotazoal NEC
20210,Mycs fng unsp xtrndl org
05413,Herpetic infect of penis
9302,FB in lacrimal punctum
E9910,War inj:rubber bullet
48811,Flu dt 2009 H1N1 w pneu
E8531,Acc pois-butyrphen tranq
52526,Atrophy maxilla-severe
00866,Intes infec astrovirus
71610,Traum arthropathy-unspec
4731,Chr frontal sinusitis
65200,Unstable lie-unspecified
78862,Slowing urinary stream
87274,Open wound cochlea-compl
11503,Histoplasm caps pericard
1323,Mixed pedicul & phthirus
99555,Shaken infant syndrome
V195,Fam hx-congen anomalies
25080,DMII oth nt st uncntrld
94841,40-49% bdy brn/10-19% 3d
64702,Syphilis-delivered w p/p
65251,High head at term-deliv
80301,Cl skull fx NEC w/o coma
9880,Toxic eff fish/shellfish
37916,Scleral degen dis NEC
1510,Mal neo stomach cardia
V9083,Retain stone/crystl frag
E8700,Acc cut/hem in surgery
V441,Gastrostomy status
74689,Cong heart anomaly NEC
64812,Thyroid dysfun-del w p/p
1118,Dermatomycoses NEC
87371,Opn wnd buc mucosa-compl
7761,Neonatal thrombocytopen
75556,Accessory carpal bones
80196,Opn skl base fx-coma NOS
67504,Infect nipple-postpartum
71100,Pyogen arthritis-unspec
09483,Syph dissem retinitis
8621,Diaphragm injury-open
29635,Recur depr psyc-part rem
9599,Injury-site NOS
75569,Lower limb anomaly NEC
04182,Bacteroides fragilis
1348,Infestation NEC
31532,Recp-expres language dis
01803,Ac miliary tb-micro dx
80310,Cl skl fx NEC/cerebr lac
80092,Opn skul vlt fx-brf coma
30550,Opioid abuse-unspec
45384,Ac emblsm axillary veins
E8624,Acc poisn-solvents NEC
66043,Shoulder dystocia-antepa
3300,Leukodystrophy
67034,Prp septc thrmb-postpart
36217,Retinal varices
64854,Congen CV dis-postpartum
65341,Fetopelv dispropor-deliv
V7649,Screen mal neop oth site
1467,Mal neo post oropharynx
32381,Enceph & encephlalo NEC
1023,Hyperkeratosis of yaws
42971,Acq cardiac septl defect
E8059,Hit by train-person NOS
87362,Open wound of gum
80404,Cl skl/oth fx-proln coma
5581,Radiation gastroenterit
85314,Brain hem opn-proln coma
E9687,Human bite - assault
3971,Rheum pulmon valve dis
3076,Enuresis
V190,Family hx-blindness
65492,Abn pelv NEC-deliv w p/p
1450,Mal neo cheek mucosa
67330,Ob pyemic embol-unspec
6274,Sympt state w artif meno
E0183,Winds/brass instru play
E9028,Air pressure change NEC
52573,Post-osse mech fail impl
5171,Rheumatic pneumonia
80024,Cl skl vlt fx-proln coma
80843,Pelv fx-clos/pelv disrup
20203,Nodular lymphoma abdom
80109,Cl skull base fx-concuss
4920,Emphysematous bleb
7272,Occupational bursitis
45821,Hemododialysis hypotensn
6381,Attem abort w hemorrhage
74711,Interrupt of aortic arch
71985,Joint dis NEC-pelvis
2512,Hypoglycemia NOS
V146,Hx-analgesic allergy
36107,"Old detachment, total"
66320,Cord compress NEC-unspec
94302,Burn NOS elbow
1419,Malig neo tongue NOS
E964,Assault-submersion
38163,Extrinsic eustach obstr
95200,C1-c4 spin cord inj NOS
226,Benign neoplasm thyroid
65273,Prolapsed arm-antepart
87370,Open wnd mouth NOS-compl
80431,Cl skl w oth fx w/o coma
V6104,Family dsrpt-estrangmemt
E8170,Mv acc board/alight-driv
E9294,Late eff fire acc
65571,Decrease fetal movmt del
80444,Cl skl/oth fx-proln coma
E9287,Accidnt-mech firearm/gun
86602,Kidney laceration-closed
9739,Poisoning-gi agent NOS
74362,Congenital eyelid deform
66714,Ret prod concept-postpar
0917,Second syphilis relapse
5963,Diverticulum of bladder
4386,Alteration of sensations
01144,TB lung fibrosis-cult dx
99657,Complcation-insulin pump
E9393,Adv eff antipsychotc NEC
75839,Autosomal deletions NEC
65801,Oligohydramnios-deliver
64383,Vomit compl preg-antepar
5069,Fum/vapor resp cond NOS
94313,1st deg burn upper arm
8076,Fx larynx/trachea-open
38105,Ac allergic mucoid OM
E0002,Volunteer activity
01694,Gu TB NOS-cult dx
72672,Tibialis tendinitis
77934,NB failure to thrive
V816,Screen for gu cond NEC
85256,Extradural hem-coma NOS
86612,Kidney laceration-open
E8364,Machine accident-skier
85231,Open subdur hem w/o coma
7733,Hydrops fetalis:isoimm
72750,Rupture of synovium NOS
90450,Injury tibial vessel NOS
94873,70-79% bdy brn/30-39% 3d
92701,Crush inj scapul region
94863,60-69% bdy brn/30-39% 3d
37999,Ill-defined eye dis NEC
5100,Empyema with fistula
00321,Salmonella meningitis
4260,Atriovent block complete
1225,Echinococ multiloc liver
81393,Fx radius w ulna NOS-opn
86382,"Pancreas, body inj-close"
29652,Bipol I cur depress-mod
64110,Placenta prev hem-unspec
99669,React-int pros devic NEC
62212,Mod dysplasia of cervix
7804,Dizziness and giddiness
99651,Corneal grft malfunction
30412,"Sed,hyp,anxiolyt dep-epi"
7755,Neonatal dehydration
9108,Superfic inj head NEC
66560,Damage to pelvic jt-unsp
9260,Crush inj ext genitalia
66080,Obstruc labor NEC-unspec
9478,Burn internal organ NEC
E8241,N-traf board/alight-psgr
9664,Pois-anti-parkinson drug
7600,Matern hyperten aff NB
1712,Mal neo soft tissue arm
V606,Person in resident inst
2967,Bipolor I current NOS
7711,Cong cytomegalovirus inf
E9520,Poison-exhaust gas
E8741,Instrumnt fail-infusion
94215,1st deg burn genitalia
67101,Varicose vein leg-deliv
36275,Sensory retina dystrophy
29510,Hebephrenia-unspec
80360,Opn skl fx NEC/cereb lac
01763,TB of adrenal-micro dx
76490,Fet growth retard wtNOS
7260,Adhesive capsulit shlder
1539,Malignant neo colon NOS
36256,Macular puckering
V8731,Contact/exposure mold
1580,Mal neo retroperitoneum
76519,Preterm NEC 2500+g
0956,Syphilis of muscle
71289,Cryst arthrop NEC-mult
3553,Lat popliteal nerve les
37261,Granuloma of conjunctiva
80375,Opn skl fx NEC-deep coma
20027,Burkitt's tumor spleen
31501,Alexia
E8500,Acc poison-heroin
7963,Low blood press reading
V157,Hx of contraception
01882,Miliary TB NEC-exam unkn
3249,Cns abscess NOS
36512,Low tension glaucoma
87363,Broken tooth-uncomplic
E8410,Pow aircraft acc-spcrft
49310,Intrinsic asthma NOS
71615,Traum arthropathy-pelvis
94407,Burn NOS wrist
55101,Rec unil fem hern w gang
V4985,Dual sensory impairment
7216,Ankyl vert hyperostosis
0540,Eczema herpeticum
4739,Chronic sinusitis NOS
E9099,Acc d/t eruptions NOS
33189,Cereb degeneration NEC
7209,Inflam spondylopathy NOS
9783,Poisoning-plague vaccine
85253,Extradural hem-mod coma
79514,Pap smear vagina w HGSIL
V4967,Status amput shoulder
E9376,Adv eff mix sedative
4411,Ruptur thoracic aneurysm
38151,Ac eustachian salping
E9552,Injury-hunting rifle
09482,Syphilitic parkinsonism
V282,Screen by amniocent NEC
V013,Smallpox contact
E9456,Adv eff anti-common cold
71183,Inf arthrit NEC-forearm
6249,Noninflam dis vulva NOS
95891,Trauma comp synd up ext
6070,Leukoplakia of penis
8629,Intrathorac inj NOS-open
5060,Fum/vapor bronc/pneumon
99677,Comp-internal joint pros
1256,Filariasis NEC
80162,Opn skl base fx-brf coma
V143,Hx-anti-infect allergy
6968,Psorias related dis NEC
65360,Hydrocephal fetus-unspec
80637,T7-t12 fx-op/ant crd syn
77989,Perinatal condition NEC
73025,Osteomyelitis NOS-pelvis
7981,Instantaneous death
82312,Fx up tibia w fibula-opn
66893,Anesth compl-antepartum
38389,Disorders of mastoid NEC
0811,Brill's disease
90233,Injury portal vein
20900,Mal crcnoid sm intst NOS
5589,Noninf gastroenterit NEC
64291,Hypertens NOS-delivered
6290,"Hematocele, female NEC"
V6101,Fmily dsrpt-fam military
7078,Chronic skin ulcer NEC
7713,Tetanus neonatorum
32725,Cong cntrl hypovent synd
64624,Renal dis NOS-postpartum
64783,Infect dis NEC-antepart
67603,Retract nipple-antepart
V021,Typhoid carrier
7891,Hepatomegaly
99672,Comp-oth cardiac device
69289,Dermatitis NEC
E9935,War inj:IED NEC
E8447,Aircrft acc-parachutist
1321,Pediculus corporis
2458,Chr thyroiditis NEC/NOS
2920,Drug withdrawal
73720,Lordosis NOS
38918,"Sensonrl hear loss,bilat"
78058,Sleep rel move disor NOS
1308,Multisystem toxoplasmos
7797,Perivent leukomalacia
65980,Complic labor NEC-unsp
4846,Pneum in aspergillosis
99601,Malfunc cardiac pacemake
86509,Spleen injury NEC-closed
37806,Alt esotropia w a pattrn
09954,Oth VD chlm trch oth gu
6254,Premenstrual tension
9055,Late effect fracture NEC
01405,TB peritonitis-histo dx
78066,Feb nonhemo transf react
79503,Pap smear cervix w LGSIL
0920,Early syph latent relaps
85220,Traumatic subdural hem
36902,One eye-near tot/oth-NOS
20690,Uns mno leu wo ach rmsn
E8071,RR acc NOS-passenger
1405,"Mal neo lip, inner NOS"
04119,Other staphylococcus
E8162,Loss control mv-mocycl
20121,Hodgkins sarcoma head
1589,Mal neo peritoneum NOS
2357,Unc behav neo lung
80303,Cl skull fx NEC-mod coma
80399,Opn skull fx NEC-concuss
3570,Ac infect polyneuritis
85183,Brain lacer NEC-mod coma
8403,Sprain infraspinatus
60889,Male genital dis NEC
V8802,Acq ab ut remn cerv stmp
59989,Oth spcf dsdr urnry trct
31531,Expressive language dis
319,Intellect disability NOS
7944,Abn kidney funct study
6079,Disorder of penis NOS
66141,Uter dystocia NOS-deliv
03689,Meningococcal infect NEC
85193,Opn brain lacer-mod coma
64821,Anemia-delivered
66551,Ob inj pelv org NEC-del
E8768,Medical misadventure NEC
6266,Metrorrhagia
7934,Nonsp abn find-gi tract
E9322,Adv eff ovarian hormones
9110,Abrasion trunk
5763,Perforation of bile duct
5529,"Hernia, site NOS w obstr"
8191,Fx arms w rib/stern-open
87373,Broken tooth-complicated
01390,Cns TB NOS-unspec
04181,Mycoplasma
9943,Effects of thirst
30740,Nonorganic sleep dis NOS
34632,Hemplg mgr wo ntrc w st
63762,Ab NOS w embolism-comp
V1045,Hx-male genit malig NOS
66351,Vasa previa-delivered
E0076,Basketball
V5876,Aftrcre surg GU syst NEC
5296,Glossodynia
82390,Fx tibia NOS-open
37914,Local anterior staphylma
E9584,Injury-electrocution
2230,Benign neoplasm kidney
72701,Synovitis in oth dis
82340,Torus fracture of tibia
99851,Infected postop seroma
V2632,Female genetic test NEC
32341,Ot encph/mye ot inf else
36477,"Recession, chamber angle"
73026,Osteomyelitis NOS-l/leg
E8302,Boat acc w submers-crew
2440,Postsurgical hypothyroid
3929,Rheumatic chorea NOS
00323,Salmonella arthritis
E9969,War inj:nucl weapon NOS
1828,Mal neo body uterus NEC
25200,Hyperparathyroidism NOS
40493,Hyp ht/kd NOS st V w hf
9331,Foreign body in larynx
E0052,Gymnastics
85169,Cerebel lacer-concussion
01640,TB epididymis-unspec
E8185,Mv traff acc-anim rider
64130,Coag def hemorr-unspec
0239,Brucellosis NOS
7729,Neonatal hemorrhage NOS
V625,Legal circumstances
65573,Dec fetal movmt antepart
83654,Lat disloc prox tibia-cl
35921,Myotonic musclr dystrphy
9133,Blister forearm-infected
71682,Arthropathy NEC-up/arm
30253,"Trans-sex, heterosexual"
9726,Pois-antihyperten agent
0261,Streptobacillary fever
36260,Periph retina degen NOS
42290,Acute myocarditis NOS
7921,Abn find-stool contents
1599,Mal neo GI tract ill-def
E0060,"Roller skate,skateboard"
80635,T7-t12 fx-op/crd inj NOS
9213,Contusion of eyeball
80065,Opn skl vlt fx-deep coma
85221,Subdural hem w/o coma
V730,Screening-poliomyelitis
99568,Anphylct reaction eggs
53441,Chr margin ulc w hem-obs
7925,Cloudy dialysis effluent
64612,Edema in preg-del w p/p
41412,Dissection cor artery
20077,Large cell lymph spleen
V6112,Cnsl perp partner abuse
0913,Secondary syph skin
64860,CV dis NEC preg-unspec
34601,Mgrn w aura w ntrc mgrn
7999,Unkn cause morb/mort NEC
V1503,Hx-eggs allergy
74483,Macrostomia
2149,Lipoma NOS
V5972,Egg donor age <35 desig
81513,Fx metacarpal shaft-open
01171,TB pneumothorax-no exam
66061,Fail trial lab NOS-deliv
99692,Compl reattached hand
7705,NB atelectasis NEC/NOS
01606,TB of kidney-oth test
6038,Hydrocele NEC
6229,Noninflam dis cervix NOS
E8072,RR acc NOS-pedestrian
76079,Nox sub NEC aff NB/fetus
9196,Superfic foreign bdy NEC
V8902,Sus placentl prob nt fnd
3003,Obsessive-compulsive dis
7397,Somat dysfunc upper extr
40413,Ben hyp ht/kd stg V w hf
04679,Prion dis of CNS NEC/NOS
66333,Cord entangl NEC-antepar
8171,Multiple fx hand-open
36133,Mult defects of retina
71840,Jt contracture-unspec
01522,TB of knee-exam unkn
85162,Cerebel lacer-brief coma
42781,Sinoatrial node dysfunct
25093,DMI unspf uncntrld
9831,Toxic effect acids
99561,Anphylct react peanuts
20600,Ac mono leu wo achv rmsn
V111,Hx of affective disorder
34442,Mnplg upr lmb nondmnt sd
76074,Mat anti-inf aff NB/fet
36061,FB in anterior chamber
E8172,Mv board/alight-motcycl
138,Late effect acute polio
1888,Malig neo bladder NEC
V1381,Hx of anaphylaxis
9692,Pois-butyrophenone tranq
83510,Dislocation hip NOS-open
66902,Matern distres-del w p/p
37252,Pseudopterygium
71634,Climact arthritis-hand
4409,Atherosclerosis NOS
67384,Pulmon embol NEC-postpar
0220,Cutaneous anthrax
0820,Spotted fevers
74511,Double outlet rt ventric
0043,Shigella sonnei
94890,90% + bdy brn/3d deg NOS
V8524,"BMI 28.0-28.9,adult"
08241,Ehrlichiosis chafeensis
01281,Resp TB NEC-no exam
01770,TB of spleen-unspec
8245,Fx bimalleolar-open
261,Nutritional marasmus
73629,Acq finger deformity NEC
78460,Symbolic dysfunction NOS
3411,Schilder's disease
80471,Opn skul/oth fx w/o coma
36789,Refraction disorder NEC
52320,Gingival recession NOS
7584,Balance autosom transloc
03282,Diphtheritic myocarditis
80063,Opn skul vlt fx-mod coma
84840,Sprain of sternum NOS
31231,Pathological gambling
65650,Poor fetal growth-unspec
2131,Ben neo lower jaw bone
20591,Uns myl leuk w rmsion
04186,Helicobacter pylori
60491,Orchitis in oth disease
7402,Iniencephaly
V054,Need prphyl vc varicella
V5423,Aftercare path fx hip
7462,Ebstein's anomaly
E8309,Boat submers-pers NOS
01094,Primary TB NOS-cult dx
30551,Opioid abuse-continuous
83814,Disl metatarsal NOS-open
20074,Large cell lymph axilla
01012,Prim TB pleur-exam unkn
66091,Obstruct labor NOS-deliv
8443,Sprain super tibiofibula
31502,Developmental dyslexia
0849,Malaria complicated NEC
71600,Kaschin-beck dis-unspec
64982,Lbr w plan C/S-del w p/p
20721,Mgkrycyt leuk w rmsion
E0109,Muscle strength exer NEC
9059,Late eff traumat amputat
63560,Legal abort w embol-unsp
0011,Cholera d/t vib el tor
71903,Joint effusion-forearm
59972,Microscopic hematuria
7724,NB GI hemorrhage
V173,Fam hx-ischem heart dis
29013,Presenile depression
75432,"Cong hip sublux, unilat"
V669,Convalescence NOS
3093,Adjust disor/dis conduct
9155,Insect bite finger-infec
V9039,Retain organic frag NEC
8603,Traum hemothorax-open
80300,Close skull fracture NEC
36343,"Angioid streaks, choroid"
01300,TB meningitis-unspec
0638,Tick-borne enceph NEC
3480,Cerebral cysts
E8798,Abn react-procedure NEC
2118,Ben neo peritoneum
7596,Hamartoses NEC
52427,Reverse articulation
6159,Uterine inflam dis NOS
80237,Fx alv bord mand bdy-opn
73092,Bone infect NOS-up/arm
9662,Poisoning-succinimides
E857,Acc pois-oth anti-infect
82101,Fx femur shaft-closed
73712,Postlaminectomy kyphosis
99664,React-indwell urin cath
37450,"Degen disorder NOS, lid"
9012,Inj superior vena cava
36422,Glaucomatocyclit crises
74441,Branch cleft sinus/fistu
0382,Pneumococcal septicemia
V799,Screen-mental dis NOS
V9032,Retained tooth
01111,TB lung nodular-no exam
64794,Infect NOS-postpartum
E9394,Adv eff benzodiaz tranq
V8542,"BMI 45.0-49.9, adult"
V621,Adverse eff-work environ
E9281,Exposure to noise
7512,Atresia large intestine
20154,Hodg nodul sclero axilla
20288,Lymphomas NEC mult
99979,Non-abo incomp react NEC
94821,20-29% bdy brn/10-19% 3d
84519,Sprain of foot NEC
32372,Toxic myelitis
024,Glanders
71213,Dicalc phos crys-forearm
30183,Borderline personality
38401,Bullous myringitis
9972,Surg comp-peri vasc syst
53571,Eosinophilc gastrt w hem
75682,Accessory muscle
60021,BPH loc w urin obs/LUTS
09152,Syphilitic iridocyclitis
63471,Spon ab w compl NEC-inc
36053,"Old magnet fb, lens"
0993,Reiter's disease
75431,"Congen hip disloc, bilat"
7511,Atresia small intestine
33944,Comp headache synd NEC
36210,Backgrnd retinopathy NOS
56400,Constipation NOS
E9422,Adv eff antilipemics
64633,Recurnt preg loss-antep
4847,Pneum in oth sys mycoses
1953,Malign neopl pelvis
36011,Sympathetic uveitis
V6122,Cnsl perp parent chld ab
64780,Inf dis in preg NEC-unsp
V9191,Mult gest 2+ monochr NEC
80671,Fx sacr-op/cauda equ les
0663,Mosquito-borne fever NEC
76401,Light-for-dates <500g
30590,Drug abuse NEC-unspec
8090,Fracture trunk bone-clos
20917,Malig carcinoid rectum
94408,Burn NOS hand-multiple
3595,Myopathy in endocrin dis
0871,Tick-borne relaps fever
99977,Non-abo incomp/acute HTR
68111,Onychia of toe
53420,Ac margin ulc w hem/perf
20044,Mantle cell lymph axilla
37486,"Old foreign body, eyelid"
E0079,"Team sports,athletes"
6386,Attemp abort w embolism
37263,Symblepharon
09484,Syphilitic optic atrophy
9607,Pois-antineop antibiotic
9550,Injury axillary nerve
29901,Autistic disord-residual
3639,Choroidal disorder NOS
5362,Persistent vomiting
9626,Poisoning-parathyroids
30752,Pica
3130,Overanxious disorder
94330,3rd deg burn arm NOS
20231,Mal histiocytosis head
V494,Disfigurements of limbs
1112,Tinea blanca
83969,Dislocat site NEC-closed
29624,Depr psychos-sev w psych
76873,Sev hypox-ischem enceph
33700,Idio perph auto neur NOS
0066,Amebic skin ulceration
64380,Vomit compl preg-unspec
V1254,Hx TIA/stroke w/o resid
7507,Gastric anomaly NEC
33819,Acute pain NEC
80081,Opn skul vlt fx w/o coma
96501,Poisoning-heroin
97081,Poisoning by cocaine
86390,GI injury NOS-open
92309,Contusion shoulder & arm
E0042,BASE jumping
71530,Loc osteoarth NOS-unspec
V5878,Aftrcre surg MS syst NEC
77082,Other apnea of newborn
72702,Giant cell tumor tendon
E9971,War injury:biol warfare
86391,"Pancreas, head inj-open"
2599,Endocrine disorder NOS
4578,Noninfect lymph dis NEC
52115,Excess attrition-general
7615,Mult pregnancy aff NB
9899,Tox eff nonmed subst NOS
4293,Cardiomegaly
73739,Scoliosis NEC
0528,Varicella complicat NOS
42830,Diastolc hrt failure NOS
684,Impetigo
25090,DMII unspf nt st uncntrl
63510,Legal abor w hemorr-unsp
E9223,Military firearm accid
38900,Conduct hearing loss NOS
72673,Calcaneal spur
2931,Subacute delirium
76872,Mod hypox-ischem enceph
71944,Joint pain-hand
7712,Congenital infec NEC
09881,Gonococcal keratosis
69511,Erythma multiforme minor
1374,Late effect TB NEC
V045,Vaccin for rabies
66341,Short cord-delivered
01401,TB peritonitis-no exam
46450,Supraglottis w/o obs NOS
8301,Dislocation jaw-open
79022,Impaired oral glucse tol
2540,Persist hyperplas thymus
03642,Meningococc endocarditis
1706,Mal neo pelvic girdle
99739,Respiratory comp NEC
7903,Excess blood-alcohol lev
52125,Abrasion-generalized
9622,Poisoning-ovarian hormon
86401,Liver hematoma/contusion
52463,Articular disc disorder
0979,Syphilis NOS
3879,Otosclerosis NOS
E8797,Abn react-blood sampling
2139,Benign neo bone NOS
11590,Histoplasmosis NOS
80442,Cl skl w oth fx-brf coma
V0269,Viral hep carrier NEC
52112,Excess attrition-dentine
81611,"Fx mid/prx phal, hand-op"
01504,TB of vertebra-cult dx
80199,Opn skul base fx-concuss
82100,Fx femur NOS-closed
7542,Cong postural deformity
9462,2nd deg burn mult site
25631,Premature menopause
83412,Disl interphaln hand-opn
37002,Ring corneal ulcer
V1082,Hx-malig skin melanoma
36306,Macular focal retinitis
9604,Poisoning-tetracycline
E9962,War inj:therml radiation
29012,Presenile delusion
E9928,War inj:marine weapn NEC
4802,Parinfluenza viral pneum
29570,Schizoaffective dis NOS
76494,Fet grwth ret 1000-1249g
03289,Diphtheria NEC
E9204,Accid-other hand tools
42820,Systolic hrt failure NOS
2704,Sulph amino-acid met dis
36303,Foc choroiditis post NEC
3779,Optic nerve disorder NOS
80474,Opn skl/oth fx-prol coma
2820,Hereditary spherocytosis
01622,TB of ureter-exam unkn
65671,Oth placent cond-deliver
20068,Anaplastic lymph multip
2271,Benign neo parathyroid
32712,Idio hypersom-no lng slp
2541,Abscess of thymus
67452,Peripart card del w p/p
37831,Hypertropia
79381,Mammographic microcalcif
1463,Malign neopl vallecula
V1819,Fm hx endo/metab dis NEC
36840,Visual field defect NOS
6182,Uterovag prolaps-incompl
E8435,Fall-occup oth aircraft
1922,Mal neo spinal cord
V1506,Hx-allergy insct/arachnd
2306,Ca in situ anus NOS
2555,Adrenal hypofunction NEC
01556,TB limb bones-oth test
79511,Pap smear vag w ASC-US
94136,3rd deg burn scalp
501,Asbestosis
4611,Ac frontal sinusitis
37111,Ant cornea pigmentation
76404,Lt-for-dates 1000-1249g
30491,Drug depend NOS-contin
80469,Opn skull/oth fx-concuss
94892,90% + bdy brn/20-29% 3rd
7273,Bursitis NEC
77089,Resp prob after brth NEC
5180,Pulmonary collapse
36923,One eye-moderate/oth-NOS
5221,Necrosis of tooth pulp
37331,Eczem dermatitis eyelid
09322,Syphilitic aortic valve
67381,Pulmon embol NEC-deliver
77752,Stg II nec enterocol NB
0912,Primary syphilis NEC
80036,Cl skull vlt fx-coma NOS
80230,Mandible fx NOS-open
E8101,Mv-train coll-pasngr
E8231,Oth coll stndng obj-psgr
79674,Pap smear anus w HGSIL
V1020,Hx-resp org malignan NOS
4540,Leg varicosity w ulcer
V5883,Therapeutic drug monitor
7779,Perinat GI sys dis NOS
8799,Opn wound site NOS-compl
69510,Erythema multiforme NOS
1991,Malignant neoplasm NOS
1428,Mal neo maj salivary NEC
9792,Poison-typhus vaccine
1569,Malig neo biliary NOS
20620,Sbac mno leu wo ach rmsn
41062,"True post infarct,subseq"
E9675,Battering by sibling
94234,3rd deg burn back
82302,Fx up tibia w fibula-cl
0812,Scrub typhus
67332,Ob pyem embol-del w p/p
43841,Lte ef-mplga low lmb dom
E0162,Building & construction
71684,Arthropathy NEC-hand
E8221,Oth coll w mov obj-psgr
72619,Rotator cuff dis NEC
V145,Hx-narcotic allergy
8322,Nursemaid's elbow
76518,Preterm NEC 2000-2499g
8930,Open wound of toe
2701,Phenylketonuria - pku
71135,Dysenter arthrit-pelvis
81314,Fx up ulna NEC/NOS-open
80324,Cl skl fx NEC-proln coma
20511,Chr myl leuk w rmsion
94250,3rd brn w loss-trunk NOS
29181,Alcohol withdrawal
0550,Postmeasles encephalitis
66993,Compl deliv NOS-antepar
72768,Rupture tendon foot NEC
20201,Nodular lymphoma head
36559,Glaucoma w lens dis NEC
63671,Illeg ab w compl NEC-inc
8676,Pelvic organ inj NEC-cl
90250,Injury iliac vessel NOS
08881,Lyme disease
24210,Tox uninod goit no cris
0721,Mumps meningitis
E8305,Boat submers-swimmer
67304,Ob air embolism-postpart
9500,Optic nerve injury
1588,Mal neo peritoneum NEC
3563,Refsum's disease
76871,Mild hypox-ischem enceph
52436,Insuf interocclusl-teeth
71593,Osteoarthros NOS-forearm
5439,Diseases of appendix NEC
71645,Trans arthropathy-pelvis
20281,Lymphomas NEC head
7265,Enthesopathy of hip
9519,Injury cranial nerve NOS
69461,Ocular pemphigus
80093,Opn skul vlt fx-mod coma
07032,Hpt B chrn wo cm wo dlta
42842,Chr syst/diastl hrt fail
E8840,Fall from playgrnd equip
E0161,Gardening/landscaping
83219,Dislocat elbow NEC-open
E975,Legal intervention NEC
V860,Estrogen recep pstv stat
8430,Sprain iliofemoral
7757,Late metab acidosis NB
69589,Erythematous cond NEC
71927,Villonod synovit-ankle
38519,Adhesive mid ear dis NEC
2832,Hemolytic hemoglobinuria
V169,Family hx-malignancy NOS
7575,Nail anomalies NEC
7466,Cong mitral insufficienc
71598,Osteoarthro NOS-oth site
37958,Smooth pursuit mvmnt def
01152,TB bronchiect-exam unkn
64093,Hem early preg-antepart
2108,Benign neo hypopharynx
E9650,Assault-handgun
1212,Paragonimiasis
9596,Hip & thigh injury NOS
2125,Benign neo mediastinum
36341,"Senile atrophy, choroid"
87351,Open wound cheek-compl
E8529,Acc poison-sedatives NOS
38120,Chr mucoid OM simp/NOS
34461,Neurogenic bladder
72610,Rotator cuff synd NOS
E8690,Acc poisn-nitrogen oxide
66383,Cord compl NEC-antepart
37922,Crystal deposit vitreous
85313,Brain hem open-mod coma
7913,Myoglobinuria
20163,Hodgkins mix cell abdom
34931,Accid punc/op lac dura
01392,Cns TB NOS-exam unkn
73607,"Club hand, acquired"
E8407,Tk off/land-parachutist
2107,Benign neo nasopharynx
E8062,RR acc NEC-pedestrian
76422,Fetal malnutr 500-749g
V537,Fit orthopedic devices
36473,Goniosynechiae
E9311,Adv eff arsenic anti-inf
80660,Fx sacrum-cl/crd inj NOS
37902,Nodular episcleritis
86122,Lung laceration-closed
0318,Mycobacterial dis NEC
32714,Hypersomnia in other dis
7603,Matern cardioresp aff NB
7396,Somat dysfunc lower extr
9617,Poisoning-antiviral drug
78605,Shortness of breath
V812,Screen-cardiovasc NEC
E8041,Fall from train-passengr
9013,Inj innomin/subclav vein
70583,Hidradenitis
0852,Cutan leishmanias asian
E9588,Injury-NEC
96900,Poison-antidepresnt NOS
64790,Infect in preg NOS-unsp
99973,Rh incompat/delay HTR
71172,Helminth arthrit-up/arm
72741,Ganglion of joint
E8493,Acc on industr premises
66582,Ob trauma NEC-del w p/p
37754,Op chiasm dis w infl dis
30400,Opioid dependence-unspec
01131,TB of bronchus-no exam
71841,Jt contracture-shlder
28732,Evans' syndrome
66612,Postpa hem NEC-del w p/p
32371,Toxic encph & encephlomy
78837,Continuous leakage
71171,Helminth arthrit-shlder
52333,Acute periodontitis
04105,Streptococcus group g
V7791,Screen lipoid disorders
17320,Malig neo skin ear NOS
38523,Dislocation ear ossicle
30552,Opioid abuse-episodic
7723,Post-birth umbil hemorr
2590,Delay sexual develop NEC
46451,Supraglottis w obstr NOS
3321,Secondary parkinsonism
65110,Triplet pregnancy-unspec
1742,Mal neo breast up-inner
76495,Fet grwth ret 1250-1499g
1809,Mal neo cervix uteri NOS
E9587,Injury-caustic substance
9149,Superf inj hand NEC-inf
37636,Lateral globe displacmnt
71164,Mycotic arthritis-hand
75526,Longitud defic radius
38104,Ac allergic serous OM
99656,Comp-periton dialys cath
01662,TB ovary/tube-exam unkn
E8329,Submers NEC-person NOS
V732,Screening for measles
66580,Ob trauma NEC-unspec
5793,Intest postop nonabsorb
E0028,Water sliding
7445,Webbing of neck
42843,Ac/chr syst/dia hrt fail
E9852,Undet circ-hunting rifle
94854,50-59% bdy brn/40-49% 3d
72761,Rotator cuff rupture
71915,Hemarthrosis-pelvis
V6400,No vaccination NOS
36976,One eye-mod/oth normal
9746,Poison-mineral salts NEC
9877,Tox eff hydrocyan acd gs
V418,Probl w special func NEC
64714,Gonorrhea-postpartum
5198,Resp system disease NEC
V7181,Observe-abuse & neglect
66564,Damage pelvic jt-postpar
2592,Carcinoid syndrome
53300,Ac peptic ulcer w hemorr
20140,Lym-hst unsp xtrndl orgn
V6889,Administrtve encount NEC
E9370,Adv eff barbiturates
E0149,Caregiving NEC
V5864,Long-term anti-inflamtry
01586,TB of joint NEC-oth test
7337,Algoneurodystrophy
9770,Poisoning-dietetics
1508,Mal neo esophagus NEC
V409,Mental/behavior prob NOS
71843,Jt contracture-forearm
99700,Nervous syst complc NOS
36063,Foreign body in lens
01574,TB of bone NEC-cult dx
E8844,Fall from bed
30451,Hallucinogen dep-contin
65911,Fail induction NOS-deliv
37213,Vernal conjunctivitis
94140,Deep 3 deg burn head NOS
80374,Opn skl fx NEC-prol coma
25011,DMI keto nt st uncntrld
64842,Mental dis-deliv w p/p
66073,Fail forceps NOS-antepar
37531,Acute canaliculitis
3549,Mononeuritis arm NOS
80086,Opn skul vlt fx-coma NOS
73098,Bone infect NOS-oth site
37551,Lacriml punctum eversion
V1043,Hx of ovarian malignancy
9670,Poisoning-barbiturates
E8192,Traffic acc NOS-motcycl
E9229,Firearm accident NOS
E9504,Poison-drug/medicin NEC
6184,Utervaginal prolapse NOS
1990,Malig neo disseminated
7728,Neonatal hemorrhage NEC
00843,Int infec campylobacter
1322,Phthirus pubis
5602,Volvulus of intestine
47833,Vocal paral bilat part
25062,DMII neuro uncntrld
2240,Benign neoplasm eyeball
1821,Mal neo uterine isthmus
7103,Dermatomyositis
01163,TB pneumonia-micro dx
01802,Ac miliary tb-exam unkn
6104,Mammary duct ectasia
E8494,Accid in recreation area
71152,Viral arthritis-up/arm
66501,Prelabor rupt uterus-del
99812,Hematoma complic proc
20153,Hodg nodul sclero abdom
76075,Mat cocaine aff NB/fet
71193,Inf arthrit NOS-forearm
80623,T1-t6 fx-cl/cen cord syn
E9488,Adv eff bact vac NEC/NOS
6940,Dermatitis herpetiformis
6212,Hypertrophy of uterus
E8556,Acc poisn-sympatholytics
4371,Ac cerebrovasc insuf NOS
28982,Sec hypercoagulable st
65203,Unstable lie-antepartum
37412,Mechanical ectropion
E8159,Mv coll w obj-pers NOS
1498,Mal neo oral/pharynx NEC
V1640,Fm hx genital malig NOS
9065,Late eff head/neck burn
7328,Osteochondropathy NEC
7862,Cough
V1509,Hx-allergy NEC
V580,Radiotherapy encounter
8249,Fx ankle NOS-open
E961,Assault-corrosiv/caust
36564,Glaucoma w tumor or cyst
73075,Polio osteopathy-pelvis
37289,Conjunctiva disorder NEC
E9289,Accident NOS
94862,60-69% bdy brn/20-29% 3d
42761,Atrial premature beats
29655,Bipol I cur dep rem NOS
9941,Drowning/nonfatal submer
1578,Malig neo pancreas NEC
5837,Nephr NOS/medull necros
30652,Psychogenic dysmenorrhea
E9451,Adv eff smooth musc relx
36044,Leucocoria
V235,Preg w poor reproduct hx
E9262,Vis/ultraviol lght expos
30520,Cannabis abuse-unspec
30282,Voyeurism
9571,Injury to nerve NEC
80464,Opn skl/oth fx-prol coma
9172,Blister foot & toe
74742,Part anom pulm ven conn
61182,Hypoplasia of breast
75471,Talipes cavus
37723,Coloboma of optic disc
04513,Paral polio NEC-type 3
V5301,Adj cerebral vent shunt
2153,Ben neo soft tissue leg
E0130,Personal bathing/shower
01592,TB bone/jt NOS-exam unkn
71912,Hemarthrosis-up/arm
1973,Sec malig neo resp NEC
E8851,Fall from roller skates
66622,Delay p/p hem-del w p/p
56722,Peritoneal abscess
66912,Obstet shock-deliv w p/p
V1085,Hx of brain malignancy
72743,Ganglion NOS
52541,"Comp edentulism,class I"
83104,Disloc acromioclavic-cl
99831,Disrup internal op wound
83902,Disloc 2nd cerv vert-cl
V030,Vaccin for cholera
00869,Other viral intes infec
V7651,Screen malig neop-colon
V829,Screen for condition NOS
8750,Open wound of chest
94303,Burn NOS upper arm
8261,"Fx phalanx, foot-open"
7469,Cong heart anomaly NOS
E9978,War inj-unconven war NEC
2126,Benign neoplasm thymus
27709,Cystic fibrosis NEC
1451,Mal neo mouth vestibule
57470,Gal&bil cal w/oth w/o ob
67640,Lactation fail-unspec
95214,T1-t6 spin cord inj NEC
1454,Malignant neoplasm uvula
7359,Acq deformity of toe NOS
E9506,Poison-agricult agent
2812,Folate-deficiency anemia
E8733,Inadv radiat exp-medical
27903,Selective ig defic NEC
94501,Burn NOS toe
3159,Development delay NOS
99962,Abo incompat/acute HTR
29502,Simple schizophren-chr
43320,Ocl vrtb art wo infrct
37613,"Parasite infest, orbit"
V520,Fitting artificial arm
2220,Benign neoplasm testis
28804,Neutropenia d/t infectn
9001,Inj internl jugular vein
E8860,Fall in sports
1579,Malig neo pancreas NOS
V5416,Aftrcre traum fx low leg
V2651,Tubal ligation status
V010,Cholera contact
V534,Fit orthodontic device
66431,Del w 4 deg lacerat-del
1411,Mal neo dorsal tongue
07030,Hpt B acte wo cm wo dlta
1883,Mal neo bladder-anterior
V2634,Male genetc test dis car
94315,1st deg burn shoulder
38872,Referred pain of ear
V5410,Aftrcre traum fx arm NOS
43410,Crbl emblsm wo infrct
35924,Drug induced myotonia
5988,Urethral stricture NEC
65460,Abn cervix NEC preg-unsp
81321,Fx radius shaft-closed
7505,Cong pyloric stenosis
37484,Cysts of eyelids
1459,Malig neoplasm mouth NOS
7709,NB respiratory cond NOS
34600,Mgrn w aura wo ntrc mgrn
36231,Cent retina artery occlu
37651,Enophth d/t orbit atrphy
94230,3rd deg burn trunk NOS
2352,Unc behav neo intestine
7627,Chorioamnionitis aff NB
3809,Dis external ear NOS
6148,Fem pelv inflam dis NEC
0903,Syphilitic keratitis
071,Rabies
45377,Ch embl thorac vein NEC
64722,Other vd-delivered w p/p
E8243,N-traf brd/alit-mcyc psg
73091,Bone infect NOS-shlder
53371,Chr peptic ulcer NOS-obs
38810,Noise effect-ear/NOS
E0021,Springboard/platfrm dive
27701,Cystic fibrosis w ileus
V6110,Consl partner prob
7948,Abn liver function study
49302,Ext asthma w(acute) exac
V299,NB obsrv unsp suspct cnd
E9357,Adv eff non-narc analgsc
30582,Antidepress abuse-episod
36207,Diabetic macular edema
7134,Arthropathy w resp dis
67004,Major puerp inf NOS-p/p
64953,Spotting-antepartum
3335,Chorea NEC
33389,Fragm torsion dyston NEC
67014,Puerp endomet-postpart
7422,"Reduction deform, brain"
86349,Colon injury NEC-closed
5855,Chron kidney dis stage V
90256,Injury uterine vein
E8402,Tk off/land-crew aircrft
0730,Ornithosis pneumonia
94104,Burn NOS chin
34622,Var mgr NEC wo ntc mgr
V1086,Hx-malign nerve syst NEC
71121,Behcet arthritis-shlder
00809,Int inf e coli spcf NEC
E0151,Grilling & smoking food
34591,Epilepsy NOS w intr epil
6299,Female genital dis NOS
81300,Fx upper forearm NOS-cl
17359,Malig neo skin trunk NEC
43831,Late ef-mplga up lmb dom
71909,Joint effusion-mult jts
E8116,Reentrant coll-ped cycl
3359,Ant horn cell dis NOS
59653,Paralysis of bladder
4429,Aneurysm NOS
7740,Perinat jaund-hered anem
56723,Spontan bact peritonitis
94516,1st deg burn thigh
83804,Disloc metatarsal NOS-cl
V703,Med exam NEC-admin purp
4644,Croup
64800,Diabetes in preg-unspec
E8255,Mv n-traf NEC-anim rider
9350,Foreign body in mouth
52566,Allergy dental res mat
0621,West equine encephalitis
2140,Lipoma skin face
V275,"Del-mult birth, all live"
95919,Trunk injury-sites NEC
67444,Placental polyp-postpart
73740,Spin curv NOS in oth dis
V850,"BMI less than 19,adult"
38640,Labyrinthine fistula NOS
94880,80-89% bdy brn/3 deg NOS
85159,Opn cerebel cont-concuss
29010,Presenile dementia
2158,Ben neo soft tissue NEC
94894,90% + bdy brn/40-49% 3rd
7590,Anomalies of spleen
0909,Congenital syphilis NOS
71929,Villonod synovit-mult jt
2720,Pure hypercholesterolem
8472,Sprain lumbar region
7781,Sclerema neonatorum
94343,Deep 3 deg brn upper arm
20150,Ndr sclr unsp xtrndl org
80630,T1-t6 fx-op/cord inj NOS
38053,Stenosis ear d/t inflam
64914,Obesity-postpartum
80484,Opn skl/oth fx-prol coma
486,"Pneumonia, organism NOS"
74320,Buphthalmos NOS
36237,Retina venous engorgemnt
37652,Enophthalmos d/t trauma
0530,Herpes zoster meningitis
34489,Oth spcf paralytic synd
44489,Arterial embolism NEC
09189,Secondary syphilis NEC
V5811,Antineoplastic chemo enc
V2631,Fem genetic test dis car
83961,Dislocat sternum-closed
28984,Heparin-indu thrombocyto
4257,Metabolic cardiomyopathy
E8124,Mv collision NOS-st car
V411,Eye problems NEC
63400,Spon abor w pel inf-unsp
5909,Infection of kidney NOS
3574,Neuropathy in other dis
E9195,Prime mover machine acc
5184,Acute lung edema NOS
20930,Malig neuroendo ca NOS
E8058,Hit by train-person NEC
E9082,Accident d/t floods
1268,Ancylostoma NEC
E9278,Overexert reptv mvmt NEC
4478,Arterial disease NEC
V5875,Aft oral cav/dig sys NEC
65261,Mult gest malpres-deliv
35971,Inclusion body myositis
64204,Essen hyperten-postpart
74561,Ostium primum defect
V8903,Sus fetal anomaly nt fnd
E9423,Adv eff ganglion-block
71941,Joint pain-shlder
74405,Anomalies of inner ear
71834,Recur dislocat-hand
V103,Hx of breast malignancy
1976,Sec mal neo peritoneum
0300,Lepromatous leprosy
75320,Obs dfct ren plv&urt NOS
71831,Recur dislocat-shlder
37581,Lacrim passage granuloma
6396,Postabortion embolism
3489,Brain condition NOS
73320,Cyst of bone NOS
7952,Abn chromosomal analysis
66541,High vaginal lacer-deliv
9598,Injury mlt site/site NEC
2896,Familial polycythemia
4560,Esophag varices w bleed
64253,Sev preeclamp-antepartum
41021,"AMI inferolateral, init"
37059,Interstit keratitis NEC
20265,Mal mastocytosis inguin
V183,Fam hx-blood disord NEC
29664,Bipol I cur mixed w psy
30522,Cannabis abuse-episodic
78906,Abdmnal pain epigastric
20003,Reticulosarcoma abdom
34403,"Quadrplg c5-c7, complete"
34660,Prs ara w inf wo ntr/st
V419,Probl w special func NOS
9072,Late eff spinal cord inj
20196,Hodgkins dis NOS pelvic
36454,Pupillary margin degen
33905,Shrt lst uni nral hdache
94866,60-69% bdy brn/60-69% 3d
9629,Poisoning hormon NEC/NOS
66941,Oth ob compl-delivered
V4989,Conditn influ health NEC
47410,Hypertrophy T and A
59683,Other comp of cystostomy
9540,Inj cerv sympath nerve
75459,Cong varus foot def NEC
9349,FB respiratory tree NOS
V0951,Inf mcrg rstn qn flrq ml
01124,TB lung w cavity-cult dx
5880,Renal osteodystrophy
36618,Hypermature cataract
9154,Insect bite finger
38201,Ac supp OM w drum rupt
66702,Retnd plac NOS-del w p/p
3526,Mult cranial nerve palsy
8902,Opn wnd hip/thigh w tend
07271,Mumps hepatitis
80379,Opn skull fx NEC-concuss
71489,Inflamm polyarthrop NEC
0943,Asymptomat neurosyphilis
94502,Burn NOS foot
92411,Contusion of knee
7142,Syst rheum arthritis NEC
83916,Disloc 6th cerv vert-opn
V4459,Cystostomy status NEC
2646,Vit A def w corneal scar
74351,Vitreous anomalies
85180,Brain laceration NEC
01596,TB bone/jt NOS-oth test
07052,Hpt dlt wo b wo hpt coma
6170,Uterine endometriosis
E9197,Earth moving machine acc
94334,3rd deg burn axilla
E9480,Adv eff bcg vaccine
V629,Psychosocial circum NOS
94556,3 deg burn w loss-thigh
E8032,RR acc w explos-pedest
56409,Constipation NEC
2233,Benign neoplasm bladder
8072,Fracture of sternum-clos
06641,West Nile Fever w/enceph
V8534,"BMI 34.0-34.9,adult"
65583,Fetal abnorm NEC-antepar
2879,Hemorrhagic cond NOS
01080,Prim prog TB NEC-unspec
37622,Exophthalm ophthalmopleg
36333,Posterior pole scar NEC
2983,Acute paranoid reaction
2529,Parathyroid disorder NOS
94403,Burn NOS mult fingers
V1507,Hx-latex allergy
3240,Intracranial abscess
71630,Climact arthritis-unspec
63530,Leg abor w ren fail-unsp
E9918,War inj:weapon fragments
E9332,Adv eff acidifying agent
67503,Infect nipple-antepartum
59780,Urethritis NOS
9064,Late effect of crushing
9131,Abrasion forearm-infect
20277,Periph T cell lym spleen
3963,Mitral/aortic val insuff
81000,Fx clavicle NOS-closed
28521,Anemia in chr kidney dis
23877,Post tp lymphprolif dis
5224,Ac apical periodontitis
25043,DMI renal uncntrld
0907,Late congen syph NOS
9400,Chemical burn periocular
1145,Pl cocidioidomycosis NOS
87269,Open wound of ear NEC
2358,Unc behav neo pleura
01713,Erythem nod tb-micro dx
0854,Cutan leishmanias amer
79092,Abnrml coagultion prfile
7488,Respiratory anomaly NEC
82321,Fx shaft fibula-closed
52409,Oth spcf anmly jaw size
56489,Funct dis intestine NEC
5562,Ulcerative proctitis
71145,Bact arthritis-pelvis
5309,Esophageal disorder NOS
7218,Spinal disorders NEC
1261,Necator Americanus
87353,Open wound lip-complicat
56081,Intestinal adhes w obstr
73314,Path fx neck of femur
20901,Malig carcinoid duodenum
94135,3rd deg burn nose
37052,Diffus interstit keratit
83662,Post disl prox tibia-opn
36222,"Retinoph prematr,stage 0"
E9338,Adv eff systemic agt NEC
20940,Ben crcnoid sm intst NOS
37104,Adherent leucoma
V769,Screen-neoplasm NOS
9341,Foreign body bronchus
1342,Hirudiniasis
2339,Ca in situ urinary NEC
28983,Myelofibrosis
7784,NB temp regulat dis NEC
2336,Ca in situ male gen NEC
41050,"AMI lateral NEC, unspec"
47871,Laryngeal cellulitis
5934,Ureteric obstruction NEC
64614,Edema in preg-postpartum
71520,Loc 2nd osteoarth-unspec
9924,Heat exhaust-salt deple
65823,Prolong rup memb-antepar
9694,Pois-benzodiazepine tran
E8938,Clothing fire NEC
79505,Cervical (HPV) DNA pos
81012,Fx clavicle shaft-open
85172,Opn cerebel lac-brf coma
8604,Traum pneumohemothor-cl
2259,Benign neo nerv sys NOS
10081,Leptospiral meningitis
0400,Gas gangrene
37631,Constant exophthalmos
87344,Open wound of jaw
70704,"Pressure ulcer, hip"
0091,Enteritis of infect orig
7039,Disease of nail NOS
29911,Childhd disintegr-resid
42989,Ill-defined hrt dis NEC
79501,Pap smear (ASC-US)
V1006,Hx-rectal & anal malign
63710,Abort NOS w hemorr-unsp
7908,Viremia NOS
7676,Brach plexus inj-birth
99653,Lens prosthesis malfunc
71877,Dev disloc jt-ankle/foot
52522,Atrophy mandible-modrate
5852,Chro kidney dis stage II
V620,Unemployment
9190,Abrasion NEC
34121,Acute myelitis oth cond
52422,Malocc-Angle's class II
2779,Metabolism disorder NOS
V7645,Screen malig neop-testis
7230,Cervical spinal stenosis
28409,Const aplastc anemia NEC
51181,Malignant pleural effusn
3525,Hypoglossal nerve dis
74365,Spec lacrimal pass anom
20492,Lymp leuk NOS relapse
E8429,Unpow aircrf acc-per NEC
V040,Vaccin for poliomyelitis
01331,TB brain abscess-no exam
E0080,Boxing
1950,Mal neo head/face/neck
71845,Jt contracture-pelvis
7853,Abnorm heart sounds NEC
9788,Pois-bact vaccin NEC/NOS
34692,Mgr NOS wo ntrc w st mgr
V725,Radiological exam NEC
9177,Foreign bdy foot/toe-inf
20934,Merkel cell ca-low limb
29594,Schizo NOS-chr/exacerb
V0759,Use oth agnt af estrogen
85213,Op subarach hem-mod coma
1509,Mal neo esophagus NOS
74103,Spin bif w hydrceph-lumb
1970,Secondary malig neo lung
9854,Toxic effect antimony
51664,Alv cap dysp w vn misaln
2135,Ben neo bones wrist/hand
V8551,"BMI,pediatric <5%"
2372,Unc behav neo adrenal
80421,Cl skl w oth fx w/o coma
5991,Urethral fistula
01365,TB encephalitis-histo dx
V1359,Hx musculoskletl dis NEC
82332,Fx shaft tibia w fib-opn
E9139,Suffocation NOS
7704,Primary atelectasis
36310,Dissem chorioretinit NOS
2101,Benign neoplasm tongue
66003,Obstruc/fet malpos-antep
37641,Hypertelorism of orbit
20522,Sbac myl leuk in relapse
20236,Mal histiocytosis pelvic
8027,Fx orbital floor-open
E8409,Tk off/land-pers NEC
E9061,Rat bite
6226,Hypertrophic elong cervx
V113,Hx of alcoholism
E8790,Abn react-cardiac cath
6273,Atrophic vaginitis
37556,Acq nasolacrml stenosis
E8745,Instrmnt fail-heart cath
01314,Tubrclma mening-cult dx
7591,Adrenal gland anomaly
80672,Fx sacr-op/cauda inj NEC
78650,Chest pain NOS
64101,Placenta previa-deliver
V168,Family hx-malignancy NEC
90081,Inj extern jugular vein
0761,"Trachoma, active stage"
37802,Monoc esotrop w a pattrn
53082,Esophageal hemorrhage
E9490,Adv eff smallpox vaccine
27781,Primary carnitine defncy
9147,Foreign body hand-infect
01112,TB lung nodul-exam unkn
75552,Cong elevation-scapula
5899,Small kidney NOS
7262,Shoulder region dis NEC
E8136,Mv-oth veh coll-ped cycl
7479,Circulatory anomaly NOS
6950,Toxic erythema
0022,Paratyphoid fever b
52111,Excess attrition-enamel
7714,Omphalitis of newborn
87263,Open wnd eustachian tube
37852,Total third nerve palsy
0999,Venereal disease NOS
27953,Ac on chrn grft-vs-host
73605,Wrist drop
E9271,Overxrt-prolng stc postn
7873,Flatul/eructat/gas pain
9084,Lt eff inj thor/abd vess
3629,Retinal disorder NOS
85240,Traumatic extradural hem
3501,Trigeminal neuralgia
66000,Obstruct/fet malpos-unsp
95205,C5-c7 spin cord inj NOS
86810,Intra-abdom inj NOS-open
65210,Cephalic vers NOS-unspec
53400,Ac marginal ulcer w hem
1951,Malign neopl thorax
20111,Hodgkins granulom head
85149,Cerebell contus-concuss
8822,Open wound hand w tendon
V1221,Hx gestational diabetes
7949,Abn function study NEC
9539,Inj nerve root/plex NOS
36475,Pupillary abnormalities
V4960,Status amput up lmb NOS
85195,Open brain lac-deep coma
81511,Fx 1st metacarp base-opn
9610,Poisoning-sulfonamides
20152,Hodg nodul sclero thorax
52401,Maxillary hyperplasia
2919,Alcohol mental disor NOS
V4970,Status amput lwr lmb NOS
2707,Straig amin-acid met NEC
65111,Triplet pregnancy-deliv
65561,Radiat fetal damag-deliv
E0054,Cheerleading
71802,Artic cartil dis-up/arm
E8981,Fire accident NEC
80131,Cl skul base fx w/o coma
37554,Lacrimal sac stenosis
63570,Leg ab w compl NEC-unsp
83801,Disloc tarsal NOS-closed
78799,Digestve syst symptm NEC
8371,Dislocation ankle-open
01325,Tubrcloma brain-histo dx
7282,Musc disuse atrophy NEC
70522,Sec focal hyperhidrosis
80333,Cl skull fx NEC-mod coma
6172,Tubal endometriosis
94504,Burn NOS lower leg
3593,Periodic paralysis
6281,Infertil-pituitary orig
40301,Mal hyp kid w cr kid V
01123,TB lung w cavit-micro dx
71119,Reiter arthritis-mult
6222,Leukoplakia of cervix
1440,Mal neo ant floor mouth
20913,Mal crcnoid ascend colon
V259,Contraceptive mangmt NOS
V197,Consanguinity
8260,"Fx phalanx, foot-closed"
E8693,Acc poison-tear gas
5571,Chr vasc insuff intest
72272,Thor disc dis w myelopat
30745,Nonorganic circadian rhy
V063,Vaccin for dtp + polio
65531,Fet damg d/t virus-deliv
V1012,Hx-tracheal malignancy
71151,Viral arthritis-shlder
3371,Aut neuropthy in oth dis
72400,Spinal stenosis NOS
V1781,Family hx osteoporosis
57431,Choledochlith/ac gb-obst
64240,Mild/NOS preeclamp-unsp
29551,Lat schizophren-subchr
0850,Visceral leishmaniasis
20004,Reticulosarcoma axilla
4779,Allergic rhinitis NOS
47820,Disease of pharynx NOS
E9413,Adv eff sympatholytics
39899,Rheumatic heart dis NEC
65350,Fetal disprop NOS-unspec
01624,TB of ureter-cult dx
94510,1st deg burn leg NOS
2245,Benign neoplasm retina
72270,Disc dis w myelopath NOS
E8061,RR acc NEC-passenger
E8669,Acc pois-solid/liq NOS
75161,Biliary atresia
E9219,Press vessel explos NOS
0081,Arizona enteritis
04500,Ac bulbar polio-type NOS
01515,TB of hip-histo dx
9010,Injury thoracic aorta
5690,Anal & rectal polyp
1408,Mal neo lip NEC
E9000,Excessive heat: weather
8246,Fx trimalleolar-closed
E976,Legal intervention NOS
38106,Ac allerg sanguinous OM
36081,Luxation of globe
37401,Senile entropion
29682,Atypical depressive dis
E8168,Loss control mv-pers NEC
64212,Renal hyperten-del p/p
E9830,Undetermin circ-hanging
85101,Cortex contusion-no coma
8471,Sprain thoracic region
5062,Fum/vapor up resp inflam
V162,Fam hx-intrathoracic mal
85113,Opn cort contus-mod coma
65803,Oligohydramnios-antepar
67114,Varicose vulva-postpart
80518,Fx mlt cervical vert-opn
E9884,Undeterm circ-electrocut
81500,Fx metacarpal NOS-closed
2800,Chr blood loss anemia
94142,Deep 3rd deg burn eye
2553,Corticoadren overact NEC
0233,Brucella canis
63582,Leg ab w compl NOS-comp
65981,Complic labor NEC-deliv
64862,CV dis NEC-deliver w p/p
3671,Myopia
V4975,Status amput below knee
E8908,Priv dwel fire-accid NEC
53191,Stomach ulcer NOS-obstr
V1324,Hx vulvar dysplasia
71817,Loose body-ankle
7063,Seborrhea
94147,Deep 3rd burn face NEC
65241,Face/brow present-deliv
E8122,Mv collis NOS-motorcycl
81501,Fx 1st metacarp base-cl
0498,Viral encephalitis NEC
37512,Lacrimal gland cyst NEC
0478,Viral meningitis NEC
32744,Parasomnia oth diseases
20302,Mult myeloma in relapse
94445,Deep 3 deg burn palm
73731,Resolv idiopath scolios
80479,Opn skull/oth fx-concuss
9166,Foreign body hip/leg
E848,Oth vehicle acc NEC
7702,NB interstit emphysema
71165,Mycotic arthritis-pelvis
59800,Urethr strict:infect NOS
V709,General medical exam NOS
6071,Balanoposthitis
6231,Leukoplakia of vagina
67602,Retract nipple-del w p/p
71596,Osteoarthros NOS-l/leg
05922,Yaba monkey tumor virus
6245,Hematoma of vulva
20490,Uns lym leu wo ach rmsn
E0102,Free weights
99591,Sepsis
E8104,Mv-train coll-st car
3649,Iris/ciliary dis NOS
6259,Fem genital symptoms NOS
37814,Monoc exotrop w x/y pat
53101,Ac stomac ulc w hem-obst
71800,Artic cartil dis-unspec
87261,Open wound of ear drum
37444,"Sensory disorders, lid"
9278,Mult crushing injury arm
5902,Renal/perirenal abscess
3579,Inflam/tox neuropthy NOS
29606,Bipol I single manic rem
52471,Alveolar maxil hyprplsia
34650,Prst aura wo inf/ntr/st
63421,Spon ab w pelv damag-inc
01141,TB lung fibrosis-no exam
66230,Delay del 2nd twin-unsp
4401,Renal artery atheroscler
2329,Ca in situ skin NOS
83411,Disl metacarpophalan-opn
71218,Dicalc phos cry-site NEC
3152,Oth learning difficulty
4372,Hypertens encephalopathy
40400,Mal hy ht/kd I-IV w/o hf
475,Peritonsillar abscess
V1005,Hx of colonic malignancy
71126,Behcet arthritis-l/leg
37721,Drusen of optic disc
E8328,Submers NEC-person NEC
1490,Mal neo pharynx NOS
82121,Fx femoral condyle-close
E8635,Acc poison-herbicides
86339,Small intest inj NEC-opn
66051,Locked twins-delivered
79677,Sat anal smr-no trnsfrm
65820,Prolong rupt memb-unspec
71887,Jt derangement NEC-ankle
6234,Old vaginal laceration
79516,Pap smr vag-cytol malig
V9033,Retained wood fragments
65530,Fet damg d/t virus-unsp
E9279,Overexert reptv mvmt NOS
83661,Ant disl prox tibia-open
38651,Hypract labyrinth unilat
83315,Dislocat metacarpal-open
41060,"True post infarct,unspec"
E0011,Running
66031,Persist occiptpost-deliv
1360,Ainhum
94458,3rd brn w loss hand-mult
33921,Ac post-trauma headache
29580,Schizophrenia NEC-unspec
4169,Chr pulmon heart dis NOS
64391,Vomit of preg NOS-deliv
80851,Fracture of ilium-open
4376,Nonpyogen thrombos sinus
71668,Monoarthrit NOS-oth site
92820,Crushing injury foot
74421,Cong absence of ear lobe
7358,Acq deformity of toe NEC
1028,Latent yaws
81610,"Fx phalanx, hand NOS-opn"
37924,Vitreous opacities NEC
99976,Non-abo incomp/HTR NEC
0623,St Louis encephalitis
83810,Dislocat foot NOS-open
E8622,Acc pois-lubricating oil
75619,Anomaly of spine NEC
01351,TB sp crd absc-no exam
8028,Fx facial bone NEC-close
67113,Varicose vulva-antepart
34409,Other quadriplegia
8290,Fracture NOS-closed
80709,Fx mult ribs NOS-closed
V5971,Egg donor age <35 anon
449,Septic arterial embolism
38800,Degen/vascul dis ear NOS
53087,Mech comp esophagostomy
71789,Int derangement knee NEC
05449,Herpes simplex eye NEC
V528,Fitting prosthesis NEC
E8112,Reentrant coll-motcycl
2123,Benign neo bronchus/lung
5942,Urethral calculus
64700,Syphilis in preg-unspec
67124,Thrombophlebit-postpart
E9990,"Late effect, war injury"
37485,"Vascular anomaly, eyelid"
4291,Myocardial degeneration
8874,"Amputat arm, unilat NOS"
V2622,Sterilzation rev aftcare
66620,Delay p/part hem-unspec
66923,Matern hypotens-antepar
17302,Squamous cell ca skn lip
59372,Vscourtl rflx npht bltrl
80414,Cl skl/oth fx-proln coma
8977,"Amputat leg, bilat-compl"
20943,Benign carcinoid ileum
E8680,Acc pois-liq petrol gas
E8730,Excess fluid in infusion
72403,"Spin sten,lumbr w claud"
01692,Gu TB NOS-exam unkn
01653,TB male gen NEC-micro dx
V2135,Low birthwt 2000-2500g
V2635,Test male/fem preg loss
83663,Med disl prox tibia-open
1985,Secondary malig neo bone
V624,Social maladjustment
42741,Ventricular fibrillation
V237,Insufficnt prenatal care
65943,Grand multiparity-antepa
36830,Binocular vision dis NOS
V069,Vac-dis combinations NOS
37431,Paralytic ptosis
69018,Sebrrheic dermatitis NEC
E9375,Adv eff glutethimide
V0971,Inf mcrg rstn oth ag mlt
73395,Stress fracture bone NEC
2340,Ca in situ eye
94201,Burn NOS breast
E8503,Acc poison-salicylates
80710,Fracture rib NOS-open
09816,Gc endometritis (acute)
47811,Nasal mucositis (ulcer)
E9401,Adv eff opiat antagonist
6808,"Carbuncle, site NEC"
67914,Fetal comp in utero-p/p
76406,Lt-for-dates 1500-1749g
29663,Bipol I cur mix w/o psy
0031,Salmonella septicemia
81390,Fx forearm NOS-open
20247,Hairy-cell leukem spleen
42841,Ac syst/diastol hrt fail
01360,TB encephalitis-unspec
66131,Precipitate labor-deliv
5519,"Hernia, site NOS w gangr"
E8530,Acc pois-phenthiaz tranq
3350,Werdnig-hoffmann disease
71192,Inf arthritis NOS-up/arm
1912,Mal neo temporal lobe
9175,Insect bite foot/toe-inf
0859,Leishmaniasis NOS
29521,Catatonia-subchronic
86392,"Pancreas, body inj-open"
71658,Polyarthrit NOS-oth site
61171,Mastodynia
E9468,Adv eff skin agent NEC
5199,Resp system disease NOS
67450,Peripart cardiomy-unspec
66503,Prelab rupt uter-antepar
5995,Prolapse urethral mucosa
36371,Serous choroid detachmnt
43380,Ocl spcf art wo infrct
E8102,Mv-train coll-motorcycl
4474,Celiac art compress syn
90210,Inj infer vena cava NOS
0303,Borderline leprosy
6944,Pemphigus
29282,Drug persisting dementia
36265,Secondry pigment degen
V3900,Liveborn NOS-hosp w/o cs
65381,Disproportion NEC-deliv
V1364,"Hx-cong malform-eye,face"
7866,Chest swelling/mass/lump
E9679,Child abuse NOS
38333,Postmastoid granulations
0479,Viral meningitis NOS
70702,"Pressure ulcer, upr back"
9268,Mult crushing inj trunk
74345,Aniridia
45981,Venous insufficiency NOS
90451,Inj anter tibial artery
90221,Injury gastric artery
1521,Malignant neopl jejunum
E9683,Assault-hot liquid
66550,Ob inj pelv org NEC-unsp
V6283,Cnsl perp phys/sex abuse
7482,Laryngeal web
28950,Spleen disease NOS
33522,Progressive bulbar palsy
71924,Villonod synovit-hand
9741,Pois-purine diuretics
80010,Cl skl vlt fx/cerebr lac
35830,Lambert-Eaton synd NOS
V210,Rapid childhood growth
E9988,War inj:after cease NEC
53521,Gstr mcsl hyprt w hmrg
3393,Drug induce headache NEC
1363,Pneumocystosis
61882,Incomptnce rectovag tiss
9608,Poisoning-antibiotic NEC
7906,Abn blood chemistry NEC
52121,Abrasion-enamel
90289,Inj abdominal vessel NEC
E8264,Ped cycle acc-occ st car
94505,Burn NOS knee
9152,Blister finger
37482,Edema of eyelid
V012,Poliomyelitis contact
4412,Thoracic aortic aneurysm
20263,Mal mastocytosis abdom
63380,Ect preg NEC w/o int prg
E9130,Suffocat in bed/cradle
V727,Skin/sensitization tests
2219,Ben neo fem genital NOS
01134,TB of bronchus-cult dx
E9941,War inj:aircrft-own expl
4558,Hemrrhoid NOS w comp NEC
0863,Gambian trypanosomiasis
0720,Mumps orchitis
70703,"Pressure ulcer, low back"
9529,Spinal cord injury NOS
1838,Mal neo adnexa NEC
1277,Intest helminthiasis NEC
0204,Secondary pneumon plague
E8251,Mv n-traff NEC/NOS-psgr
82002,"Fx femur, midcervic-clos"
64294,Hypertens NOS-postpartum
3068,Psychogenic disorder NEC
81410,Fx carpal bone NOS-open
79981,Decreased libido
77014,Amniotic asp w resp sym
E9346,Adv eff gamma globulin
74749,Great vein anomaly NEC
64734,Tuberculosis-postpartum
7830,Anorexia
36253,Cystoid macular degen
V4512,Noncmplnt w renal dialys
4358,Trans cereb ischemia NEC
42491,Endocarditis in oth dis
37733,Nutrition optc neuropthy
9618,Pois-antimycobac drg NEC
E8100,Mv-train coll-driver
96972,Poisoning by amphetamine
V755,Screen-schistosomiasis
75833,Microdeletions NEC
37503,Ch enlargmnt lacrim glnd
8405,Sprain subscapularis
51852,Ot pul insuf fol trm/srg
3006,Depersonalization disord
64664,Gu infection-postpartum
20216,Mycosis fungoides pelvic
34682,Oth mgr wo ntrc w st mgr
6809,Carbuncle NOS
31222,Social conduct dis-mod
80713,Fracture three ribs-open
78721,"Dysphagia, oral phase"
1479,Mal neo nasopharynx NOS
37832,Hypotropia
69514,Stevens-Johnson-TEN syn
75029,Pharyngeal anomaly NEC
80430,Cl skul w oth fx/hem NEC
75013,Cong fissure of tongue
V279,Outcome of delivery NOS
8091,Fracture trunk bone-open
80000,Closed skull vault fx
9870,Toxic eff liq petrol gas
85225,Subdural hem-deep coma
5294,Atrophy tongue papillae
94412,1st deg burn thumb
6176,Endometriosis in scar
185,Malign neopl prostate
78937,Abdmnal mass generalized
2881,Function dis neutrophils
V759,Screen for infec dis NOS
92303,Contusion of upper arm
V1582,History of tobacco use
63311,Tubal preg w intra preg
124,Trichinosis
5173,Acute chest syndrome
1869,Malig neo testis NEC
94526,2nd deg burn thigh
94555,3 deg burn w loss-knee
66331,Cord entangle NEC-deliv
27702,Cystic fibros w pul man
0911,Primary anal syphilis
67120,Thrombophleb preg-unspec
64981,Spon labr w plan C/S-del
4351,Vertebral artery syndrom
65321,Inlet contraction-deliv
71880,Jt derangmnt NEC-unsp jt
37861,Brown's sheath syndrome
75983,Fragile x syndrome
52103,Dental caries - pulp
67512,Breast abscess-del w p/p
78722,"Dysphagia, oropharyngeal"
4211,Ac endocardit in oth dis
94519,1st deg burn leg-mult
64381,Vomit compl preg-deliver
9221,Contusion of chest wall
51881,Acute respiratry failure
48239,Pneumonia oth strep
71627,Allerg arthritis-ankle
2300,Ca in situ oral cav/phar
0998,Venereal disease NEC
87339,Mult open wnd nose-compl
1214,Fasciolopsiasis
94355,3rd burn w loss-shoulder
36059,"Old magnet fb, eye NEC"
71129,Behcet arthritis-mult
53210,Ac duodenal ulcer w perf
9157,Foreign body finger-inf
66930,Ac kidny fail w del-unsp
38511,Adhesion tympanum-incus
67194,Venous compl NOS-postpar
94205,Burn NOS genitalia
4512,Thrombophlebitis leg NOS
73070,Polio osteopathy-unspec
V8543,"BMI 50.0-59.9, adult"
9679,Pois-sedative/hypnot NOS
44501,"Atheroembolism,upper ext"
29524,Catatonia-chr/exacerb
0545,Herpetic septicemia
80705,Fracture five ribs-close
27403,Chr gouty atroph w tophi
37921,Vitreous degeneration
37454,Hypertrichosis of eyelid
71953,Jt stiffnes NEC-forearm
V6125,Cnsl prnt-fstr chld prob
01670,TB female gen NEC-unspec
66914,Obstetric shock-postpart
V6881,Referral-no exam/treat
38512,Adhesion tympanum-stapes
1537,Mal neo splenic flexure
V331,Twin NOS-before admissn
75441,Cong knee dislocation
99961,Abo incomp/HTR NEC
V1053,Hx malig renal pelvis
5800,Ac proliferat nephritis
44771,Thoracic aortic ectasia
30019,Factitious ill NEC/NOS
85151,Opn cerebe cont w/o coma
53520,Gstr mcsl hyprt w/o hmrg
36353,Part cent choroid dystr
34540,Psymotr epil w/o int epi
99654,Breast prosth malfunc
E8078,RR acc NOS-person NEC
67614,Cracked nipple-postpart
65340,Fetopelv disprop-unspec
80439,Cl skul w oth fx-concuss
2276,Ben neo paraganglia NEC
4738,Chronic sinusitis NEC
462,Acute pharyngitis
1902,Mal neo lacrimal gland
3719,Corneal disorder NOS
11500,Histoplasma capsulat NOS
29532,Paranoid schizo-chronic
30279,Psychosexual dysfunc NEC
27411,Uric acid nephrolithias
59371,Vscurt rflx npht uniltrl
9562,Inj posterior tib nerve
7563,Rib & sternum anomal NEC
90281,Injury ovarian artery
66822,Cns complic-del w p/p
94832,30-39% bdy brn/20-29% 3d
0552,Postmeasles otitis media
70715,Ulcer other part of foot
7028,Other specf dermatoses
01703,TB skin/subcut-micro dx
94214,1st deg burn back
80160,Op skl base fx/cereb lac
5565,Lftsded ulcertve colitis
71146,Bact arthritis-l/leg
0722,Mumps encephalitis
32749,Organic parasomnia NEC
36925,Moderate impair-both eye
75502,"Polydactyly, toes"
73011,Chr osteomyelit-shlder
01711,Erythem nodos tb-no exam
9401,Burn periocular area NEC
80361,Opn skul fx NEC w/o coma
65143,Triplets w fet loss-ante
7628,Abn amnion NEC aff NB
E8151,Mv coll w oth obj-pasngr
9115,Insect bite trunk-infec
V570,Breathing exercises
2161,Benign neo skin eyelid
76078,Mat antimetabol aff NB
86613,Kidney disruption-open
99983,Hemolytc trans react NOS
33920,Post-trauma headache NOS
55301,Recur unil femoral hern
37250,Conjunctival degen NOS
85419,Opn brain inj-concussion
37950,Nystagmus NOS
71211,Dicalc phos cryst-shlder
10089,Leptospiral infect NEC
36800,Amblyopia NOS
V0252,Streptococus carrier NEC
5289,Oral soft tissue dis NEC
71872,Dev dislocat jt-up/arm
52324,Gingival recession-local
55329,Ventral hernia NEC
9594,Hand injury NOS
29189,Alcohol mental disor NEC
45910,Postphlbtc synd w/o comp
37004,Hypopyon ulcer
80238,Fx mandible body NEC-opn
2598,Endocrine disorders NEC
98989,Tox eff nonmed subst NEC
65414,Uterine tumor-postpartum
81344,Fx low radius w ulna-cl
20050,Primary CNS lymph xtrndl
0773,Adenoviral conjunct NEC
9644,Poison-fibrinolysis agnt
62981,Rec preg loss wo cur prg
77015,Blood asp w/o resp sympt
E8708,Acc cut in med care NEC
57471,Gall&bil cal w/oth w obs
74300,Clinic anophthalmos NOS
29616,Recur manic-full remiss
94112,1st deg burn eye
3962,Mitral insuf/aort stenos
7964,Abn clinical finding NEC
7799,Perinatal condition NOS
9031,Injury brachial vessels
80369,Opn skull fx NEC-concuss
2727,Lipidoses
9881,Toxic effect mushrooms
65610,Rh isoimmunization-unsp
67692,Lactat dis NOS-del w p/p
94428,2nd deg burn hand-mult
29632,Recurr depr psychos-mod
64840,Mental dis preg-unspec
57490,Gall&bil cal w/o cho w/o
82532,"Fx navicular, foot-open"
38202,Ac supp OM in oth dis
8055,Fx lumbar vertebra-open
68101,Felon
V1087,Hx of thyroid malignancy
80373,Opn skul fx NEC-mod coma
E8781,Abn react-artif implant
64191,Antepartum hem NOS-deliv
2714,Renal glycosuria
64732,Tuberculosis-deliv w p/p
8479,Sprain of back NOS
9178,Superf inj foot/toe NEC
V052,Vaccin for leishmaniasis
V5843,Aftrcare inj/trauma surg
9352,Foreign body in stomach
E9502,Poison-sedat/hypnotic
2274,Ben neopl pineal gland
E9629,Assault-poisoning NOS
94143,Deep 3rd deg burn lip
48809,Flu dt avian manfest NEC
V5781,Orthotic training
E0110,Computer keyboarding
94851,50-59% bdy brn/10-19% 3d
29281,Drug-induced delirium
67151,Thrombosis NEC-delivered
E9585,Injury-motor veh crash
34889,Brain conditions NEC
20041,Mantle cell lymph head
37700,Papilledema NOS
31234,Intermitt explosive dis
72141,Spond compr thor sp cord
85111,Opn cortx contus-no coma
66060,Fail trial lab NOS-unsp
03811,Meth susc Staph aur sept
80102,Cl skul base fx-brf coma
E918,Caught between objects
37161,"Keratoconus, stable"
V0389,Nd other specf vacnation
33701,Carotid sinus syndrome
E9432,Adv eff emoll cathartics
67904,Mat comp in utero-p/p
E8699,Acc poison-gas/vapor NOS
36204,Mild nonprolf db retnoph
0331,Bordetella parapertussis
505,Pneumoconiosis NOS
71521,Loc 2nd osteoarth-shlder
E9916,War inj:vehic-borne IED
9060,Lt eff opn wnd head/trnk
0218,Tularemia NEC
E9022,Air press change: diving
1032,Pinta late lesions
20024,Burkitt's tumor axilla
77984,Meconium staining
20611,Chr mono leuk w rmsion
V5391,Fit/adjust insulin pump
1174,Mycotic mycetomas
29615,Recur manic-part remiss
5849,Acute kidney failure NOS
73013,Chr osteomyelit-forearm
7605,Maternal injury aff NB
V6408,No vaccin-prev disease
4845,Pneumonia in anthrax
9785,Pois-diphtheria vaccine
0728,Mumps complication NOS
73016,Chr osteomyelit-l/leg
42518,Oth hyprtrophic cardiomy
V6123,Cnsl prnt-biol chld prob
V5868,Lng term bisphosphonates
V8522,"BMI 26.0-26.9,adult"
04189,Oth specf bacteria
38330,Postmastoid compl NOS
E8348,W/crft fall NEC-pers NEC
65313,Contrac pelv NOS-antepar
71848,Jt contracture-jt NEC
66420,Del w 3 deg lacerat-unsp
65931,Septicem in labor-deliv
37400,Entropion NOS
66133,Precipitate labor-antepa
7783,NB hypothermia NEC
07950,"Retrovirus, unspecified"
43820,Late ef-hemplga side NOS
51919,Trachea & bronch dis NEC
4951,Bagassosis
0021,Paratyphoid fever a
30573,Amphetamine abuse-remiss
55000,Unilat ing hernia w gang
3100,Frontal lobe syndrome
8761,Open wound back-compl
2729,Lipoid metabol dis NOS
E9828,Undet pois-gas/vapor NEC
36572,Moderate stage glaucoma
E9355,Adv eff pyrazole deriv
42689,Conduction disorder NEC
80473,Opn skul/oth fx-mod coma
69559,Exfl d/t eryth >=90% bdy
6398,Postabortion compl NEC
6289,Female infertility NOS
1172,Chromoblastomycosis
94440,Deep 3 deg brn hand NOS
03682,Meningococc arthropathy
36356,Prt gen choroid dyst NEC
9892,Tox eff chlor hydrocarb
37404,Cicatricial entropion
0778,Viral conjunctivitis NEC
81602,"Fx dist phalanx, hand-cl"
90182,Inj int mammary art/vein
58081,Ac nephritis in oth dis
E9351,Adv eff methadone
E9912,War injury:bullet NEC
78763,Fecal urgency
64724,Other vd-postpartum
5952,Chronic cystitis NEC
7764,Polycythemia neonatorum
88110,Open wound forearm-compl
38521,Ankylosis malleus
72401,Spinal stenosis-thoracic
64820,Anemia in preg-unspec
99649,Mech com orth dev NEC
25208,Hyperparathyroidism NEC
E8049,Fall from train-pers NOS
4271,Parox ventric tachycard
E8073,RR acc NOS-ped cyclist
71853,Ankylosis-forearm
3020,Ego-dystonic sex orient
53411,Ac margin ulc w perf-obs
65950,Elderly primigravid-unsp
75160,Biliary & liver anom NOS
86110,Heart injury NOS-open
E9460,Adv eff loc anti-infectv
20251,Letterer-siwe dis head
5936,Postural proteinuria
0301,Tuberculoid leprosy
29564,Schizoph resid-chro/exac
56739,Retroperiton infect NEC
53250,Chr duoden ulcer w perf
66980,Compl lab/deliv NEC-unsp
67590,Breast inf preg NOS-unsp
E8325,Submers NEC-swimmer
70521,Primary focal hyprhidros
71967,Joint symptom NEC-ankle
94255,3rd brn w loss-genitalia
0653,Tick-borne hem fever NEC
E0135,Residential relocation
1620,Malignant neo trachea
86514,Spleen disruption-open
01164,TB pneumonia-cult dx
71522,Loc 2nd osteoarth-up/arm
30462,Drug depend NEC-episodic
20048,Mantle cell lymph multip
9120,Abrasion shoulder/arm
37040,Keratoconjunctivitis NOS
6922,Solvent dermatitis
E9001,"Excessive heat, man-made"
36601,Ant subcaps pol cataract
2913,Alcoh psy dis w hallucin
20401,Act lym leuk w rmsion
52460,TMJ disorders NOS
03640,Meningococc carditis NOS
64924,Bariatrc surg stat w p/p
5728,"Oth sequela, chr liv dis"
20223,Sezary's disease abdom
82524,"Fx cuneiform, foot-clos"
73024,Osteomyelitis NOS-hand
3419,Cns demyelination NOS
33519,Spinal muscl atrophy NEC
V9011,Retain magnet metal frag
60820,Torsion of testis NOS
30300,Ac alcohol intox-unspec
0939,Cardiovascular syph NOS
85119,Opn cortx contus-concuss
01215,TB thorax node-histo dx
78639,Hemoptysis NEC
4659,Acute uri NOS
05371,H zoster otitis externa
V6124,Cnsl prnt-adpt chld prob
04081,Tropical pyomyositis
E8242,N-traf brd/alight-mocycl
01514,TB of hip-cult dx
3441,Paraplegia NOS
V655,Persn w feared complaint
09956,Ot VD chlm trch prtoneum
V501,Plastic surgery NEC
86812,Biliary tract injury-opn
34560,Inf spasm w/o intr epil
1020,Initial lesions yaws
86414,"Liver lacerat, major-opn"
2359,Unc behav neo resp NEC
7901,Elevated sediment rate
67581,Breast infect NEC-deliv
72665,Prepatellar bursitis
71157,Viral arthritis-ankle
94145,Deep 3rd deg burn nose
V041,Vaccin for smallpox
40411,Ben hyp ht/kd I-IV w hf
71161,Mycotic arthritis-shlder
E9068,Inj NEC caused by animal
76424,Fetal mal 1000-1249g
71857,Ankylosis-ankle
9399,Foreign bdy gu tract NOS
E8641,Acc poison-acids
53270,Chr duodenal ulcer NOS
7753,Neonatal thyrotoxicosis
66120,Uterine inertia NEC-unsp
44020,Athscl extrm ntv art NOS
01315,Tubrclma mening-histo dx
33812,Acute post-thoracot pain
5761,Cholangitis
86342,Transverse colon inj-cl
75289,Genital organ anom NEC
34510,Gen cnv epil w/o intr ep
20056,Primary CNS lymph pelvic
65570,Decrease fetl movmt unsp
09886,Gonococcal peritonitis
34570,Epil par cont w/o int ep
E8665,Acc poison-plant food
71921,Villonod synovit-shlder
7746,Fetal/neonatal jaund NOS
V9010,Retained metal frag NOS
8921,Open wound foot-compl
94129,2nd deg burn head-mult
42293,Toxic myocarditis
38522,Ankylosis ear ossicl NEC
1281,Gnathostomiasis
E9970,War injury:lasers
V1581,Hx of past noncompliance
59652,Low bladder compliance
80173,Opn skl base fx-mod coma
36970,"Low vision, one eye"
4413,Rupt abd aortic aneurysm
79416,Abn vestibular func stud
38513,Adhesion tymp-promontor
65830,Artific rupt membr-unsp
55090,Unilat inguinal hernia
73087,Bone infect NEC-ankle
E0160,"Digging,shovel,rake"
V4584,Dental restoratn status
0914,Syphilitic adenopathy
99524,Fail mod sedate dur proc
94410,1st deg burn hand NOS
29661,Bipol I currnt mix-mild
9942,Effects of hunger
38110,Chr serous OM simp/NOS
4480,Heredit hemorr telangiec
30271,Hypoactive sex desire
V5882,Fit/adj non-vsc cath NEC
2354,Unc behav neo peritoneum
01084,Prim prog TB NEC-cult dx
V7242,Pregnancy test-positive
27787,Dis mitochondrial metab
94306,Burn NOS scapula
73632,Coxa vara
99830,Wound disruption NOS
37533,Phlegmon dacryocystitis
80071,Opn skul vlt fx w/o coma
5292,Med rhomboid glossitis
20006,Reticulosarcoma pelvic
E8850,Fall-nonmotor scooter
E9010,Excessive cold: weather
E0029,Water/watercraft
80450,Opn skull fx/oth bone fx
94316,1st deg burn scapula
6192,"Genital-skin fistul, fem"
6291,Hydrocele canal nuck-fem
38530,Cholesteatoma NOS
1178,Dematiacious fungi inf
23981,Neo retina/choroid NOS
80432,Cl skl w oth fx-brf coma
3148,Other hyperkinetic synd
67900,Mat comp in utero-unsp
8247,Fx trimalleolar-open
66811,Heart compl in del-deliv
E8008,RR coll NOS-person NEC
V735,Screening-arbovirus dis
3089,Acute stress react NOS
38811,Acoustic trauma
9874,Toxic effect freon
52430,Tooth position anom NOS
2124,Benign neoplasm pleura
E9411,Adv eff parasympatholytc
9747,Pois-uric acid metabol
78001,Coma
75521,Transverse defic arm
V6540,Counseling NOS
V5309,Adj nerv syst device NEC
01380,Cns TB NEC-unspec
V423,Skin transplant status
94871,70-79% bdy brn/10-19% 3d
37151,Juv epith cornea dystrph
52879,Dist oral epithelium NEC
64731,Tuberculosis-delivered
7200,Ankylosing spondylitis
72281,Postlaminect synd-cerv
20207,Nodular lymphoma spleen
42299,Acute myocarditis NEC
V9100,Twin gest-plac/sac NOS
2549,Disease of thymus NOS
64894,Oth curr cond-postpartum
5601,Paralytic ileus
20812,Ch leu uns cl in relapse
30301,Ac alcohol intox-contin
74914,Bilat cleft lip-incompl
20253,Letterer-siwe dis abdom
20112,Hodgkins granulom thorax
30014,Dissociatve identity dis
94352,3rd burn w loss-elbow
73073,Polio osteopathy-forearm
V261,Artificial insemination
20925,Mal carcnoid foregut NOS
7991,Respiratory arrest
64400,Threat prem labor-unspec
V6285,Homicidal ideation
66491,Ob perineal trau NOS-del
29573,Schizoaff dis-subch/exac
04671,Gerstmn-Straus-Schnk syn
80632,T1-t6 fx-op/ant cord syn
27502,Hemochromatos-rbc trans
9492,2nd degree burn NOS
37771,Vis cortx dis w neoplasm
7868,Hiccough
94452,3rd burn w loss-thumb
75470,Talipes NOS
6280,Infertility-anovulation
9684,Pois-gen anesth NEC/NOS
20610,Ch mono leu wo achv rmsn
66581,Ob trauma NEC-delivered
01225,Isolat trach tb-histo dx
7135,Arthropathy w nerve dis
30111,Chronic hypomanic person
71874,Dev dislocat joint-hand
25022,DMII hprosmlr uncontrold
37959,Irregular eye mvmnts NEC
7619,Matern compl NOS aff NB
E8551,Acc poisn-cns depres NEC
37603,Orbital osteomyelitis
94433,3rd deg burn mult finger
01233,TB laryngitis-micro dx
3492,Disorder of meninges NEC
44323,Dissection renal artery
5288,Oral submucosal fibrosis
80495,Opn skl/oth fx-deep coma
5651,Anal fistula
9019,Inj thoracic vessel NOS
20072,Large cell lymph thorax
4830,Pneu mycplsm pneumoniae
5082,Resp cond dt smoke inhal
V4381,Larynx replacement
9579,Injury to nerve NOS
64292,Hypertens NOS-del w p/p
V7232,Pap smear confirmation
5730,Chr passiv congest liver
7232,Cervicocranial syndrome
07798,Unsp ds conjuc chlamydia
V321,"Twin, mate sb-before adm"
4230,Hemopericardium
E8019,RR col w oth obj-per NOS
83803,Disloc tarsometatars-cl
05329,Herpes zoster of eye NEC
94223,2nd deg burn abdomn wall
9233,Contusion of finger
36232,Arterial branch occlus
19881,Second malig neo breast
67320,Ob pulm embol NOS-unspec
70441,Pilar cyst
9554,Inj musculocutan nerve
35801,Myasthna gravs w ac exac
1429,Mal neo salivary NOS
E8795,Abn react-gastric sound
64661,Gu infection-delivered
V2511,Insertion of iud
20264,Mal mastocytosis axilla
500,Coal workers' pneumocon
36350,Hered choroid atroph NOS
33379,Acq torsion dystonia NEC
17391,Basal cell ca skin NOS
V420,Kidney transplant status
98982,Toxic effect of latex
9534,Brachial plexus injury
71855,Ankylosis-pelvis
20941,Ben carcinoid duodenum
0469,Cns slow virus infec NOS
E912,Resp obstr-inhal obj NEC
V094,Inf mcrg rstn amnglcsds
36314,Metastat dissem retinit
38023,Chr otitis externa NEC
E9056,Venom sea animals/plants
5285,Diseases of lips
53131,Ac stomach ulc NOS-obstr
7581,Patau's syndrome
6982,Prurigo
7936,Nonsp abn fnd-abdom area
57401,Cholelith/ac gb inf-obst
E9530,Injury-hanging
8792,Opn wnd anterior abdomen
65240,Face/brow present-unspec
E0082,Racquet/hand sports
1456,Malig neo retromolar
V151,Hx-major cardiovasc surg
V1551,Hx traumatic fracture
67694,Lactat dis NOS-postpart
8439,Sprain hip & thigh NOS
94529,2nd deg burn leg-mult
53230,Acute duodenal ulcer NOS
82331,Fx fibula shaft-open
80175,Op skl base fx-deep coma
20023,Burkitt's tumor abdom
52472,Alveolar mandib hyprplas
V8402,Genetc sus mal neo ovary
V8545,"BMI 70 and over, adult"
36042,Blind hypertensive eye
V4289,Trnspl status organ NEC
E978,Legal execution
E9313,Adv eff quinoline
28865,Basophilia
936,FB in intestine & colon
80325,Cl skul fx NEC-deep coma
8901,Open wnd hip/thigh-compl
87352,Open wnd forehead-compl
5798,Intest malabsorption NEC
31321,Shyness disorder-child
94543,Deep 3rd deg burn ankle
80482,Opn skul/oth fx-brf coma
V0189,Communic dis contact NEC
64843,Mental disorder-antepart
09955,Ot VD chlm trch unspf gu
40391,Hyp kid NOS w cr kid V
32715,Hypersom dt mental disor
20040,Mantle cell lym xtrrndl
65563,Radiat fet damag-antepar
63580,Leg ab w compl NOS-unsp
70701,"Pressure ulcer, elbow"
20147,Hodg lymph-histio spleen
59659,Oth func dsdr bladder
E8157,Mv coll w obj-pedest
4760,Chronic laryngitis
7529,Genital organ anom NOS
67913,Fetal comp in utero-ante
29540,Schizophreniform dis NOS
0784,Foot & mouth disease
71625,Allerg arthritis-pelvis
17362,Squam cell ca skn up lmb
66201,Prolong 1st stage-deliv
71199,Inf arthritis NOS-mult
5920,Calculus of kidney
47831,Vocal paral unilat part
01280,Resp TB NEC-unspec
38503,Tympanoscler-all parts
65810,Prem rupt membran-unspec
7674,Spinal cord inj at birth
E8543,Acc poison-cns stimulant
65623,Abo isoimmunizat-antepar
0202,Septicemic plague
67682,Lactat dis NEC-del w p/p
09840,Gonococcal conjunctivit
36542,Glaucoma w iris anomaly
88012,Open wound axilla-compl
V2132,Low birthwt 500-999g
71990,Joint dis NOS-unspec jt
45919,Postphleb synd comp NEC
8024,Fx malar/maxillary-close
72280,Postlaminectomy synd NOS
90181,Inj intercostal art/vein
V595,Cornea donor
2911,Alcohol amnestic disordr
76413,Lt-date w/mal 750-999g
V4971,Status amput great toe
9751,Pois-smooth muscle relax
267,Ascorbic acid deficiency
E8714,Postendoscopy forgn body
66994,Compl deliv NOS-postpart
3081,"Stress reaction, fugue"
E9295,Late eff environment acc
V5844,Aftercare organ transplt
73319,Path fx oth specif site
6268,Menstrual disorder NEC
30780,Psychogenic pain NOS
6183,Uterovag prolaps-complet
85011,Concus-brief coma <31 mn
3560,Hered periph neuropathy
5758,Dis of gallbladder NEC
E8508,Acc poison-analgesic NEC
E8588,Acc poisoning-drug NEC
V4577,Acq absnce genital organ
01663,TB ovary & tube-micro dx
65103,Twin pregnancy-antepart
53370,Chronic peptic ulcer NOS
5119,Pleural effusion NOS
80133,Cl skul base fx-mod coma
28869,Elevated WBC count NEC
2102,Ben neo major salivary
E9960,War inj:dir nucl weapon
52512,Loss teeth d/t peri dis
2784,Hypervitaminosis d
71876,Dev disloc jt-lower leg
00847,Int inf oth grm neg bctr
99688,Comp tp organ-stem cell
2137,Ben neo long bones leg
51632,Idio non-spec inter pneu
66982,Compl del NEC-del w p/p
74923,Bilat clft palat/lip-com
7439,Eye anomaly NOS
63432,Spon ab w ren fail-comp
4377,Transient global amnesia
E0031,Ice hockey
43884,Ataxia
78261,Pallor
07952,Htlv-ii infectn oth dis
74306,Cryptophthalmos
71694,Arthropathy NOS-hand
65481,Abnormal vulva-delivered
71659,Polyarthritis NOS-mult
63792,Ab NOS uncomplicat-comp
71636,Climact arthritis-l/leg
09817,Acute gc salpingitis
7930,Nonsp abn fd-skull/head
99552,Child neglect-nutrition
71107,Pyogen arthritis-ankle
E8644,Acc poison-caustic NOS
94811,10-19% bdy brn/10-19% 3d
E9333,Adv eff alkalizing agent
0951,Syphilis of lung
81601,"Fx mid/prx phal, hand-cl"
37811,Monocular exotropia
01174,TB pneumothorax-cult dx
53783,Angio stm/dudn w hmrhg
65501,Fetal cns malform-deliv
E9179,Obj w-w/o sub fall NEC
80140,Cl sk base fx/br inj NEC
71850,Ankylosis-unspec
36551,Phacolytic glaucoma
E9930,War inj:aerial bomb
87331,Opn wnd nas septum-compl
9558,Inj mult nerve shldr/arm
09832,"Gc prostatitis, chronic"
3069,Psychogenic disorder NOS
70442,Trichilemmal cyst
36859,Color deficiency NEC
1916,Mal neo cerebellum NOS
81407,Fx capitate bone-closed
31282,Cndct dsrdr adlscnt onst
7271,Bunion
E0065,Jumping rope
0630,Russia spr-summer enceph
8679,Pelvic organ inj NOS-opn
80112,Cl skul base fx-brf coma
66494,Perin traum NOS-postpart
52562,Overhang dental restore
6228,Noninflam dis cervix NEC
7980,Sudden infant death synd
66221,Prolong 2nd stage-deliv
28244,Beta thalassemia
6960,Psoriatic arthropathy
9041,Inj superfic femoral art
82341,Torus fracture of fibula
73604,Varus deformity wrist
82520,Fx foot bone NOS-closed
85196,Opn brain lacer-coma NOS
75451,Talipes equinovarus
85406,Brain inj NEC-coma NOS
52340,Chronc periodontitis NOS
V8554,"BMI,pediatric >= 95%"
9107,Foreign body head-infect
V7262,Routine physicl lab exam
75553,Radioulnar synostosis
36644,Cataract w syndrome NEC
3556,Plantar nerve lesion
94331,3rd deg burn forearm
1833,Mal neo broad ligament
1390,Late eff viral encephal
71222,Pyrophosph cryst-up/arm
20412,Chr lymp leuk in relapse
41010,"AMI anterior wall,unspec"
30452,Hallucinogen dep-episod
2914,Pathologic alcohol intox
01214,TB thorax node-cult dx
80662,Fx sacr-cl/cauda inj NEC
7768,Transient hemat dis NEC
29284,Drug-induced mood disord
2122,Benign neo trachea
71616,Traum arthropathy-l/leg
27788,Tumor lysis syndrome
7831,Abnormal weight gain
74860,Lung anomaly NOS
9123,Blister shoulder/arm-inf
E9258,Electric current acc NEC
63651,Illeg abort w shock-inc
E8051,Hit by train-passenger
33985,Prim stabbing headache
38841,Diplacusis
1232,Taenia saginata infect
63731,Ab NOS w renal fail-inc
4590,Hemorrhage NOS
51901,Tracheostomy infection
2631,Malnutrition mild degree
65843,Amniotic infect-antepart
V2501,Prescrip-oral contracept
85232,Opn subdur hem-brf coma
0622,East equine encephalitis
20047,Mantle cell lymph spleen
73027,Osteomyelitis NOS-ankle
9138,Superf inj forearm NEC
94251,3rd burn w loss-breast
9533,Sacral root injury
V774,Screen for galactosemia
53150,Chr stomach ulcer w perf
38100,Ac nonsup otitis med NOS
V066,Nd vac strp pnumn/inflnz
01781,TB esophagus-no exam
62570,Vulvodynia NOS
5538,Hernia NEC
94117,1st deg burn face NEC
9934,Eff air press by explos
48819,Flu-2009 H1N1 w oth man
E9931,War inj:guided missile
52331,"Aggres periodontitis,loc"
07819,Oth specfd viral warts
67300,Ob air embolism-unspec
